AMGN,526570200,0.4036,0.4036,0.3568,0.3568,8.28e+06
AMGN,526656600,0.3568,0.3724,0.3281,0.3333,1.8576e+07
AMGN,526743000,0.3333,0.3333,0.3099,0.3255,2.00208e+07
AMGN,526829400,0.3255,0.3255,0.3177,0.3229,1.71264e+07
AMGN,526915800,0.3229,0.3255,0.2917,0.2943,1.3008e+07
AMGN,527175000,0.2943,0.3125,0.2891,0.2943,9.8352e+06
AMGN,527261400,0.2943,0.2943,0.2839,0.2891,6.8016e+06
AMGN,527347800,0.2891,0.3021,0.276,0.2943,1.9296e+07
AMGN,527434200,0.2943,0.3333,0.2943,0.3255,1.22016e+07
AMGN,527520600,0.3255,0.3411,0.3229,0.3411,9.7008e+06
AMGN,527779800,0.3411,0.3646,0.3385,0.3646,7.08e+06
AMGN,527866200,0.3646,0.388,0.3646,0.3802,1.42992e+07
AMGN,527952600,0.3802,0.3828,0.3646,0.3646,6.528e+06
AMGN,528039000,0.3646,0.3672,0.3464,0.3568,1.35456e+07
AMGN,528125400,0.3568,0.3646,0.349,0.3646,5.136e+06
AMGN,528384600,0.3646,0.3646,0.3542,0.3568,2.8656e+06
AMGN,528471000,0.3568,0.3724,0.3568,0.3646,6.0672e+06
AMGN,528557400,0.3646,0.388,0.3594,0.375,1.6032e+07
AMGN,528643800,0.375,0.3958,0.3724,0.388,5.3376e+06
AMGN,528730200,0.388,0.4062,0.388,0.3906,8.5632e+06
AMGN,528989400,0.3906,0.3958,0.388,0.388,1.0608e+06
AMGN,529075800,0.388,0.3906,0.3646,0.3724,2.928e+06
AMGN,529162200,0.3724,0.3854,0.3672,0.3724,2.3904e+06
AMGN,529248600,0.3724,0.3802,0.3672,0.3724,2.0256e+06
AMGN,529335000,0.3724,0.3854,0.3646,0.3802,2.5104e+06
AMGN,529594200,0.3802,0.388,0.3802,0.388,676800
AMGN,529680600,0.388,0.3958,0.3854,0.3854,4.1376e+06
AMGN,529767000,0.3854,0.388,0.3594,0.375,3.0768e+06
AMGN,529853400,0.375,0.3828,0.3672,0.3724,1.3584e+06
AMGN,529939800,0.3724,0.3776,0.3672,0.375,1.752e+06
AMGN,530199000,0.375,0.3776,0.3568,0.3672,2.6064e+06
AMGN,530285400,0.3672,0.3776,0.3646,0.3776,1.6752e+06
AMGN,530371800,0.3776,0.388,0.3724,0.388,1.8432e+06
AMGN,530458200,0.388,0.4062,0.388,0.4062,4.3488e+06
AMGN,530544600,0.4062,0.4349,0.4062,0.4297,7.1088e+06
AMGN,530807400,0.4297,0.4427,0.4219,0.4375,5.088e+06
AMGN,530893800,0.4375,0.4766,0.4375,0.4766,1.20816e+07
AMGN,530980200,0.4766,0.4792,0.4505,0.4583,7.1088e+06
AMGN,531066600,0.4583,0.4714,0.4583,0.4609,4.0848e+06
AMGN,531153000,0.4609,0.4792,0.4609,0.4714,2.5632e+06
AMGN,531412200,0.4714,0.4766,0.4583,0.4609,2.7264e+06
AMGN,531498600,0.4583,0.4583,0.4141,0.4375,1.69824e+07
AMGN,531585000,0.4375,0.4453,0.4193,0.4193,6.9264e+06
AMGN,531671400,0.4167,0.4167,0.388,0.388,9.0528e+06
AMGN,531757800,0.388,0.3958,0.3854,0.388,5.8032e+06
AMGN,532017000,0.388,0.4297,0.3854,0.4297,8.1696e+06
AMGN,532103400,0.4401,0.4896,0.4401,0.4844,1.74048e+07
AMGN,532189800,0.4844,0.5,0.4714,0.4818,1.37184e+07
AMGN,532276200,0.4818,0.5052,0.4792,0.4844,1.30512e+07
AMGN,532362600,0.4844,0.4896,0.4766,0.4792,4.6272e+06
AMGN,532621800,0.4792,0.4792,0.4583,0.4609,3.6528e+06
AMGN,532708200,0.4609,0.4609,0.4427,0.4479,6.9312e+06
AMGN,532794600,0.4479,0.4583,0.4453,0.4583,7.7328e+06
AMGN,532881000,0.4583,0.4818,0.4583,0.4818,4.32e+06
AMGN,532967400,0.4818,0.4974,0.4818,0.4818,4.5312e+06
AMGN,533226600,0.4844,0.5026,0.4844,0.5,4.6512e+06
AMGN,533313000,0.5,0.5078,0.4922,0.4922,3.8496e+06
AMGN,533399400,0.4922,0.4974,0.4896,0.4974,2.7264e+06
AMGN,533572200,0.4974,0.4974,0.4896,0.4974,782400
AMGN,533831400,0.4922,0.4922,0.4688,0.474,7.9104e+06
AMGN,533917800,0.474,0.474,0.4609,0.4661,6.72e+06
AMGN,534004200,0.4661,0.4688,0.4453,0.4531,6.1584e+06
AMGN,534090600,0.4531,0.4583,0.4531,0.4583,3.168e+06
AMGN,534177000,0.4583,0.4688,0.4531,0.4583,8.8848e+06
AMGN,534436200,0.4583,0.4583,0.4401,0.4505,4.344e+06
AMGN,534522600,0.4688,0.4688,0.4427,0.4427,5.2656e+06
AMGN,534609000,0.4427,0.4427,0.4167,0.4219,9.504e+06
AMGN,534695400,0.4219,0.4271,0.4167,0.4193,7.2912e+06
AMGN,534781800,0.4141,0.4141,0.3958,0.4089,6.552e+06
AMGN,535041000,0.4089,0.4141,0.388,0.4141,8.1504e+06
AMGN,535127400,0.4167,0.4297,0.4167,0.4297,5.1552e+06
AMGN,535213800,0.4297,0.4375,0.4141,0.4167,5.7744e+06
AMGN,535300200,0.4167,0.4193,0.4115,0.4141,4.4784e+06
AMGN,535386600,0.4167,0.4297,0.4167,0.4271,4.0992e+06
AMGN,535645800,0.4271,0.4479,0.4271,0.4427,4.3008e+06
AMGN,535732200,0.4427,0.4583,0.4427,0.4531,7.4112e+06
AMGN,535818600,0.4531,0.4818,0.4505,0.4792,3.9024e+06
AMGN,535991400,0.4792,0.4896,0.4766,0.4792,4.5024e+06
AMGN,536250600,0.4792,0.4818,0.4714,0.474,6.7872e+06
AMGN,536337000,0.474,0.474,0.4661,0.4688,8.184e+06
AMGN,536423400,0.4688,0.474,0.4583,0.4583,8.9472e+06
AMGN,536596200,0.4609,0.4922,0.4609,0.4922,3.168e+06
AMGN,536855400,0.4922,0.5443,0.4896,0.5417,1.22208e+07
AMGN,536941800,0.5417,0.5729,0.5391,0.5547,2.08176e+07
AMGN,537028200,0.5547,0.5755,0.5521,0.5521,1.16688e+07
AMGN,537114600,0.5833,0.6068,0.5833,0.5859,2.9088e+07
AMGN,537201000,0.5859,0.5859,0.5521,0.5547,1.81296e+07
AMGN,537460200,0.5547,0.5781,0.5469,0.5781,7.9056e+06
AMGN,537546600,0.5781,0.5781,0.5599,0.5651,8.6304e+06
AMGN,537633000,0.5651,0.5729,0.5599,0.5651,8.6352e+06
AMGN,537719400,0.5651,0.5781,0.5599,0.5651,1.16832e+07
AMGN,537805800,0.5651,0.5651,0.5208,0.5286,1.07904e+07
AMGN,538065000,0.5286,0.5703,0.5078,0.5677,1.16688e+07
AMGN,538151400,0.5677,0.5833,0.5521,0.5547,1.11888e+07
AMGN,538237800,0.5547,0.5599,0.5365,0.5469,4.368e+06
AMGN,538324200,0.5469,0.5755,0.5443,0.5729,5.664e+06
AMGN,538410600,0.5729,0.5833,0.5365,0.5417,7.8672e+06
AMGN,538669800,0.5365,0.5365,0.5156,0.5156,8.7888e+06
AMGN,538756200,0.5156,0.5443,0.513,0.5443,1.70976e+07
AMGN,538842600,0.5443,0.5521,0.5339,0.5521,3.912e+06
AMGN,538929000,0.5521,0.5599,0.5312,0.5312,7.8528e+06
AMGN,539015400,0.5365,0.5469,0.5365,0.5443,1.37232e+07
AMGN,539274600,0.5443,0.5443,0.5365,0.5391,9.6576e+06
AMGN,539361000,0.5417,0.5521,0.5417,0.5417,6.336e+06
AMGN,539447400,0.5443,0.5938,0.5443,0.5729,8.4432e+06
AMGN,539533800,0.5938,0.6042,0.5755,0.5859,1.54752e+07
AMGN,539620200,0.5833,0.6094,0.5833,0.6068,9.8928e+06
AMGN,539879400,0.6068,0.6641,0.6016,0.6562,1.66272e+07
AMGN,539965800,0.6562,0.6875,0.638,0.6406,2.20368e+07
AMGN,540052200,0.6406,0.6849,0.638,0.6797,1.23408e+07
AMGN,540138600,0.6797,0.7005,0.6797,0.6979,1.71792e+07
AMGN,540225000,0.6979,0.7083,0.6849,0.7031,8.136e+06
AMGN,540570600,0.7031,0.724,0.7031,0.7109,9.1488e+06
AMGN,540657000,0.7109,0.7188,0.6979,0.7161,1.0968e+07
AMGN,540743400,0.7161,0.724,0.6927,0.7083,7.1088e+06
AMGN,540829800,0.7083,0.7109,0.6979,0.7083,8.2128e+06
AMGN,541089000,0.7083,0.7135,0.6953,0.7005,8.2848e+06
AMGN,541175400,0.7161,0.7161,0.7005,0.7083,5.5536e+06
AMGN,541261800,0.7083,0.7604,0.7031,0.7604,1.33296e+07
AMGN,541348200,0.7604,0.7943,0.7604,0.7943,2.52912e+07
AMGN,541434600,0.7943,0.7943,0.7812,0.7812,2.14464e+07
AMGN,541693800,0.7812,0.7865,0.7578,0.7708,2.184e+07
AMGN,541780200,0.763,0.763,0.7031,0.7292,1.356e+07
AMGN,541866600,0.7292,0.7422,0.724,0.7292,6.4224e+06
AMGN,541953000,0.7292,0.7292,0.6979,0.7005,9.8496e+06
AMGN,542039400,0.7005,0.7604,0.6849,0.7422,1.61328e+07
AMGN,542298600,0.7422,0.7786,0.7292,0.7708,2.47152e+07
AMGN,542385000,0.7708,0.8099,0.7708,0.8099,2.0496e+07
AMGN,542471400,0.8099,0.8411,0.7943,0.8333,1.73376e+07
AMGN,542557800,0.8333,0.9297,0.8333,0.9141,2.72256e+07
AMGN,542644200,0.9141,0.9271,0.8411,0.849,2.77728e+07
AMGN,542903400,0.849,0.8854,0.8255,0.8802,1.07472e+07
AMGN,542989800,0.888,0.9297,0.888,0.9271,2.59632e+07
AMGN,543076200,0.9271,0.9297,0.8802,0.8854,1.04592e+07
AMGN,543162600,0.8854,0.8958,0.8802,0.888,3.9072e+06
AMGN,543249000,0.888,0.9115,0.8672,0.8672,1.54272e+07
AMGN,543508200,0.8646,0.8646,0.8359,0.8542,1.09056e+07
AMGN,543594600,0.8542,0.8646,0.849,0.8646,4.8384e+06
AMGN,543681000,0.8646,0.8672,0.8333,0.8646,6.4848e+06
AMGN,543767400,0.8646,0.8802,0.8411,0.8411,1.44912e+07
AMGN,543853800,0.8411,0.849,0.8359,0.849,1.65456e+07
AMGN,544113000,0.8359,0.8359,0.8021,0.8099,8.0592e+06
AMGN,544199400,0.8099,0.8099,0.7943,0.8021,8.6112e+06
AMGN,544285800,0.7943,0.7943,0.7708,0.7943,8.2512e+06
AMGN,544372200,0.7943,0.8177,0.7943,0.8047,5.5968e+06
AMGN,544458600,0.8047,0.8359,0.8021,0.8359,3.7536e+06
AMGN,544714200,0.8359,0.8568,0.8359,0.849,2.6112e+06
AMGN,544800600,0.849,0.849,0.7865,0.7865,1.07952e+07
AMGN,544887000,0.7865,0.8229,0.7865,0.8047,5.9664e+06
AMGN,544973400,0.8047,0.8177,0.8021,0.8099,9.8016e+06
AMGN,545059800,0.8099,0.8229,0.8047,0.8099,1.7664e+06
AMGN,545319000,0.8099,0.8229,0.7917,0.7943,5.328e+06
AMGN,545405400,0.7865,0.7865,0.6797,0.7109,1.30224e+07
AMGN,545491800,0.7109,0.7318,0.7005,0.7109,3.90576e+07
AMGN,545578200,0.724,0.8229,0.724,0.7943,4.11552e+07
AMGN,545923800,0.7943,0.8021,0.7708,0.7812,1.1232e+07
AMGN,546010200,0.7812,0.7812,0.7422,0.7812,9.8832e+06
AMGN,546096600,0.7812,0.8125,0.7812,0.7812,1.8816e+07
AMGN,546183000,0.7786,0.8099,0.7786,0.8021,1.73472e+07
AMGN,546269400,0.8021,0.8021,0.7865,0.7865,1.31568e+07
AMGN,546528600,0.7865,0.8021,0.7708,0.7943,7.0464e+06
AMGN,546615000,0.7943,0.8099,0.7917,0.7943,4.368e+06
AMGN,546701400,0.7943,0.8047,0.7943,0.7943,3.4992e+06
AMGN,546787800,0.7943,0.8255,0.7943,0.8255,1.53744e+07
AMGN,546874200,0.8255,0.8724,0.8229,0.8646,1.608e+07
AMGN,547133400,0.8646,0.8672,0.8229,0.8542,1.13808e+07
AMGN,547219800,0.8542,0.8724,0.849,0.8568,6.8688e+06
AMGN,547306200,0.8542,0.8542,0.8099,0.8333,6.3984e+06
AMGN,547392600,0.8333,0.8359,0.7865,0.7865,1.23504e+07
AMGN,547479000,0.7891,0.8099,0.7891,0.8021,9.744e+06
AMGN,547738200,0.8021,0.8177,0.7786,0.7812,4.9392e+06
AMGN,547824600,0.7812,0.8177,0.763,0.8099,6.4032e+06
AMGN,547911000,0.8099,0.8568,0.8047,0.8411,6.432e+06
AMGN,547997400,0.8411,0.8542,0.8229,0.8255,7.9968e+06
AMGN,548083800,0.8255,0.8359,0.8047,0.8229,3.1056e+06
AMGN,548343000,0.8229,0.8255,0.8021,0.8255,4.3344e+06
AMGN,548429400,0.8255,0.8333,0.7865,0.7865,4.1184e+06
AMGN,548515800,0.7865,0.7943,0.763,0.7917,7.1232e+06
AMGN,548602200,0.7917,0.8047,0.7865,0.7943,3.6384e+06
AMGN,548688600,0.7943,0.8099,0.763,0.7786,5.4384e+06
AMGN,549034200,0.7865,0.8099,0.7865,0.8021,2.9712e+06
AMGN,549120600,0.8021,0.8229,0.8021,0.8177,2.6928e+06
AMGN,549207000,0.8177,0.8672,0.8099,0.8646,1.36944e+07
AMGN,549293400,0.8646,0.8958,0.8438,0.8438,1.47072e+07
AMGN,549552600,0.7943,0.7943,0.724,0.7865,5.49024e+07
AMGN,549639000,0.7917,0.8099,0.7917,0.8047,1.18656e+07
AMGN,549725400,0.8047,0.8411,0.8047,0.8359,8.8704e+06
AMGN,549811800,0.8359,0.8542,0.8359,0.8542,6.4368e+06
AMGN,549898200,0.8542,0.8568,0.8255,0.8333,6.0192e+06
AMGN,550157400,0.8333,0.8359,0.8177,0.8333,4.3392e+06
AMGN,550243800,0.8333,0.8359,0.8177,0.8229,5.4048e+06
AMGN,550330200,0.8229,0.8411,0.8177,0.8359,6.2928e+06
AMGN,550416600,0.8359,0.8411,0.8333,0.8359,3.3984e+06
AMGN,550503000,0.8359,0.8411,0.8333,0.8359,2.1456e+06
AMGN,550762200,0.8359,0.8411,0.7917,0.8099,6.288e+06
AMGN,550848600,0.8099,0.8177,0.7865,0.7917,5.1648e+06
AMGN,550935000,0.7917,0.8021,0.7865,0.7917,9.816e+06
AMGN,551021400,0.7917,0.8177,0.7708,0.8177,4.2e+06
AMGN,551107800,0.8229,0.8411,0.8229,0.8333,5.6928e+06
AMGN,551367000,0.8333,0.8359,0.8229,0.8229,4.1952e+06
AMGN,551453400,0.8229,0.8255,0.8021,0.8177,6.2736e+06
AMGN,551539800,0.8177,0.8177,0.8021,0.8047,1.2432e+06
AMGN,551626200,0.8047,0.8099,0.8021,0.8047,1.632e+06
AMGN,551712600,0.8047,0.8099,0.7917,0.8021,3.6432e+06
AMGN,551971800,0.8021,0.8047,0.7917,0.7943,4.2912e+06
AMGN,552058200,0.7943,0.7943,0.7865,0.7943,2.1168e+06
AMGN,552144600,0.7943,0.7943,0.6146,0.6615,1.648752e+08
AMGN,552231000,0.6667,0.6927,0.6667,0.6771,6.34896e+07
AMGN,552576600,0.6771,0.6849,0.6536,0.6536,1.89456e+07
AMGN,552663000,0.6458,0.6458,0.5755,0.5859,4.60944e+07
AMGN,552749400,0.5859,0.6068,0.5859,0.6068,2.5416e+07
AMGN,552835800,0.6068,0.6172,0.6042,0.6068,9.312e+06
AMGN,552922200,0.6068,0.6146,0.5833,0.5859,1.00176e+07
AMGN,553181400,0.5859,0.5911,0.5755,0.5859,6.3168e+06
AMGN,553267800,0.5859,0.5859,0.5312,0.5547,2.87088e+07
AMGN,553354200,0.5547,0.5677,0.5417,0.5677,1.86528e+07
AMGN,553440600,0.5677,0.6068,0.5547,0.5964,2.0352e+07
AMGN,553527000,0.5964,0.6068,0.5911,0.5911,5.6688e+06
AMGN,553786200,0.5911,0.599,0.5755,0.5859,5.5056e+06
AMGN,553872600,0.5859,0.5859,0.5729,0.5833,5.3808e+06
AMGN,553959000,0.5833,0.6068,0.5755,0.5833,8.0064e+06
AMGN,554045400,0.5833,0.5859,0.5677,0.5755,6.984e+06
AMGN,554131800,0.5755,0.5755,0.5677,0.5729,4.0368e+06
AMGN,554391000,0.5729,0.5729,0.5547,0.5547,3.0384e+06
AMGN,554477400,0.5547,0.5677,0.5547,0.5677,3.8016e+06
AMGN,554563800,0.5677,0.5677,0.5547,0.5599,3.8448e+06
AMGN,554650200,0.5599,0.5729,0.5547,0.5729,6.624e+06
AMGN,554736600,0.5729,0.6172,0.5729,0.6172,1.05888e+07
AMGN,554995800,0.6172,0.6172,0.6042,0.6042,4.9632e+06
AMGN,555082200,0.6042,0.6146,0.6042,0.6068,4.4688e+06
AMGN,555168600,0.6068,0.6146,0.599,0.6068,3.8736e+06
AMGN,555255000,0.6068,0.638,0.6068,0.6354,9.2448e+06
AMGN,555341400,0.6458,0.6849,0.6458,0.6771,1.32288e+07
AMGN,555600600,0.6771,0.7109,0.6693,0.7083,8.3568e+06
AMGN,555687000,0.7083,0.7266,0.7005,0.7109,2.08368e+07
AMGN,555773400,0.7109,0.7161,0.6849,0.6927,8.7264e+06
AMGN,555859800,0.6927,0.6979,0.6615,0.6693,4.6752e+06
AMGN,555946200,0.6693,0.6771,0.6562,0.6693,2.9904e+06
AMGN,556205400,0.6693,0.6771,0.6354,0.6693,7.3536e+06
AMGN,556291800,0.6693,0.6849,0.6562,0.6667,4.248e+06
AMGN,556378200,0.6667,0.6693,0.6458,0.6615,4.3776e+06
AMGN,556464600,0.6615,0.6667,0.6536,0.6615,2.1552e+06
AMGN,556551000,0.6615,0.6693,0.6536,0.6667,6.192e+06
AMGN,556810200,0.6667,0.6667,0.6224,0.6224,4.3248e+06
AMGN,556896600,0.6224,0.6562,0.6224,0.6562,8.4432e+06
AMGN,556983000,0.6562,0.6667,0.6458,0.6667,3.5856e+06
AMGN,557069400,0.6667,0.6979,0.6562,0.6562,6.84e+06
AMGN,557155800,0.6562,0.6562,0.6354,0.6458,8.3472e+06
AMGN,557415000,0.6458,0.6693,0.638,0.6667,7.7904e+06
AMGN,557501400,0.6667,0.6849,0.6615,0.6693,9.504e+06
AMGN,557587800,0.6693,0.6797,0.6536,0.6693,3.4464e+06
AMGN,557674200,0.6693,0.6693,0.6562,0.6615,1.8624e+06
AMGN,557760600,0.6615,0.6615,0.638,0.6458,1.6752e+06
AMGN,558106200,0.6458,0.6458,0.6146,0.6328,4.7952e+06
AMGN,558192600,0.6328,0.6354,0.6302,0.6354,7.5552e+06
AMGN,558279000,0.6354,0.6354,0.6302,0.6354,8.1504e+06
AMGN,558365400,0.6354,0.6693,0.6224,0.6667,1.45872e+07
AMGN,558624600,0.6667,0.6771,0.6667,0.6693,6.9648e+06
AMGN,558711000,0.6693,0.6797,0.6536,0.6693,1.64544e+07
AMGN,558797400,0.6693,0.6771,0.6667,0.6667,7.488e+06
AMGN,558883800,0.6667,0.6771,0.6667,0.6693,1.3728e+06
AMGN,558970200,0.6693,0.6771,0.6667,0.6667,2.3472e+06
AMGN,559229400,0.6667,0.6849,0.6667,0.6693,2.376e+06
AMGN,559315800,0.6693,0.6771,0.6615,0.6693,2.3472e+06
AMGN,559402200,0.6693,0.6797,0.6615,0.6667,1.34208e+07
AMGN,559488600,0.6667,0.6771,0.6536,0.6615,3.6672e+06
AMGN,559575000,0.6615,0.6615,0.6458,0.6562,5.9184e+06
AMGN,559834200,0.6562,0.6562,0.638,0.6458,3.3744e+06
AMGN,559920600,0.6458,0.6615,0.638,0.6562,8.8224e+06
AMGN,560007000,0.6562,0.6927,0.6562,0.6797,1.17072e+07
AMGN,560093400,0.6797,0.7161,0.6771,0.7109,1.42464e+07
AMGN,560179800,0.7109,0.7604,0.7109,0.7474,1.47216e+07
AMGN,560439000,0.7604,0.7812,0.7604,0.776,1.10496e+07
AMGN,560525400,0.7812,0.7812,0.7552,0.7552,1.02864e+07
AMGN,560611800,0.7552,0.7604,0.724,0.7318,7.104e+06
AMGN,560698200,0.7318,0.7422,0.7083,0.7161,4.128e+06
AMGN,560784600,0.7161,0.724,0.6797,0.6927,5.6496e+06
AMGN,561043800,0.6927,0.6927,0.6693,0.6849,6.6576e+06
AMGN,561130200,0.6849,0.7005,0.6797,0.6979,3.4272e+06
AMGN,561216600,0.6979,0.7005,0.6849,0.7005,1.6992e+06
AMGN,561303000,0.6979,0.6979,0.6771,0.6797,9.6576e+06
AMGN,561389400,0.6797,0.6797,0.5755,0.599,1.38528e+07
AMGN,561648600,0.5833,0.5833,0.4896,0.4896,1.94496e+07
AMGN,561735000,0.4896,0.5,0.375,0.4167,1.21488e+07
AMGN,561821400,0.4193,0.4896,0.4193,0.4688,2.21712e+07
AMGN,561907800,0.4688,0.4688,0.4271,0.4479,1.34592e+07
AMGN,561994200,0.4479,0.4479,0.4062,0.4167,2.18592e+07
AMGN,562257000,0.4115,0.4115,0.3333,0.3385,8.9568e+06
AMGN,562343400,0.349,0.3646,0.349,0.3594,9.312e+06
AMGN,562429800,0.3594,0.4609,0.3568,0.4505,2.064e+07
AMGN,562516200,0.4505,0.474,0.3958,0.474,1.32912e+07
AMGN,562602600,0.5052,0.5547,0.5052,0.5547,1.74864e+07
AMGN,562861800,0.5547,0.6068,0.5312,0.599,1.14144e+07
AMGN,562948200,0.599,0.6042,0.5208,0.5365,1.49856e+07
AMGN,563034600,0.5312,0.5312,0.4896,0.5208,1.02432e+07
AMGN,563121000,0.5208,0.5729,0.513,0.5599,1.04592e+07
AMGN,563207400,0.5599,0.5677,0.5417,0.5521,5.9856e+06
AMGN,563466600,0.5521,0.5547,0.5208,0.5443,6.216e+06
AMGN,563553000,0.5443,0.5443,0.513,0.513,7.6464e+06
AMGN,563639400,0.5208,0.5521,0.5208,0.5365,3.288e+06
AMGN,563725800,0.5365,0.5521,0.474,0.4922,1.36512e+07
AMGN,563812200,0.4922,0.5417,0.4922,0.5208,2.0016e+07
AMGN,564071400,0.5208,0.5417,0.513,0.5365,4.4976e+06
AMGN,564157800,0.5365,0.5365,0.4922,0.5104,3.264e+06
AMGN,564244200,0.5104,0.5208,0.5,0.5208,3.264e+06
AMGN,564330600,0.5208,0.5208,0.4896,0.4896,5.544e+06
AMGN,564417000,0.4896,0.4896,0.4583,0.4792,7.7856e+06
AMGN,564676200,0.4792,0.4896,0.4583,0.4896,4.3584e+06
AMGN,564762600,0.4896,0.513,0.4896,0.5052,4.5072e+06
AMGN,564849000,0.5052,0.5104,0.4792,0.4792,2.6592e+06
AMGN,565021800,0.4792,0.4818,0.4583,0.4583,1.6992e+06
AMGN,565281000,0.4583,0.4583,0.4062,0.4427,1.17648e+07
AMGN,565367400,0.4427,0.4688,0.4427,0.4583,5.0784e+06
AMGN,565453800,0.4583,0.4792,0.4479,0.4609,8.7696e+06
AMGN,565540200,0.4609,0.4818,0.4297,0.4375,4.0992e+06
AMGN,565626600,0.4375,0.4688,0.4271,0.4583,6.8688e+06
AMGN,565885800,0.4583,0.5052,0.4505,0.4896,5.0688e+06
AMGN,565972200,0.4922,0.5208,0.4922,0.513,1.17024e+07
AMGN,566058600,0.513,0.5443,0.5104,0.5443,5.2368e+06
AMGN,566145000,0.5443,0.5677,0.5104,0.5417,1.31568e+07
AMGN,566231400,0.5417,0.5521,0.5312,0.5417,7.2912e+06
AMGN,566490600,0.5417,0.5833,0.5365,0.5833,1.17744e+07
AMGN,566577000,0.5833,0.599,0.5755,0.5833,9.0432e+06
AMGN,566663400,0.5833,0.6224,0.5833,0.6146,7.4016e+06
AMGN,566749800,0.6146,0.6172,0.5911,0.6068,8.9328e+06
AMGN,566836200,0.6068,0.6172,0.599,0.6172,3.6624e+06
AMGN,567095400,0.6198,0.6198,0.6042,0.6042,4.848e+06
AMGN,567181800,0.6146,0.6146,0.599,0.6094,3.5808e+06
AMGN,567268200,0.6094,0.6562,0.599,0.6458,9.7488e+06
AMGN,567354600,0.6458,0.651,0.6354,0.6458,3.168e+06
AMGN,567700200,0.6354,0.6458,0.6042,0.6094,4.032e+06
AMGN,567786600,0.6146,0.625,0.6094,0.6198,4.1328e+06
AMGN,567873000,0.625,0.6406,0.6198,0.6302,6.0624e+06
AMGN,567959400,0.6302,0.651,0.625,0.6458,3.3744e+06
AMGN,568305000,0.651,0.6719,0.6458,0.6719,7.8096e+06
AMGN,568391400,0.6927,0.7135,0.6823,0.6875,1.21488e+07
AMGN,568477800,0.6927,0.7057,0.6771,0.7031,5.4e+06
AMGN,568564200,0.6823,0.7214,0.6771,0.7135,9.2736e+06
AMGN,568650600,0.7135,0.7188,0.6562,0.6615,2.03904e+07
AMGN,568909800,0.651,0.6823,0.6458,0.6823,1.75632e+07
AMGN,568996200,0.6823,0.6875,0.6458,0.6667,1.81728e+07
AMGN,569082600,0.6562,0.6667,0.6406,0.6615,7.728e+06
AMGN,569169000,0.6667,0.6823,0.6458,0.6458,5.6256e+06
AMGN,569255400,0.6823,0.6901,0.6615,0.6667,1.31232e+07
AMGN,569514600,0.6562,0.6667,0.6458,0.6667,3.984e+06
AMGN,569601000,0.6562,0.6667,0.651,0.6562,8.7408e+06
AMGN,569687400,0.6562,0.6615,0.625,0.625,2.22432e+07
AMGN,569773800,0.6406,0.651,0.625,0.6432,9.1104e+06
AMGN,569860200,0.6406,0.7031,0.6406,0.6875,1.05312e+07
AMGN,570119400,0.6875,0.7031,0.6771,0.6927,9.3408e+06
AMGN,570205800,0.6875,0.6875,0.6771,0.6771,6.5472e+06
AMGN,570292200,0.6823,0.6823,0.6667,0.6719,3.9456e+06
AMGN,570378600,0.6719,0.6823,0.6667,0.6771,2.8608e+06
AMGN,570465000,0.6771,0.6823,0.6719,0.6771,6.1056e+06
AMGN,570724200,0.6719,0.6875,0.6719,0.6771,4.5456e+06
AMGN,570810600,0.6771,0.6771,0.651,0.651,1.33296e+07
AMGN,570897000,0.651,0.6562,0.6354,0.6458,1.70976e+07
AMGN,570983400,0.6406,0.6458,0.6146,0.6354,1.27008e+07
AMGN,571069800,0.6406,0.6432,0.6302,0.6354,6.9072e+06
AMGN,571329000,0.6302,0.6406,0.6146,0.6328,4.2912e+06
AMGN,571415400,0.6354,0.6458,0.6302,0.6458,1.728e+06
AMGN,571501800,0.6458,0.6823,0.6406,0.6771,5.7264e+06
AMGN,571588200,0.6823,0.6927,0.6719,0.6823,3.0288e+06
AMGN,571674600,0.6823,0.6875,0.6745,0.6771,2.376e+06
AMGN,572020200,0.6719,0.6875,0.6719,0.6849,3.288e+06
AMGN,572106600,0.6875,0.6901,0.6719,0.6719,3.72e+06
AMGN,572193000,0.6719,0.6771,0.6667,0.6667,2.2416e+06
AMGN,572279400,0.6667,0.6927,0.6667,0.6927,4.4016e+06
AMGN,572538600,0.6927,0.6927,0.6719,0.6771,3.4416e+06
AMGN,572625000,0.6823,0.724,0.6823,0.7135,1.26192e+07
AMGN,572711400,0.7188,0.7552,0.7188,0.7448,1.70928e+07
AMGN,572797800,0.7448,0.7448,0.6719,0.7031,3.46992e+07
AMGN,572884200,0.6979,0.7083,0.6927,0.7031,1.02384e+07
AMGN,573143400,0.7083,0.7083,0.6875,0.6927,5.6064e+06
AMGN,573229800,0.7031,0.7031,0.6719,0.6823,5.6592e+06
AMGN,573316200,0.6823,0.6979,0.6771,0.6927,3.4752e+06
AMGN,573402600,0.6875,0.7083,0.6875,0.6875,7.896e+06
AMGN,573489000,0.6927,0.6927,0.6458,0.6875,1.3776e+07
AMGN,573748200,0.6875,0.7083,0.6823,0.7083,8.664e+06
AMGN,573834600,0.7083,0.7318,0.7083,0.7292,1.05312e+07
AMGN,573921000,0.7344,0.75,0.724,0.7344,9.0816e+06
AMGN,574007400,0.7344,0.7396,0.7083,0.7083,9.5856e+06
AMGN,574093800,0.7135,0.7135,0.6719,0.6979,9.7008e+06
AMGN,574353000,0.6927,0.6979,0.6771,0.6823,4.5504e+06
AMGN,574439400,0.6875,0.6875,0.6562,0.6615,3.3792e+06
AMGN,574525800,0.6719,0.6771,0.651,0.6771,9.1632e+06
AMGN,574612200,0.6771,0.6875,0.6719,0.6823,2.1744e+06
AMGN,574698600,0.6823,0.6927,0.6771,0.6927,1.4928e+06
AMGN,574957800,0.6875,0.6979,0.6771,0.6979,5.1408e+06
AMGN,575044200,0.6875,0.7031,0.6875,0.7031,1.9824e+06
AMGN,575130600,0.6979,0.7083,0.6979,0.7031,4.992e+06
AMGN,575217000,0.7031,0.7031,0.6927,0.6979,9.768e+06
AMGN,575303400,0.6979,0.7188,0.6927,0.6979,7.3056e+06
AMGN,575562600,0.6979,0.7031,0.6927,0.6979,3.1632e+06
AMGN,575649000,0.7031,0.7031,0.6875,0.6875,4.1616e+06
AMGN,575735400,0.6875,0.7031,0.6771,0.6771,2.7984e+06
AMGN,575821800,0.6771,0.6823,0.6562,0.6719,4.5168e+06
AMGN,576163800,0.6667,0.6719,0.6458,0.6458,4.368e+06
AMGN,576250200,0.651,0.651,0.6172,0.6354,1.00464e+07
AMGN,576336600,0.6354,0.6406,0.6146,0.625,5.6064e+06
AMGN,576423000,0.6302,0.6354,0.612,0.612,1.2672e+07
AMGN,576509400,0.6198,0.6302,0.6094,0.625,1.11504e+07
AMGN,576768600,0.6302,0.6406,0.625,0.6406,1.6632e+07
AMGN,576855000,0.6406,0.6406,0.6198,0.6406,7.7568e+06
AMGN,576941400,0.6354,0.6458,0.6302,0.6406,8.1504e+06
AMGN,577027800,0.625,0.6406,0.6198,0.625,6.792e+06
AMGN,577114200,0.6198,0.625,0.5911,0.6198,1.22544e+07
AMGN,577373400,0.6094,0.6146,0.5781,0.5938,1.37424e+07
AMGN,577459800,0.5938,0.612,0.5885,0.5938,9.312e+06
AMGN,577546200,0.5885,0.5885,0.5521,0.5755,2.1e+07
AMGN,577632600,0.5781,0.5833,0.5625,0.5677,9.216e+06
AMGN,577719000,0.5781,0.5833,0.5729,0.5729,6.0624e+06
AMGN,577978200,0.5833,0.599,0.5833,0.5938,4.68e+06
AMGN,578064600,0.599,0.6094,0.5938,0.6042,3.0624e+06
AMGN,578151000,0.6094,0.6146,0.6042,0.6042,6.5664e+06
AMGN,578237400,0.6042,0.6198,0.6042,0.6094,3.792e+06
AMGN,578323800,0.6198,0.6198,0.6042,0.6094,1.968e+06
AMGN,578583000,0.6094,0.6146,0.599,0.6042,2.88e+06
AMGN,578669400,0.6094,0.6146,0.5938,0.6146,4.1808e+06
AMGN,578755800,0.6198,0.6302,0.6094,0.6172,7.7472e+06
AMGN,578842200,0.6198,0.6198,0.599,0.6016,8.1984e+06
AMGN,578928600,0.599,0.6146,0.5781,0.5833,9.4896e+06
AMGN,579187800,0.5781,0.5885,0.5781,0.5833,4.776e+06
AMGN,579274200,0.5781,0.5938,0.5573,0.5677,7.3296e+06
AMGN,579360600,0.5625,0.5677,0.5521,0.5625,5.0016e+06
AMGN,579447000,0.5625,0.5833,0.5625,0.5729,7.4016e+06
AMGN,579533400,0.5833,0.5938,0.5781,0.5938,5.8464e+06
AMGN,579792600,0.5885,0.6146,0.5885,0.6094,8.5392e+06
AMGN,579879000,0.6146,0.6198,0.5833,0.5833,4.7904e+06
AMGN,579965400,0.5833,0.5885,0.5521,0.5677,6.1536e+06
AMGN,580051800,0.5677,0.5677,0.5469,0.5625,1.17696e+07
AMGN,580138200,0.5573,0.5677,0.5521,0.5625,3.3984e+06
AMGN,580397400,0.5521,0.5573,0.5312,0.5469,1.03968e+07
AMGN,580483800,0.5365,0.5677,0.5365,0.5625,5.928e+06
AMGN,580570200,0.5729,0.5833,0.5625,0.5781,6.336e+06
AMGN,580656600,0.5781,0.599,0.5729,0.5885,9.6e+06
AMGN,580743000,0.5938,0.5938,0.5729,0.5729,3.5328e+06
AMGN,581088600,0.5729,0.599,0.5729,0.5885,4.3536e+06
AMGN,581175000,0.6042,0.6094,0.5938,0.6042,3.6336e+06
AMGN,581261400,0.6146,0.6146,0.5938,0.6042,4.7904e+06
AMGN,581347800,0.6042,0.6042,0.5885,0.6042,2.7312e+06
AMGN,581607000,0.599,0.6406,0.599,0.6406,1.11312e+07
AMGN,581693400,0.6406,0.651,0.6354,0.6354,5.736e+06
AMGN,581779800,0.6354,0.6562,0.6354,0.6562,8.7168e+06
AMGN,581866200,0.6458,0.6615,0.6406,0.6458,8.8128e+06
AMGN,581952600,0.6562,0.6562,0.6406,0.651,4.7184e+06
AMGN,582211800,0.6406,0.651,0.6146,0.6198,4.0032e+06
AMGN,582298200,0.625,0.6354,0.6042,0.6042,1.2552e+07
AMGN,582384600,0.6094,0.6094,0.599,0.6094,5.5968e+06
AMGN,582471000,0.6094,0.6094,0.5833,0.5885,6.6624e+06
AMGN,582557400,0.5938,0.5938,0.5833,0.5885,3.2736e+06
AMGN,582816600,0.5885,0.5938,0.5781,0.5781,8.7072e+06
AMGN,582903000,0.5885,0.599,0.5833,0.5938,8.064e+06
AMGN,582989400,0.599,0.6042,0.5781,0.5781,1.38576e+07
AMGN,583075800,0.5885,0.5885,0.5677,0.5781,8.9856e+06
AMGN,583162200,0.5781,0.5833,0.5677,0.5781,8.184e+06
AMGN,583421400,0.5781,0.5781,0.5625,0.5677,1.6704e+06
AMGN,583507800,0.5729,0.5781,0.5625,0.5781,3.9216e+06
AMGN,583594200,0.5781,0.5781,0.5625,0.5729,2.736e+06
AMGN,583680600,0.5729,0.5729,0.5573,0.5625,5.3952e+06
AMGN,583767000,0.5677,0.5677,0.5573,0.5677,4.0752e+06
AMGN,584112600,0.5573,0.5677,0.5573,0.5677,2.7936e+06
AMGN,584199000,0.5677,0.5781,0.5625,0.5625,2.26368e+07
AMGN,584285400,0.5625,0.5677,0.5573,0.5677,2.4384e+06
AMGN,584371800,0.5573,0.5677,0.5521,0.5625,1.5168e+06
AMGN,584631000,0.5625,0.5625,0.526,0.5417,1.03296e+07
AMGN,584717400,0.5417,0.5469,0.5312,0.5365,1.57968e+07
AMGN,584803800,0.5365,0.5365,0.5312,0.5365,1.1928e+07
AMGN,584890200,0.5365,0.5443,0.5312,0.5443,1.22256e+07
AMGN,584976600,0.5417,0.5573,0.5417,0.5469,3.9408e+06
AMGN,585235800,0.5573,0.5677,0.5469,0.5677,4.9488e+06
AMGN,585322200,0.5625,0.5938,0.5625,0.5781,4.8816e+06
AMGN,585408600,0.5833,0.5938,0.5781,0.5938,5.8368e+06
AMGN,585495000,0.5885,0.599,0.5885,0.5885,5.3472e+06
AMGN,585581400,0.5885,0.5938,0.5677,0.5729,3.888e+06
AMGN,585840600,0.5677,0.5781,0.5469,0.5625,3.5904e+06
AMGN,585927000,0.5573,0.5781,0.5573,0.5677,2.3184e+06
AMGN,586013400,0.5625,0.5729,0.5573,0.5573,3.7056e+06
AMGN,586099800,0.5677,0.5781,0.5573,0.5703,1.4304e+06
AMGN,586186200,0.5729,0.599,0.5729,0.5938,3.8352e+06
AMGN,586445400,0.5885,0.5938,0.5833,0.5885,2.7168e+06
AMGN,586531800,0.5885,0.5938,0.5677,0.5833,3.9072e+06
AMGN,586618200,0.5833,0.6354,0.5833,0.6198,3.08688e+07
AMGN,586704600,0.625,0.6458,0.6198,0.6406,2.31984e+07
AMGN,586791000,0.6406,0.6458,0.625,0.625,1.11696e+07
AMGN,587050200,0.625,0.6458,0.6146,0.6354,5.8464e+06
AMGN,587136600,0.6354,0.6615,0.6354,0.6562,1.36896e+07
AMGN,587223000,0.6562,0.6615,0.6406,0.651,1.0608e+07
AMGN,587309400,0.6458,0.6562,0.6458,0.6562,6.24e+06
AMGN,587395800,0.651,0.6667,0.651,0.651,5.688e+06
AMGN,587655000,0.651,0.6615,0.6406,0.6406,6.4992e+06
AMGN,587741400,0.6458,0.6458,0.6302,0.6406,2.7408e+06
AMGN,587827800,0.6302,0.6406,0.625,0.625,3.0528e+06
AMGN,587914200,0.625,0.6406,0.625,0.6354,2.6784e+06
AMGN,588000600,0.6354,0.6458,0.6354,0.6458,1.8864e+06
AMGN,588259800,0.6354,0.6458,0.6302,0.6302,5.2224e+06
AMGN,588346200,0.6302,0.6458,0.6302,0.6406,2.592e+06
AMGN,588432600,0.6406,0.651,0.6354,0.6458,1.944e+06
AMGN,588519000,0.6406,0.6458,0.6302,0.6406,1.9872e+06
AMGN,588605400,0.6406,0.6406,0.6354,0.6406,3.6432e+06
AMGN,588864600,0.6354,0.6667,0.6354,0.6667,6.576e+06
AMGN,588951000,0.6615,0.6745,0.6562,0.6562,6.3504e+06
AMGN,589037400,0.6615,0.6667,0.6562,0.6562,1.1424e+06
AMGN,589123800,0.6562,0.6562,0.6354,0.6354,5.0304e+06
AMGN,589210200,0.6406,0.6458,0.6354,0.6406,2.0256e+06
AMGN,589555800,0.6406,0.6458,0.6354,0.6458,2.3808e+06
AMGN,589642200,0.6458,0.6458,0.6406,0.6406,1.9776e+06
AMGN,589728600,0.651,0.651,0.6406,0.651,2.2704e+06
AMGN,589815000,0.651,0.651,0.6354,0.6406,840000
AMGN,590074200,0.6615,0.6667,0.6458,0.6458,6.288e+06
AMGN,590160600,0.6458,0.6562,0.6458,0.651,648000
AMGN,590247000,0.6615,0.6667,0.6562,0.6615,2.5584e+06
AMGN,590333400,0.6615,0.6615,0.6458,0.651,1.7712e+06
AMGN,590419800,0.651,0.651,0.6406,0.6458,3.5808e+06
AMGN,590679000,0.6458,0.6458,0.6146,0.6354,5.184e+06
AMGN,590765400,0.6354,0.6406,0.6302,0.638,1.7712e+06
AMGN,590851800,0.6354,0.6406,0.625,0.6302,3.0624e+06
AMGN,590938200,0.6302,0.6328,0.6198,0.6302,4.128e+06
AMGN,591024600,0.6302,0.6458,0.625,0.6458,5.9616e+06
AMGN,591283800,0.6354,0.6458,0.6354,0.6354,768000
AMGN,591370200,0.6354,0.6458,0.6302,0.6302,1.5456e+06
AMGN,591456600,0.6302,0.6458,0.6302,0.6406,2.0256e+06
AMGN,591543000,0.6458,0.6771,0.6406,0.6771,1.47024e+07
AMGN,591629400,0.6771,0.7031,0.6719,0.6823,1.11744e+07
AMGN,591888600,0.6719,0.6875,0.6667,0.6823,3.8592e+06
AMGN,591975000,0.6875,0.6927,0.6823,0.6927,2.4768e+06
AMGN,592061400,0.6927,0.6927,0.6719,0.6875,6.336e+06
AMGN,592147800,0.6823,0.6875,0.6589,0.6667,1.044e+07
AMGN,592234200,0.6562,0.6615,0.6458,0.651,4.4064e+06
AMGN,592493400,0.6458,0.6562,0.6458,0.6484,724800
AMGN,592579800,0.6458,0.6562,0.6458,0.651,3.72e+06
AMGN,592666200,0.6562,0.6562,0.6458,0.651,3.2784e+06
AMGN,592752600,0.6458,0.6771,0.6458,0.6562,5.1792e+06
AMGN,592839000,0.6667,0.6719,0.651,0.6562,4.1328e+06
AMGN,593098200,0.6589,0.6667,0.6562,0.6615,3.6432e+06
AMGN,593184600,0.6615,0.6719,0.6615,0.6615,1.8816e+06
AMGN,593271000,0.6719,0.6771,0.6615,0.6615,2.0064e+06
AMGN,593357400,0.6615,0.6719,0.6615,0.6719,979200
AMGN,593443800,0.6719,0.6771,0.6667,0.6771,2.6784e+06
AMGN,593703000,0.6771,0.6771,0.6667,0.6719,1.0464e+06
AMGN,593789400,0.6719,0.6719,0.6562,0.6562,2.9376e+06
AMGN,593875800,0.6589,0.6615,0.651,0.651,3.4512e+06
AMGN,593962200,0.651,0.651,0.6354,0.651,5.52e+06
AMGN,594048600,0.6458,0.6615,0.6406,0.6615,1.7808e+06
AMGN,594311400,0.6615,0.6615,0.651,0.6615,235200
AMGN,594397800,0.6615,0.6615,0.651,0.6589,3.4224e+06
AMGN,594484200,0.6615,0.6615,0.6406,0.6458,2.088e+06
AMGN,594570600,0.6458,0.6458,0.625,0.6302,5.904e+06
AMGN,594657000,0.625,0.6302,0.6146,0.6198,4.656e+06
AMGN,594916200,0.6198,0.625,0.599,0.6042,8.7168e+06
AMGN,595002600,0.6042,0.6042,0.5729,0.5938,1.9224e+07
AMGN,595089000,0.5938,0.6042,0.5885,0.6042,3.9792e+06
AMGN,595175400,0.599,0.625,0.599,0.6146,7.7328e+06
AMGN,595261800,0.6146,0.6198,0.6042,0.6146,4.5648e+06
AMGN,595521000,0.6094,0.6198,0.6042,0.6146,2.616e+06
AMGN,595607400,0.6042,0.6146,0.599,0.599,1.128e+06
AMGN,595693800,0.599,0.6094,0.5677,0.5807,6.3312e+06
AMGN,595780200,0.5938,0.5938,0.5781,0.5885,1.8384e+06
AMGN,595866600,0.5885,0.5885,0.5729,0.5833,1.2672e+06
AMGN,596125800,0.5833,0.5833,0.5729,0.5781,4.0992e+06
AMGN,596212200,0.5833,0.6094,0.5781,0.6094,5.4336e+06
AMGN,596298600,0.6094,0.6146,0.599,0.6042,3.864e+06
AMGN,596471400,0.5938,0.6094,0.5938,0.6042,1.0464e+06
AMGN,596730600,0.6094,0.6562,0.6042,0.651,1.93008e+07
AMGN,596817000,0.651,0.6562,0.6354,0.6458,1.476e+07
AMGN,596903400,0.6458,0.6562,0.6354,0.6562,9.5472e+06
AMGN,596989800,0.6562,0.6615,0.651,0.6562,8.4528e+06
AMGN,597076200,0.6562,0.6875,0.651,0.6875,1.05888e+07
AMGN,597335400,0.6875,0.6927,0.6719,0.6875,9.8352e+06
AMGN,597421800,0.6771,0.6771,0.651,0.6562,1.51248e+07
AMGN,597508200,0.6562,0.6615,0.6302,0.6406,1.73328e+07
AMGN,597594600,0.6406,0.651,0.6302,0.651,4.488e+06
AMGN,597681000,0.651,0.6719,0.6406,0.6719,7.6272e+06
AMGN,597940200,0.6667,0.6771,0.6615,0.6667,6.1824e+06
AMGN,598026600,0.6667,0.6719,0.6615,0.6719,2.1696e+06
AMGN,598113000,0.6667,0.6823,0.6667,0.6719,2.0304e+06
AMGN,598199400,0.6771,0.6823,0.6719,0.6823,5.0832e+06
AMGN,598285800,0.6771,0.7031,0.6771,0.6927,2.14176e+07
AMGN,598545000,0.6979,0.6979,0.6615,0.6849,1.77888e+07
AMGN,598631400,0.6875,0.6979,0.6823,0.6875,6.696e+06
AMGN,598717800,0.6927,0.6927,0.6771,0.6875,4.7424e+06
AMGN,598804200,0.6875,0.6927,0.6823,0.6901,2.2272e+06
AMGN,598890600,0.6927,0.7031,0.6875,0.6953,5.1024e+06
AMGN,599236200,0.6979,0.6979,0.6823,0.6875,1.0224e+06
AMGN,599322600,0.6875,0.6875,0.6719,0.6823,2.5632e+06
AMGN,599409000,0.6823,0.6927,0.6771,0.6823,1.7184e+06
AMGN,599495400,0.6927,0.7031,0.6823,0.7031,4.008e+06
AMGN,599841000,0.7031,0.7031,0.6458,0.6667,1.70544e+07
AMGN,599927400,0.6719,0.6979,0.6667,0.6901,1.1616e+07
AMGN,600013800,0.6901,0.7083,0.6875,0.6979,8.7456e+06
AMGN,600100200,0.6979,0.7031,0.6927,0.6927,5.6064e+06
AMGN,600359400,0.6979,0.6979,0.6719,0.6771,9.0048e+06
AMGN,600445800,0.6771,0.6979,0.6667,0.6849,1.28928e+07
AMGN,600532200,0.6615,0.6875,0.6458,0.6875,2.748e+07
AMGN,600618600,0.6823,0.6875,0.6641,0.6641,1.40544e+07
AMGN,600705000,0.6615,0.6719,0.6615,0.6641,9.984e+06
AMGN,600964200,0.6667,0.6771,0.6562,0.6667,6.3552e+06
AMGN,601050600,0.6667,0.6771,0.6667,0.6745,1.06128e+07
AMGN,601137000,0.6719,0.6823,0.6667,0.6823,6.4992e+06
AMGN,601223400,0.6823,0.7135,0.6771,0.7083,2.496e+07
AMGN,601309800,0.7083,0.75,0.7031,0.7396,3.66336e+07
AMGN,601569000,0.7448,0.7552,0.724,0.7292,2.412e+07
AMGN,601655400,0.7292,0.7656,0.724,0.7656,3.23904e+07
AMGN,601741800,0.776,0.7865,0.7552,0.7865,2.87184e+07
AMGN,601828200,0.7865,0.8021,0.7786,0.7995,1.88784e+07
AMGN,601914600,0.7969,0.7969,0.7708,0.7708,2.63568e+07
AMGN,602173800,0.7708,0.7708,0.7448,0.7708,1.42032e+07
AMGN,602260200,0.7708,0.7865,0.7656,0.7865,1.7544e+07
AMGN,602346600,0.7917,0.7969,0.7812,0.7865,1.19712e+07
AMGN,602433000,0.7865,0.7917,0.7812,0.7917,6.0096e+06
AMGN,602519400,0.776,0.7865,0.7552,0.776,4.032e+07
AMGN,602778600,0.7656,0.776,0.75,0.776,1.69968e+07
AMGN,602865000,0.776,0.8229,0.7708,0.8177,3.02256e+07
AMGN,602951400,0.8177,0.8281,0.7969,0.7969,3.13776e+07
AMGN,603037800,0.7917,0.8177,0.7917,0.8125,2.19648e+07
AMGN,603124200,0.8021,0.8073,0.7917,0.8073,9.7104e+06
AMGN,603383400,0.7969,0.8177,0.7969,0.8125,9.1776e+06
AMGN,603469800,0.8177,0.8229,0.7604,0.7656,4.22688e+07
AMGN,603556200,0.7656,0.8021,0.7552,0.8021,2.07648e+07
AMGN,603642600,0.8073,0.8073,0.7917,0.8021,1.13424e+07
AMGN,603729000,0.8073,0.8125,0.7969,0.8047,5.496e+06
AMGN,604074600,0.8125,0.8229,0.8021,0.8021,5.8992e+06
AMGN,604161000,0.7969,0.8073,0.7812,0.7812,8.5824e+06
AMGN,604247400,0.776,0.7812,0.7708,0.7812,9.6768e+06
AMGN,604333800,0.7865,0.7865,0.7656,0.776,7.8384e+06
AMGN,604593000,0.7656,0.7865,0.7604,0.7812,5.4912e+06
AMGN,604679400,0.7865,0.7969,0.7812,0.7865,4.6656e+06
AMGN,604765800,0.7812,0.7917,0.7682,0.776,1.13712e+07
AMGN,604852200,0.7708,0.7917,0.7708,0.7812,1.00176e+07
AMGN,604938600,0.7917,0.7917,0.7812,0.7917,2.6544e+06
AMGN,605197800,0.7917,0.8125,0.7917,0.8073,9.1872e+06
AMGN,605284200,0.8021,0.8177,0.8021,0.8125,5.5776e+06
AMGN,605370600,0.8125,0.8542,0.8073,0.849,2.76192e+07
AMGN,605457000,0.849,0.8854,0.8438,0.8724,2.6832e+07
AMGN,605543400,0.8698,0.8698,0.8594,0.8646,1.17264e+07
AMGN,605802600,0.8594,0.8646,0.849,0.8542,8.0064e+06
AMGN,605889000,0.849,0.8542,0.8385,0.8438,6.5568e+06
AMGN,605975400,0.8542,0.8646,0.8438,0.8438,1.15824e+07
AMGN,606061800,0.849,0.8828,0.8385,0.8802,1.29168e+07
AMGN,606148200,0.8646,0.8802,0.8542,0.8698,1.28784e+07
AMGN,606407400,0.8646,0.8802,0.8542,0.8698,8.5824e+06
AMGN,606493800,0.8698,0.8802,0.8594,0.875,1.0824e+07
AMGN,606580200,0.875,0.8958,0.875,0.8854,1.21248e+07
AMGN,606666600,0.8906,0.9219,0.8906,0.9219,1.7544e+07
AMGN,607012200,0.8385,0.8438,0.8229,0.8333,5.35824e+07
AMGN,607098600,0.8333,0.849,0.8333,0.8385,1.63536e+07
AMGN,607185000,0.8385,0.8438,0.8333,0.8333,4.584e+06
AMGN,607271400,0.8333,0.8958,0.8333,0.8776,2.05968e+07
AMGN,607357800,0.8854,0.8958,0.849,0.8542,1.12128e+07
AMGN,607613400,0.8594,0.875,0.8438,0.875,8.6256e+06
AMGN,607699800,0.8646,0.901,0.8594,0.8958,9.2976e+06
AMGN,607786200,0.8958,0.901,0.8854,0.901,3.8832e+06
AMGN,607872600,0.8958,0.901,0.8854,0.8958,4.3536e+06
AMGN,607959000,0.901,0.901,0.8854,0.8854,5.8368e+06
AMGN,608218200,0.875,0.875,0.8333,0.849,1.5792e+07
AMGN,608304600,0.8333,0.8385,0.8229,0.8307,2.31648e+07
AMGN,608391000,0.8385,0.8385,0.8203,0.8281,1.42224e+07
AMGN,608477400,0.8281,0.8385,0.8125,0.8151,1.3752e+07
AMGN,608563800,0.8229,0.8385,0.8229,0.8385,7.1232e+06
AMGN,608823000,0.8385,0.849,0.8333,0.849,2.904e+06
AMGN,608909400,0.849,0.8542,0.8021,0.8073,8.0208e+06
AMGN,608995800,0.8073,0.8125,0.7708,0.8125,2.07792e+07
AMGN,609082200,0.8021,0.8385,0.8021,0.8333,9.8304e+06
AMGN,609168600,0.8333,0.8385,0.8073,0.8177,1.01616e+07
AMGN,609427800,0.8125,0.8177,0.8073,0.8073,3.8064e+06
AMGN,609514200,0.8177,0.8281,0.8073,0.8073,1.0608e+07
AMGN,609600600,0.8125,0.8177,0.8021,0.8125,5.6736e+06
AMGN,609687000,0.8177,0.8281,0.8125,0.8229,2.0544e+06
AMGN,609773400,0.8281,0.8385,0.8177,0.8333,5.0256e+06
AMGN,610032600,0.8385,0.849,0.8281,0.8385,5.2176e+06
AMGN,610119000,0.8333,0.8385,0.8333,0.8359,5.1696e+06
AMGN,610205400,0.8385,0.8385,0.8229,0.8255,3.1392e+06
AMGN,610291800,0.8229,0.8333,0.8229,0.8333,3.1104e+06
AMGN,610378200,0.8333,0.8385,0.8125,0.8125,8.3232e+06
AMGN,610637400,0.8177,0.8177,0.7812,0.7839,1.00032e+07
AMGN,610723800,0.7656,0.776,0.7552,0.7552,3.0336e+07
AMGN,610810200,0.7656,0.7708,0.7448,0.7708,1.38576e+07
AMGN,610896600,0.7865,0.8438,0.7812,0.8333,3.02688e+07
AMGN,610983000,0.8438,0.8594,0.8229,0.8333,1.4928e+07
AMGN,611242200,0.8333,0.8438,0.8229,0.8229,1.56144e+07
AMGN,611328600,0.8281,0.8281,0.8125,0.8151,6.7872e+06
AMGN,611415000,0.8229,0.8229,0.7604,0.8021,2.7288e+07
AMGN,611501400,0.8073,0.8229,0.8021,0.8021,1.89312e+07
AMGN,611587800,0.8073,0.8125,0.7969,0.7969,1.04064e+07
AMGN,611847000,0.8073,0.8073,0.7708,0.7734,1.4184e+07
AMGN,611933400,0.7708,0.776,0.7604,0.7708,1.3704e+07
AMGN,612019800,0.7708,0.8229,0.7656,0.8229,1.3176e+07
AMGN,612106200,0.8281,0.8385,0.8073,0.8125,7.0752e+06
AMGN,612192600,0.8073,0.8125,0.8021,0.8073,7.4352e+06
AMGN,612538200,0.8073,0.8177,0.7969,0.8021,4.2384e+06
AMGN,612624600,0.8125,0.8385,0.7969,0.8359,2.21856e+07
AMGN,612711000,0.849,0.8802,0.8385,0.8542,5.4288e+07
AMGN,612797400,0.8698,0.9427,0.8516,0.9323,9.81888e+07
AMGN,613056600,0.9323,1,0.9323,0.9688,5.94048e+07
AMGN,613143000,0.9688,0.9948,0.9375,0.9688,3.4488e+07
AMGN,613229400,0.974,0.9896,0.9115,0.9323,3.5688e+07
AMGN,613315800,0.9323,0.9792,0.9323,0.9688,4.30464e+07
AMGN,613402200,0.9688,0.9688,0.9427,0.9531,1.62336e+07
AMGN,613661400,0.9479,0.974,0.9427,0.9635,1.4184e+07
AMGN,613747800,0.9635,0.9688,0.9479,0.9661,1.22016e+07
AMGN,613834200,0.9635,0.9688,0.9479,0.9479,1.17696e+07
AMGN,613920600,0.9583,0.9583,0.9062,0.9115,1.6728e+07
AMGN,614007000,0.9062,0.9323,0.901,0.9323,1.0896e+07
AMGN,614266200,0.9323,0.9323,0.9062,0.9115,8.5248e+06
AMGN,614352600,0.9167,0.9219,0.8958,0.8984,1.09056e+07
AMGN,614439000,0.8958,0.9115,0.8958,0.8958,1.21536e+07
AMGN,614525400,0.8958,0.9115,0.8906,0.9062,1.71648e+07
AMGN,614611800,0.9375,0.9479,0.9271,0.9427,2.57568e+07
AMGN,614871000,0.9427,0.9479,0.901,0.9167,1.59264e+07
AMGN,614957400,0.9219,0.9479,0.9219,0.9271,1.25472e+07
AMGN,615043800,0.9271,0.9427,0.9167,0.9375,8.7696e+06
AMGN,615130200,0.9375,0.9375,0.9115,0.9115,8.6832e+06
AMGN,615216600,0.9115,0.9167,0.8854,0.901,1.25952e+07
AMGN,615475800,0.901,0.9115,0.8958,0.901,3.5664e+06
AMGN,615648600,0.9062,0.9323,0.901,0.9219,8.1888e+06
AMGN,615735000,0.9219,0.9323,0.9115,0.9167,8.208e+06
AMGN,615821400,0.9167,0.9479,0.9115,0.9453,1.53552e+07
AMGN,616080600,0.9427,0.9583,0.9271,0.9583,1.55184e+07
AMGN,616167000,0.9583,0.9792,0.9531,0.9583,1.61616e+07
AMGN,616253400,0.9583,0.9583,0.9375,0.9583,8.9376e+06
AMGN,616339800,0.9531,0.9583,0.9375,0.9583,1.06752e+07
AMGN,616426200,0.9479,0.9688,0.9479,0.9635,1.39968e+07
AMGN,616685400,0.9583,0.9688,0.9479,0.9479,7.8336e+06
AMGN,616771800,0.9583,0.9635,0.9479,0.9583,9.0048e+06
AMGN,616858200,0.9479,0.9531,0.9375,0.9427,9.1344e+06
AMGN,616944600,0.9375,0.9427,0.9323,0.9323,9.12e+06
AMGN,617031000,0.9323,0.9375,0.9271,0.9375,3.864e+06
AMGN,617290200,0.9271,0.9375,0.9167,0.9219,9.2928e+06
AMGN,617376600,0.9167,0.9375,0.9167,0.9219,1.10592e+07
AMGN,617463000,0.9167,0.9219,0.9062,0.9219,5.9616e+06
AMGN,617549400,0.9271,0.9323,0.9167,0.9167,7.4928e+06
AMGN,617635800,0.9219,0.9271,0.8958,0.9167,7.608e+06
AMGN,617895000,0.9062,0.9115,0.8906,0.9062,7.9296e+06
AMGN,617981400,0.9062,0.9271,0.901,0.901,7.392e+06
AMGN,618067800,0.9115,0.9115,0.8906,0.8984,1.0728e+07
AMGN,618154200,0.8958,0.901,0.8854,0.8906,4.7616e+06
AMGN,618240600,0.8854,0.8906,0.875,0.875,1.0872e+07
AMGN,618499800,0.875,0.8906,0.8698,0.875,1.55904e+07
AMGN,618586200,0.875,0.875,0.8438,0.8542,2.7648e+07
AMGN,618672600,0.849,0.8542,0.8281,0.8333,1.7016e+07
AMGN,618759000,0.8333,0.8333,0.8021,0.8099,2.076e+07
AMGN,618845400,0.8125,0.8229,0.8073,0.8229,1.01952e+07
AMGN,619104600,0.8229,0.849,0.8125,0.8333,1.68432e+07
AMGN,619191000,0.8385,0.8438,0.8281,0.8333,5.4672e+06
AMGN,619277400,0.8333,0.8385,0.8177,0.8177,6.0912e+06
AMGN,619363800,0.8229,0.8229,0.7812,0.8021,1.87488e+07
AMGN,619450200,0.8021,0.8177,0.7917,0.8125,6.264e+06
AMGN,619709400,0.8125,0.8229,0.7969,0.7969,4.1904e+06
AMGN,619795800,0.8021,0.8021,0.7917,0.8021,3.6096e+06
AMGN,619882200,0.8021,0.8229,0.8021,0.8229,3.2448e+06
AMGN,619968600,0.8281,0.8385,0.8229,0.8333,9.72e+06
AMGN,620055000,0.8385,0.8385,0.8281,0.8385,3.4512e+06
AMGN,620314200,0.8281,0.8333,0.8229,0.8281,3.7008e+06
AMGN,620400600,0.8229,0.8281,0.8021,0.8125,6.4992e+06
AMGN,620487000,0.8125,0.8229,0.8099,0.8099,1.28208e+07
AMGN,620573400,0.8177,0.8229,0.8125,0.8125,6.12e+06
AMGN,620659800,0.8229,0.8333,0.8125,0.8255,5.2272e+06
AMGN,621005400,0.8385,0.8698,0.8333,0.8594,1.55664e+07
AMGN,621091800,0.8646,0.8646,0.849,0.8594,8.6448e+06
AMGN,621178200,0.8646,0.875,0.8542,0.8646,6.0672e+06
AMGN,621264600,0.8594,0.8906,0.8594,0.8906,1.8744e+07
AMGN,621523800,0.8802,0.901,0.875,0.8958,1.04016e+07
AMGN,621610200,0.901,0.901,0.8854,0.8854,6.7104e+06
AMGN,621696600,0.8854,0.8958,0.8464,0.849,1.54752e+07
AMGN,621783000,0.849,0.8698,0.8255,0.8438,2.12208e+07
AMGN,621869400,0.8438,0.8542,0.8333,0.849,7.4832e+06
AMGN,622128600,0.8542,0.901,0.849,0.8958,1.29312e+07
AMGN,622215000,0.901,0.9062,0.8802,0.8802,1.10832e+07
AMGN,622301400,0.8802,0.901,0.8698,0.8958,6.4608e+06
AMGN,622387800,0.9062,0.9062,0.8906,0.8958,8.7552e+06
AMGN,622474200,0.8906,0.9062,0.8776,0.8958,7.248e+06
AMGN,622733400,0.9115,0.9219,0.901,0.9167,1.05072e+07
AMGN,622819800,0.9219,0.9219,0.8958,0.8958,6.9792e+06
AMGN,622906200,0.8854,0.8906,0.875,0.8802,5.8752e+06
AMGN,622992600,0.8802,0.8906,0.875,0.8802,2.8128e+06
AMGN,623079000,0.8854,0.8854,0.875,0.875,6.264e+06
AMGN,623338200,0.875,0.8854,0.8698,0.8854,4.8432e+06
AMGN,623424600,0.8854,0.9167,0.8802,0.9167,1.08528e+07
AMGN,623511000,0.9115,0.9479,0.9115,0.9427,2.54448e+07
AMGN,623597400,0.9375,0.9635,0.9297,0.9583,1.93728e+07
AMGN,623683800,0.9531,0.974,0.9531,0.9714,1.7448e+07
AMGN,623943000,0.974,0.974,0.9531,0.974,4.152e+06
AMGN,624029400,0.974,0.9948,0.974,0.9948,1.59312e+07
AMGN,624115800,1,1.0469,0.9896,1.0365,3.11808e+07
AMGN,624202200,1.0469,1.0833,1.0417,1.0521,3.73632e+07
AMGN,624288600,1.0417,1.0521,0.974,0.974,2.80464e+07
AMGN,624547800,0.9375,1.0156,0.9167,1.0156,3.69984e+07
AMGN,624634200,1.0078,1.0312,0.9896,1.026,3.34704e+07
AMGN,624720600,1.0365,1.0938,1.0156,1.0573,2.94384e+07
AMGN,624807000,1.0677,1.1042,1.0625,1.099,3.05136e+07
AMGN,624893400,1.099,1.1094,1.0833,1.0938,2.30064e+07
AMGN,625152600,1.1198,1.1771,1.099,1.1406,3.8136e+07
AMGN,625239000,1.1302,1.1406,1.0885,1.1354,3.04512e+07
AMGN,625325400,1.1354,1.1823,1.1354,1.1667,3.58416e+07
AMGN,625411800,1.1719,1.2188,1.151,1.1667,3.19584e+07
AMGN,625498200,1.1562,1.1875,1.0938,1.125,2.6712e+07
AMGN,625761000,1.138,1.1615,1.1354,1.1615,1.4808e+07
AMGN,625847400,1.1719,1.2188,1.1719,1.1979,2.65584e+07
AMGN,625933800,1.2031,1.2188,1.1771,1.1875,1.71504e+07
AMGN,626020200,1.1901,1.1927,1.1615,1.1771,1.39392e+07
AMGN,626106600,1.1719,1.1875,1.1667,1.1875,8.568e+06
AMGN,626365800,1.1875,1.1875,1.1615,1.1719,9.072e+06
AMGN,626452200,1.1771,1.2031,1.151,1.1979,1.51056e+07
AMGN,626538600,1.2031,1.2292,1.1979,1.2188,1.77936e+07
AMGN,626625000,1.2188,1.2292,1.2135,1.224,1.27344e+07
AMGN,626711400,1.2188,1.2396,1.2188,1.224,1.00848e+07
AMGN,626970600,1.224,1.2292,1.1979,1.2161,1.63632e+07
AMGN,627057000,1.2135,1.2188,1.1823,1.1979,1.068e+07
AMGN,627143400,1.1927,1.2344,1.1927,1.2292,1.66272e+07
AMGN,627229800,1.2344,1.2552,1.2188,1.25,1.9344e+07
AMGN,627316200,1.2396,1.25,1.2292,1.2448,1.188e+07
AMGN,627575400,1.25,1.25,1.1927,1.2031,1.93008e+07
AMGN,627661800,1.1927,1.2031,1.1667,1.1953,1.9224e+07
AMGN,627748200,1.2031,1.2083,1.1927,1.2031,5.1936e+06
AMGN,627921000,1.2083,1.2188,1.2031,1.2188,4.1184e+06
AMGN,628180200,1.2161,1.2214,1.2135,1.2135,6.4224e+06
AMGN,628266600,1.2135,1.2292,1.2135,1.2214,4.7328e+06
AMGN,628353000,1.2188,1.224,1.1875,1.1927,1.10496e+07
AMGN,628439400,1.1875,1.1927,1.1667,1.1667,8.2848e+06
AMGN,628525800,1.1615,1.1719,1.1198,1.138,2.59632e+07
AMGN,628785000,1.1302,1.1823,1.1302,1.1771,2.25504e+07
AMGN,628871400,1.1823,1.2083,1.1771,1.1979,1.52448e+07
AMGN,628957800,1.1979,1.2188,1.1979,1.2083,1.59984e+07
AMGN,629044200,1.2135,1.2448,1.2135,1.2396,1.66224e+07
AMGN,629130600,1.2396,1.2552,1.2031,1.2031,2.51952e+07
AMGN,629389800,1.1979,1.2057,1.1875,1.1875,7.6464e+06
AMGN,629476200,1.1667,1.2083,1.1354,1.1979,4.71888e+07
AMGN,629562600,1.1979,1.2031,1.1875,1.1901,5.4192e+06
AMGN,629649000,1.1927,1.1927,1.1667,1.1771,9.7584e+06
AMGN,629735400,1.1823,1.1875,1.151,1.1562,9.3984e+06
AMGN,629994600,1.0885,1.1042,1.0365,1.0651,5.83152e+07
AMGN,630081000,1.0599,1.0833,1.0521,1.0625,2.05392e+07
AMGN,630167400,1.0677,1.0729,1.0443,1.0469,8.9952e+06
AMGN,630253800,1.0573,1.0781,1.0469,1.0729,1.2888e+07
AMGN,630340200,1.0729,1.1094,1.0625,1.0938,9.5088e+06
AMGN,630685800,1.0859,1.0885,1.0521,1.0781,1.2144e+07
AMGN,630772200,1.0781,1.0885,1.0573,1.0625,8.256e+06
AMGN,630858600,1.0521,1.0573,0.9844,1.0078,5.53296e+07
AMGN,630945000,1.0052,1.0339,1.0052,1.0208,2.48688e+07
AMGN,631290600,1.026,1.0729,1.0052,1.0729,1.92672e+07
AMGN,631377000,1.0833,1.1042,1.0625,1.099,2.97264e+07
AMGN,631463400,1.1068,1.125,1.099,1.1198,1.4784e+07
AMGN,631549800,1.1198,1.1536,1.1094,1.1354,1.94016e+07
AMGN,631809000,1.1354,1.1354,1.099,1.1328,2.1072e+07
AMGN,631895400,1.1354,1.1562,1.1042,1.1094,1.1304e+07
AMGN,631981800,1.0938,1.1276,1.0885,1.1146,1.76544e+07
AMGN,632068200,1.1094,1.1146,1.0885,1.0911,5.7552e+06
AMGN,632154600,1.0599,1.0833,1.0521,1.0729,1.28064e+07
AMGN,632413800,1.0677,1.0885,1.0573,1.0781,5.712e+06
AMGN,632500200,1.0573,1.125,1.0521,1.1094,1.18128e+07
AMGN,632586600,1.1094,1.1302,1.099,1.1068,8.7888e+06
AMGN,632673000,1.0938,1.099,1.0729,1.0885,1.16784e+07
AMGN,632759400,1.099,1.1042,1.0885,1.099,5.2416e+06
AMGN,633018600,1.099,1.099,1.0625,1.0677,7.3536e+06
AMGN,633105000,1.0729,1.0833,1.0625,1.0781,9.576e+06
AMGN,633191400,1.0469,1.0833,1.0312,1.0807,2.89056e+07
AMGN,633277800,1.0885,1.1016,1.0781,1.0938,1.72656e+07
AMGN,633364200,1.0781,1.1042,1.0573,1.0781,1.61712e+07
AMGN,633623400,1.0938,1.099,1.0729,1.0781,9.6912e+06
AMGN,633709800,1.0833,1.0833,0.974,0.9844,4.05216e+07
AMGN,633796200,0.9922,1,0.9583,0.974,2.51568e+07
AMGN,633882600,0.9635,0.974,0.8958,0.9323,3.89184e+07
AMGN,633969000,0.9219,1.0312,0.9115,1.0104,5.03952e+07
AMGN,634228200,1.0156,1.0625,1.0104,1.0365,2.04528e+07
AMGN,634314600,1.0365,1.0365,0.9948,1.0104,1.08e+07
AMGN,634401000,1.0182,1.0677,1.0104,1.0677,2.19408e+07
AMGN,634487400,1.0781,1.1302,1.0625,1.1068,3.68928e+07
AMGN,634573800,1.1042,1.125,1.0729,1.0885,1.47888e+07
AMGN,634833000,1.0885,1.1146,1.0677,1.0938,1.01088e+07
AMGN,634919400,1.1042,1.1042,1.0729,1.0833,8.4768e+06
AMGN,635005800,1.0833,1.0885,1.0573,1.0833,9.3216e+06
AMGN,635092200,1.0885,1.1562,1.0781,1.1562,2.65392e+07
AMGN,635178600,1.1615,1.1771,1.151,1.1562,1.40352e+07
AMGN,635524200,1.151,1.1719,1.1354,1.1719,8.8656e+06
AMGN,635610600,1.1458,1.1927,1.1354,1.1901,2.3328e+07
AMGN,635697000,1.1927,1.1979,1.151,1.1615,1.19904e+07
AMGN,635783400,1.1354,1.1667,1.1302,1.1536,1.00272e+07
AMGN,636042600,1.1354,1.1797,1.1354,1.1771,9.8256e+06
AMGN,636129000,1.1875,1.2083,1.1823,1.1979,1.06896e+07
AMGN,636215400,1.2031,1.2083,1.1771,1.1979,1.0656e+07
AMGN,636301800,1.2005,1.2005,1.1771,1.1771,4.2528e+06
AMGN,636388200,1.1875,1.1979,1.1823,1.1979,5.1024e+06
AMGN,636647400,1.1823,1.2135,1.1823,1.2083,6.2496e+06
AMGN,636733800,1.2188,1.2396,1.2083,1.2344,1.71168e+07
AMGN,636820200,1.2344,1.2396,1.2031,1.2083,1.39584e+07
AMGN,636906600,1.2083,1.2135,1.1406,1.1979,1.87248e+07
AMGN,636993000,1.1979,1.1979,1.151,1.1719,8.5728e+06
AMGN,637252200,1.1562,1.2292,1.151,1.2292,9.1824e+06
AMGN,637338600,1.2344,1.2656,1.2188,1.2396,2.3064e+07
AMGN,637425000,1.2396,1.2708,1.1823,1.2344,5.61984e+07
AMGN,637511400,1.25,1.2812,1.2448,1.2604,3.732e+07
AMGN,637597800,1.263,1.2812,1.2448,1.25,1.96656e+07
AMGN,637857000,1.2292,1.2917,1.2188,1.2865,3.25728e+07
AMGN,637943400,1.2917,1.3177,1.276,1.2865,2.13552e+07
AMGN,638029800,1.2786,1.3073,1.2656,1.2708,1.23984e+07
AMGN,638116200,1.2656,1.276,1.2344,1.2708,1.71024e+07
AMGN,638202600,1.276,1.2917,1.2708,1.276,7.392e+06
AMGN,638461800,1.2891,1.2969,1.2604,1.2656,1.40352e+07
AMGN,638548200,1.2604,1.2943,1.2552,1.2891,5.3088e+06
AMGN,638634600,1.2865,1.2917,1.2604,1.2708,6.8784e+06
AMGN,638721000,1.2656,1.2839,1.2552,1.2682,6.1056e+06
AMGN,638807400,1.2604,1.2917,1.25,1.2865,1.25424e+07
AMGN,639063000,1.2604,1.2917,1.25,1.2917,6.8448e+06
AMGN,639149400,1.2917,1.3333,1.2865,1.3229,1.87344e+07
AMGN,639235800,1.3229,1.3281,1.2917,1.3021,1.12416e+07
AMGN,639322200,1.3073,1.3229,1.2995,1.3177,5.3232e+06
AMGN,639408600,1.3177,1.3177,1.2734,1.2865,7.4304e+06
AMGN,639667800,1.2812,1.2865,1.224,1.2552,2.3856e+07
AMGN,639754200,1.2448,1.2708,1.2448,1.2708,6.8208e+06
AMGN,639840600,1.2448,1.263,1.2396,1.2552,1.26336e+07
AMGN,639927000,1.263,1.3021,1.263,1.2812,7.6704e+06
AMGN,640272600,1.2839,1.2995,1.2708,1.2839,4.944e+06
AMGN,640359000,1.2604,1.2812,1.25,1.2578,8.7648e+06
AMGN,640445400,1.2917,1.3021,1.2865,1.3021,3.20208e+07
AMGN,640531800,1.2943,1.3281,1.2917,1.3281,1.2504e+07
AMGN,640618200,1.3281,1.3385,1.3125,1.3177,1.13616e+07
AMGN,640877400,1.3099,1.3125,1.276,1.2969,5.7744e+06
AMGN,640963800,1.3047,1.3151,1.2708,1.2812,9.2976e+06
AMGN,641050200,1.2865,1.3073,1.276,1.3021,5.8464e+06
AMGN,641136600,1.3125,1.3281,1.2969,1.3229,9.8496e+06
AMGN,641223000,1.3203,1.3281,1.2865,1.2865,1.08912e+07
AMGN,641482200,1.2917,1.3333,1.2865,1.3333,9.7248e+06
AMGN,641568600,1.3411,1.3698,1.3385,1.362,1.19952e+07
AMGN,641655000,1.3594,1.3698,1.3385,1.349,1.06608e+07
AMGN,641741400,1.3542,1.3698,1.3438,1.3438,1.27776e+07
AMGN,641827800,1.3594,1.3646,1.3333,1.3438,6.7968e+06
AMGN,642087000,1.349,1.375,1.3438,1.3672,8.0064e+06
AMGN,642173400,1.3385,1.3438,1.3229,1.3385,1.86096e+07
AMGN,642259800,1.3281,1.3359,1.3125,1.3281,1.0416e+07
AMGN,642346200,1.3255,1.3385,1.3255,1.3281,3.624e+06
AMGN,642432600,1.3359,1.3542,1.3333,1.349,6.1536e+06
AMGN,642691800,1.3542,1.375,1.3438,1.3646,1.84752e+07
AMGN,642778200,1.3646,1.4089,1.3594,1.3906,1.93968e+07
AMGN,642864600,1.3958,1.4115,1.3854,1.4115,1.82976e+07
AMGN,642951000,1.4089,1.4271,1.4062,1.4167,1.36608e+07
AMGN,643037400,1.4089,1.4479,1.401,1.4427,8.6832e+06
AMGN,643296600,1.4479,1.5208,1.4479,1.5208,2.05728e+07
AMGN,643383000,1.5286,1.5365,1.4531,1.4844,2.40864e+07
AMGN,643469400,1.4844,1.5417,1.474,1.5417,1.94448e+07
AMGN,643555800,1.5521,1.5677,1.5312,1.5625,1.59072e+07
AMGN,643642200,1.526,1.5729,1.5156,1.5547,1.38624e+07
AMGN,643987800,1.5547,1.5729,1.5547,1.5625,1.34928e+07
AMGN,644074200,1.5703,1.5729,1.5,1.5156,1.7328e+07
AMGN,644160600,1.5,1.5104,1.4531,1.4609,1.8408e+07
AMGN,644247000,1.4714,1.5365,1.4583,1.526,1.91808e+07
AMGN,644506200,1.526,1.5833,1.5208,1.5729,1.79856e+07
AMGN,644592600,1.5833,1.5885,1.5156,1.5234,1.40064e+07
AMGN,644679000,1.5156,1.5365,1.4792,1.526,1.64736e+07
AMGN,644765400,1.5286,1.5286,1.4844,1.4896,1.22688e+07
AMGN,644851800,1.4844,1.4948,1.4427,1.4479,3.09456e+07
AMGN,645111000,1.3542,1.4688,1.3542,1.4688,3.45408e+07
AMGN,645197400,1.4818,1.5104,1.4688,1.5104,2.14896e+07
AMGN,645283800,1.5312,1.5573,1.513,1.5417,1.68576e+07
AMGN,645370200,1.5312,1.5885,1.5208,1.5651,3.40896e+07
AMGN,645456600,1.5573,1.5781,1.5469,1.5677,9.9408e+06
AMGN,645715800,1.5625,1.5677,1.5469,1.5521,1.2216e+07
AMGN,645802200,1.5521,1.5677,1.5417,1.5677,8.424e+06
AMGN,645888600,1.5781,1.5885,1.5521,1.5729,8.2272e+06
AMGN,645975000,1.5677,1.6042,1.5677,1.5938,8.0688e+06
AMGN,646061400,1.625,1.6354,1.5573,1.5573,2.46816e+07
AMGN,646320600,1.5547,1.5729,1.5469,1.5573,9.744e+06
AMGN,646407000,1.5625,1.5729,1.5052,1.5208,1.71408e+07
AMGN,646493400,1.5156,1.5677,1.5104,1.5573,8.4672e+06
AMGN,646579800,1.5781,1.6146,1.5573,1.6146,1.78752e+07
AMGN,646666200,1.6146,1.6354,1.6042,1.6198,1.81008e+07
AMGN,646925400,1.625,1.625,1.6094,1.625,4.776e+06
AMGN,647011800,1.6146,1.6354,1.6146,1.6198,7.2e+06
AMGN,647184600,1.6198,1.625,1.6146,1.625,6.2496e+06
AMGN,647271000,1.6172,1.6667,1.6146,1.6615,1.12896e+07
AMGN,647530200,1.6719,1.6927,1.6615,1.6927,2.46864e+07
AMGN,647616600,1.6927,1.7083,1.6615,1.6615,1.22832e+07
AMGN,647703000,1.6615,1.6875,1.6406,1.6823,1.9872e+07
AMGN,647789400,1.6797,1.724,1.6797,1.7135,1.40928e+07
AMGN,647875800,1.7083,1.7344,1.7031,1.7188,1.25664e+07
AMGN,648135000,1.7188,1.7396,1.7135,1.7266,1.30464e+07
AMGN,648221400,1.7396,1.75,1.7083,1.7292,1.68e+07
AMGN,648307800,1.7188,1.7292,1.6875,1.724,2.08416e+07
AMGN,648394200,1.7135,1.7448,1.6979,1.7448,6.4992e+06
AMGN,648480600,1.7448,1.7812,1.7448,1.7656,1.27584e+07
AMGN,648739800,1.7812,1.8307,1.75,1.7812,3.5424e+07
AMGN,648826200,1.7995,1.8359,1.7969,1.8229,4.06992e+07
AMGN,648912600,1.8281,1.8854,1.8229,1.8854,2.82096e+07
AMGN,648999000,1.8906,1.9167,1.8698,1.9062,1.44048e+07
AMGN,649085400,1.8932,1.8958,1.8229,1.8359,1.60416e+07
AMGN,649344600,1.8229,1.8333,1.7604,1.8255,2.4696e+07
AMGN,649431000,1.8229,1.8333,1.724,1.7969,3.97152e+07
AMGN,649517400,1.7917,1.8542,1.7917,1.849,2.87328e+07
AMGN,649603800,1.8073,1.8698,1.8073,1.8542,1.9176e+07
AMGN,649690200,1.8438,1.8438,1.6927,1.7865,5.84928e+07
AMGN,649949400,1.7396,1.7396,1.651,1.6979,3.68208e+07
AMGN,650035800,1.7083,1.75,1.6458,1.6719,4.21392e+07
AMGN,650122200,1.6823,1.7344,1.651,1.7188,4.84368e+07
AMGN,650208600,1.7448,1.8125,1.7188,1.8125,3.62304e+07
AMGN,650295000,1.7917,1.8333,1.776,1.8333,2.72736e+07
AMGN,650554200,1.8125,1.9583,1.7708,1.9583,2.54736e+07
AMGN,650640600,2,2.0312,1.9688,2,3.31992e+07
AMGN,650727000,2.0208,2.0521,2,2.0312,3.81648e+07
AMGN,650813400,1.9896,2.0417,1.9375,1.9479,2.14368e+07
AMGN,650899800,1.8958,1.9062,1.8333,1.9062,3.03e+07
AMGN,651159000,1.9062,1.9583,1.8438,1.849,1.38936e+07
AMGN,651245400,1.8021,1.8333,1.7292,1.8021,2.93448e+07
AMGN,651331800,1.8333,1.8438,1.7604,1.7812,1.13016e+07
AMGN,651418200,1.6979,1.7708,1.6562,1.724,3.4128e+07
AMGN,651504600,1.75,1.8438,1.7292,1.8333,2.9184e+07
AMGN,651763800,1.9167,1.9583,1.8646,1.9115,1.75872e+07
AMGN,651850200,1.9167,1.9479,1.875,1.9167,1.05888e+07
AMGN,651936600,1.8958,1.9219,1.875,1.8958,1.0404e+07
AMGN,652023000,1.9062,1.9271,1.8229,1.8646,1.944e+07
AMGN,652109400,1.8542,1.9167,1.8542,1.8854,8.9472e+06
AMGN,652455000,1.8646,1.9062,1.8333,1.901,1.38432e+07
AMGN,652541400,1.8958,1.9167,1.8646,1.8958,1.0188e+07
AMGN,652627800,1.8438,1.875,1.7917,1.8333,9.3264e+06
AMGN,652714200,1.8229,1.8854,1.8125,1.8646,1.59984e+07
AMGN,652973400,1.9271,1.9479,1.9062,1.9167,1.2396e+07
AMGN,653059800,1.9167,1.9375,1.8958,1.9219,1.3452e+07
AMGN,653146200,1.9271,2,1.8958,2,2.18856e+07
AMGN,653232600,2.0312,2.0625,2,2.0208,2.59392e+07
AMGN,653319000,2.0208,2.0417,1.9792,2.0417,1.9332e+07
AMGN,653578200,2.0312,2.0729,2.0104,2.0625,1.25856e+07
AMGN,653664600,2.0521,2.0625,2,2.0625,1.4868e+07
AMGN,653751000,2.0833,2.1042,2.0208,2.0312,1.81344e+07
AMGN,653837400,2.0104,2.0417,1.9792,2,1.10688e+07
AMGN,653923800,2,2.0208,1.9375,1.9844,1.17768e+07
AMGN,654183000,1.9583,1.9688,1.8854,1.9531,1.56e+07
AMGN,654269400,1.9896,2.0521,1.9271,2.0469,1.60656e+07
AMGN,654355800,2.0417,2.0417,1.9896,2.026,1.30392e+07
AMGN,654442200,2.0417,2.0625,1.8854,1.9271,1.9128e+07
AMGN,654528600,1.875,1.8906,1.8073,1.8646,3.94392e+07
AMGN,654787800,1.9167,1.9479,1.8438,1.9375,2.1312e+07
AMGN,654874200,2,2.0104,1.9479,1.9531,1.67856e+07
AMGN,654960600,1.9479,2,1.8958,1.901,1.44768e+07
AMGN,655047000,1.875,1.8958,1.8229,1.8646,2.01312e+07
AMGN,655133400,1.8125,1.9271,1.7917,1.8646,1.49088e+07
AMGN,655392600,1.9375,1.9375,1.875,1.9062,4.3704e+06
AMGN,655479000,1.8542,1.8958,1.8438,1.8438,6.096e+06
AMGN,655565400,1.8229,1.8854,1.8021,1.8229,1.38864e+07
AMGN,655651800,1.8438,1.8646,1.7396,1.7708,2.52336e+07
AMGN,655738200,1.7917,1.8125,1.6927,1.75,2.6472e+07
AMGN,655997400,1.7812,1.8229,1.6979,1.8125,1.70976e+07
AMGN,656083800,1.7917,1.8125,1.75,1.8125,1.87608e+07
AMGN,656170200,1.8125,1.8333,1.7917,1.8125,1.10568e+07
AMGN,656256600,1.8542,1.8854,1.8333,1.8594,4.62744e+07
AMGN,656343000,1.8854,1.8958,1.8125,1.8229,3.6888e+07
AMGN,656602200,1.8125,1.9271,1.8125,1.9115,2.28096e+07
AMGN,656688600,1.9062,1.9167,1.875,1.9062,1.1916e+07
AMGN,656775000,1.8958,1.9792,1.8854,1.9688,1.73184e+07
AMGN,656861400,1.9688,1.9896,1.9271,1.9427,8.3784e+06
AMGN,656947800,1.9062,1.9375,1.8854,1.9062,7.1976e+06
AMGN,657210600,1.8958,1.9167,1.8333,1.8594,1.5708e+07
AMGN,657297000,1.9062,1.9479,1.875,1.9479,1.21152e+07
AMGN,657383400,1.9583,2,1.9375,1.9688,1.05672e+07
AMGN,657469800,1.9583,1.9896,1.9271,1.9896,1.39344e+07
AMGN,657556200,1.9896,2.0104,1.9688,1.9948,1.15632e+07
AMGN,657815400,2.0104,2.0208,1.9896,2.0208,5.5368e+06
AMGN,657901800,2.0104,2.0417,2.0104,2.0312,1.0584e+07
AMGN,657988200,2.0312,2.0312,1.9583,2,2.16984e+07
AMGN,658074600,2.0104,2.0417,1.9844,2,9.4536e+06
AMGN,658161000,2,2.0521,2,2.0417,9.2712e+06
AMGN,658420200,2.0625,2.1354,2.0417,2.0938,2.5788e+07
AMGN,658506600,2.1042,2.1562,2.0625,2.1458,1.70472e+07
AMGN,658593000,2.125,2.2188,2.125,2.1979,1.7388e+07
AMGN,658679400,2.1875,2.2292,2.1771,2.1771,1.1304e+07
AMGN,658765800,2.1875,2.1979,2.1562,2.1979,5.9256e+06
AMGN,659025000,2.224,2.3125,2.2083,2.3125,1.2636e+07
AMGN,659111400,2.3125,2.3229,2.2292,2.2448,1.36464e+07
AMGN,659197800,2.2396,2.2708,2.1875,2.2292,1.27152e+07
AMGN,659370600,2.2396,2.2396,2.2188,2.2292,2.9664e+06
AMGN,659629800,2.2188,2.2812,2.2083,2.276,5.2272e+06
AMGN,659716200,2.3021,2.375,2.2917,2.3646,1.68312e+07
AMGN,659802600,2.3854,2.3958,2.3542,2.375,1.4148e+07
AMGN,659889000,2.375,2.4062,2.3333,2.4062,9.3288e+06
AMGN,659975400,2.3958,2.4271,2.375,2.4167,1.05072e+07
AMGN,660234600,2.4375,2.4479,2.2812,2.3073,2.81784e+07
AMGN,660321000,2.3021,2.3854,2.2917,2.3646,2.35848e+07
AMGN,660407400,2.3646,2.375,2.3333,2.3333,2.02968e+07
AMGN,660493800,2.3542,2.3594,2.2344,2.2396,3.5784e+07
AMGN,660580200,2.25,2.2604,2.1667,2.2604,1.87536e+07
AMGN,660839400,2.2708,2.3646,2.2604,2.3646,1.4124e+07
AMGN,660925800,2.375,2.4271,2.3698,2.401,1.13112e+07
AMGN,661012200,2.375,2.3854,2.2708,2.2708,1.47432e+07
AMGN,661098600,2.3021,2.4167,2.2917,2.3542,1.71912e+07
AMGN,661185000,2.3229,2.4688,2.3021,2.4688,2.80512e+07
AMGN,661444200,2.4688,2.5938,2.4583,2.5729,2.97504e+07
AMGN,661530600,2.6042,2.6458,2.5833,2.6406,2.27208e+07
AMGN,661617000,2.6354,2.6458,2.5417,2.5938,1.53096e+07
AMGN,661703400,2.5833,2.5938,2.5417,2.5521,1.33416e+07
AMGN,661789800,2.5833,2.6042,2.5521,2.5833,1.0752e+07
AMGN,662049000,2.5938,2.5938,2.5625,2.5833,1.98e+06
AMGN,662221800,2.5833,2.5833,2.5208,2.5417,7.0152e+06
AMGN,662308200,2.5521,2.5521,2.4583,2.5208,1.39704e+07
AMGN,662394600,2.5,2.5625,2.5,2.5521,9.1896e+06
AMGN,662653800,2.5521,2.5938,2.5312,2.5938,8.5128e+06
AMGN,662826600,2.5833,2.6875,2.5625,2.6562,1.99704e+07
AMGN,662913000,2.6458,2.6667,2.5,2.5052,1.74408e+07
AMGN,662999400,2.5104,2.5312,2.4583,2.5,1.62648e+07
AMGN,663258600,2.4792,2.4896,2.4062,2.4062,1.51992e+07
AMGN,663345000,2.4062,2.4583,2.3542,2.4479,2.46336e+07
AMGN,663431400,2.4792,2.5625,2.4167,2.4323,2.75112e+07
AMGN,663517800,2.4792,2.5417,2.4479,2.5208,1.368e+07
AMGN,663604200,2.5104,2.5729,2.5,2.5104,9.3624e+06
AMGN,663863400,2.4583,2.5104,2.4583,2.4896,1.1412e+07
AMGN,663949800,2.4792,2.5312,2.4792,2.5104,1.10952e+07
AMGN,664036200,2.5312,2.6354,2.526,2.6146,2.11872e+07
AMGN,664122600,2.7604,2.7708,2.6562,2.7292,2.70408e+07
AMGN,664209000,2.6979,2.75,2.6771,2.7448,1.00104e+07
AMGN,664468200,2.7396,2.9271,2.7292,2.9062,2.24544e+07
AMGN,664554600,2.9167,2.9167,2.8333,2.8646,1.38792e+07
AMGN,664641000,2.8438,2.9688,2.8438,2.9479,1.73976e+07
AMGN,664727400,2.9792,3.0781,2.9792,3.0104,2.01888e+07
AMGN,664813800,3.0104,3.0521,2.9792,3.0052,1.61736e+07
AMGN,665073000,2.9896,3.0312,2.9896,3,9.1032e+06
AMGN,665159400,3.0104,3.0833,2.9896,3.0781,1.17912e+07
AMGN,665245800,3.0833,3.0833,2.9479,3.0781,3.04536e+07
AMGN,665332200,3.0729,3.125,3.0417,3.0729,1.17096e+07
AMGN,665418600,3.0833,3.1771,3.0312,3.1667,1.2348e+07
AMGN,665677800,3.1667,3.3438,3.1562,3.3125,1.85496e+07
AMGN,665764200,3.3333,3.5,3.3229,3.4583,2.99184e+07
AMGN,665850600,3.4479,3.5729,3.4271,3.4583,1.41888e+08
AMGN,665937000,3.4583,3.5104,3.3177,3.3385,4.03344e+07
AMGN,666023400,3.1458,3.3125,3.1354,3.2917,4.78128e+07
AMGN,666282600,3.25,3.2604,3.1667,3.2396,4.17624e+07
AMGN,666369000,3.2396,3.3125,3.2188,3.2604,2.34696e+07
AMGN,666455400,3.2708,3.3958,3.25,3.375,1.31256e+07
AMGN,666541800,3.4062,3.4792,3.4062,3.4583,3.70392e+07
AMGN,666628200,3.4688,3.5521,3.4688,3.5365,2.45856e+07
AMGN,666973800,3.5104,3.5938,3.5104,3.5885,2.85168e+07
AMGN,667060200,3.5833,3.7083,3.5833,3.6979,1.8804e+07
AMGN,667146600,3.7292,3.9844,3.7083,3.9792,4.31016e+07
AMGN,667233000,4.0521,4.3854,4.0521,4.2396,5.75376e+07
AMGN,667492200,4.2812,4.3438,4.0312,4.1198,3.5052e+07
AMGN,667578600,4.0625,4.125,4.0104,4.0625,2.92416e+07
AMGN,667665000,4.0104,4.0521,3.8125,3.8854,7.17696e+07
AMGN,667751400,3.875,3.9062,3.7083,3.8021,4.55184e+07
AMGN,667837800,3.7604,3.9896,3.75,3.9635,3.31728e+07
AMGN,668097000,4,4.1042,3.9792,4.0417,1.70472e+07
AMGN,668183400,4.0521,4.2448,3.9948,4.2083,2.11008e+07
AMGN,668269800,5.0208,5.0417,4.2188,4.7083,4.91496e+07
AMGN,668356200,4.7604,5.4375,4.7604,5.3802,6.25992e+07
AMGN,668442600,5.4062,5.4167,5.1667,5.2604,3.9384e+07
AMGN,668701800,5.1979,5.2292,5.1042,5.1458,1.76376e+07
AMGN,668788200,5.0625,5.0938,4.8333,4.875,2.31888e+07
AMGN,668874600,4.8698,5.1562,4.8438,5.125,2.61888e+07
AMGN,668961000,5.2917,5.3646,5.1667,5.2083,1.71888e+07
AMGN,669047400,5.1979,5.2604,5.0208,5.0938,1.0236e+07
AMGN,669306600,5.0208,5.0625,4.9479,5.026,9.4656e+06
AMGN,669393000,4.9375,5.25,4.8958,5.1458,1.83696e+07
AMGN,669479400,5.1875,5.25,5.1458,5.2083,9.984e+06
AMGN,669565800,5.2604,5.3333,5.0417,5.0938,1.9908e+07
AMGN,669652200,5.0625,5.1354,4.9896,5,1.29264e+07
AMGN,669911400,5.1458,5.2917,5.0833,5.2812,1.15824e+07
AMGN,669997800,5.3438,5.4479,5.3021,5.4167,1.87272e+07
AMGN,670084200,5.4479,5.5521,5.4375,5.5104,2.01528e+07
AMGN,670170600,5.5312,5.5521,5.4271,5.4688,8.9712e+06
AMGN,670516200,5.4271,5.4583,5.3333,5.3646,9.4056e+06
AMGN,670602600,5.4167,5.5,5.375,5.4792,1.22088e+07
AMGN,670689000,5.5521,5.5625,5.4062,5.4271,7.1256e+06
AMGN,670775400,5.4479,5.5521,5.3333,5.4583,1.23048e+07
AMGN,670861800,5.5417,5.5729,5.4062,5.4062,1.23624e+07
AMGN,671117400,5.4062,5.4375,5.2812,5.3646,1.44192e+07
AMGN,671203800,5.3646,5.3646,5.2188,5.2708,8.5704e+06
AMGN,671290200,5.2708,5.3594,5.1354,5.1771,1.62264e+07
AMGN,671376600,5.3333,5.4167,5.3021,5.4167,2.52528e+07
AMGN,671463000,5.4792,5.5625,5.4271,5.5625,1.51392e+07
AMGN,671722200,5.5833,5.5938,5.4583,5.5,1.02312e+07
AMGN,671808600,5.4479,5.5833,5.4375,5.5625,6.8448e+06
AMGN,671895000,5.5938,5.6354,5.4792,5.5,9.9768e+06
AMGN,671981400,5.4583,5.4583,5.3229,5.375,1.3416e+07
AMGN,672067800,5.2812,5.3542,5.2396,5.3125,9.5448e+06
AMGN,672327000,5.2708,5.5625,5.1875,5.5208,2.12112e+07
AMGN,672413400,5.5729,5.6667,5.4896,5.5104,1.8036e+07
AMGN,672499800,5.5,5.625,5.5,5.5833,1.02048e+07
AMGN,672586200,5.5833,5.6146,5.5208,5.6042,1.03128e+07
AMGN,672672600,5.5417,5.625,5.4583,5.5833,1.01904e+07
AMGN,672931800,5.6354,5.6458,5.4479,5.4896,1.09224e+07
AMGN,673018200,5.3958,5.4479,5.125,5.2812,3.44808e+07
AMGN,673104600,5.2812,5.5312,5.2604,5.3854,1.52784e+07
AMGN,673191000,5.6562,5.7083,5.5,5.5729,4.04448e+07
AMGN,673277400,5.5521,5.5938,5.4792,5.5417,1.44912e+07
AMGN,673536600,5.4167,5.4792,5.2917,5.4167,1.48584e+07
AMGN,673623000,5.3958,5.5,5.2917,5.3229,1.3176e+07
AMGN,673709400,5.2917,5.3333,5.2083,5.2812,1.31952e+07
AMGN,673795800,5.3542,5.4375,5.2292,5.3854,7.5576e+06
AMGN,673882200,5.3958,5.4375,5.2292,5.2604,8.6256e+06
AMGN,674141400,5.2604,5.2604,5,5.0625,3.13464e+07
AMGN,674227800,4.9583,5,4.8438,4.9062,3.08328e+07
AMGN,674314200,4.8542,4.9583,4.7292,4.8333,3.35112e+07
AMGN,674400600,4.875,4.9792,4.8646,4.9792,1.51608e+07
AMGN,674487000,4.9583,5.1354,4.9167,5.1146,1.57968e+07
AMGN,674746200,5.0729,5.1771,5.0417,5.1146,1.06248e+07
AMGN,674832600,5.1458,5.1771,5.1146,5.1458,1.01496e+07
AMGN,674919000,5.1667,5.1875,5.026,5.0729,1.7724e+07
AMGN,675005400,5.0625,5.2292,5.0625,5.1875,1.34976e+07
AMGN,675091800,5.1875,5.25,5.1875,5.2292,6.504e+06
AMGN,675437400,5.25,5.4062,5.2396,5.4062,1.13712e+07
AMGN,675523800,5.4583,5.5417,5.3958,5.4583,1.42872e+07
AMGN,675610200,5.3958,5.4167,5.25,5.276,2.17872e+07
AMGN,675696600,5.2812,5.3125,5.0208,5.0938,3.29808e+07
AMGN,675955800,5.1146,5.1458,5.0417,5.0625,1.17696e+07
AMGN,676042200,5.0208,5.1146,4.9792,5.099,7.9608e+06
AMGN,676128600,5.1354,5.1354,5.0625,5.0729,2.9328e+06
AMGN,676215000,5.0833,5.0833,4.8646,4.875,1.93584e+07
AMGN,676301400,4.8229,4.9167,4.7917,4.9115,1.45584e+07
AMGN,676560600,4.8438,5.0208,4.8438,5,6.8904e+06
AMGN,676647000,5.0104,5.0625,4.9479,4.9688,7.0968e+06
AMGN,676733400,4.9167,4.9479,4.7812,4.8229,1.40112e+07
AMGN,676819800,4.8646,4.9062,4.6875,4.7917,1.8192e+07
AMGN,676906200,4.8333,4.9583,4.8125,4.9167,1.20408e+07
AMGN,677165400,5,5.0625,4.9167,4.9479,7.3608e+06
AMGN,677251800,4.9271,4.9688,4.8854,4.8854,7.812e+06
AMGN,677338200,4.8542,4.875,4.8073,4.8281,9.468e+06
AMGN,677424600,4.7917,4.9167,4.7917,4.8958,5.6376e+06
AMGN,677511000,4.9167,4.9583,4.8854,4.8958,2.8344e+06
AMGN,677770200,4.8542,4.8854,4.75,4.75,5.4432e+06
AMGN,677856600,4.8125,4.8438,4.5417,4.5417,1.98984e+07
AMGN,677943000,4.5417,4.625,4.4375,4.6146,3.75216e+07
AMGN,678029400,4.7292,4.9375,4.6875,4.9062,2.15976e+07
AMGN,678115800,4.8958,4.9167,4.8125,4.9115,1.10736e+07
AMGN,678375000,4.8229,4.9167,4.8125,4.875,9.7272e+06
AMGN,678461400,4.8125,4.875,4.7917,4.8385,5.8344e+06
AMGN,678547800,4.8333,4.8542,4.7708,4.7812,5.8872e+06
AMGN,678720600,4.7708,4.8542,4.7708,4.8438,2.268e+06
AMGN,678979800,4.8125,5.1042,4.7812,5.0833,1.80912e+07
AMGN,679066200,5.1562,5.1667,5.0625,5.0938,1.26072e+07
AMGN,679152600,5.1042,5.2292,5.1042,5.1771,1.57944e+07
AMGN,679239000,5.2083,5.2396,5.1458,5.2396,8.6808e+06
AMGN,679325400,5.3125,5.3229,5.2188,5.3229,1.08696e+07
AMGN,679584600,5.3854,5.5,5.3333,5.4688,1.5144e+07
AMGN,679671000,5.5104,5.5417,5.4375,5.4479,1.25496e+07
AMGN,679757400,5.3854,5.5104,5.3438,5.5,1.34664e+07
AMGN,679843800,5.5833,5.625,5.5625,5.6146,2.14872e+07
AMGN,679930200,5.7708,5.7917,5.7083,5.7708,2.91936e+07
AMGN,680189400,5.7292,5.7917,5.6979,5.7812,8.7072e+06
AMGN,680275800,5.7812,5.9479,5.7812,5.8854,1.8864e+07
AMGN,680362200,5.8958,5.9688,5.7708,5.8125,1.59864e+07
AMGN,680448600,5.8125,5.8438,5.6875,5.7396,1.08312e+07
AMGN,680535000,5.7396,5.9062,5.6875,5.8646,1.24224e+07
AMGN,680794200,5.9062,6.0417,5.8229,6.0312,7.7616e+06
AMGN,680880600,6.0938,6.2396,6.0312,6.2083,2.0112e+07
AMGN,680967000,6.2188,6.25,6.0729,6.1667,1.416e+07
AMGN,681053400,6.1771,6.1771,6.0208,6.0938,1.49472e+07
AMGN,681139800,6.1875,6.1875,6.0729,6.1146,6.8904e+06
AMGN,681399000,6.0729,6.0938,5.9583,6.0521,7.9536e+06
AMGN,681485400,6.0417,6.0729,5.9167,5.9479,1.20384e+07
AMGN,681571800,5.9792,6.0625,5.9271,6.0417,9.732e+06
AMGN,681658200,6.0417,6.125,6.0312,6.1146,5.64e+06
AMGN,681744600,6.1042,6.1667,6.0729,6.0938,4.3416e+06
AMGN,682003800,6.0833,6.1146,6,6.1042,6.4344e+06
AMGN,682090200,6.125,6.2604,6.1146,6.2188,1.09632e+07
AMGN,682176600,6.2708,6.3021,6.2083,6.2396,1.02168e+07
AMGN,682263000,6.2396,6.2396,6.1146,6.125,9.984e+06
AMGN,682349400,6.0833,6.125,6.0208,6.0833,5.052e+06
AMGN,682608600,5.7812,6.0208,5.75,5.9688,2.53368e+07
AMGN,682695000,6.0417,6.0833,5.9792,6.0729,1.07232e+07
AMGN,682781400,6.1875,6.3542,6.0625,6.3542,1.89744e+07
AMGN,682867800,6.3646,6.4167,6.2812,6.3021,8.9088e+06
AMGN,682954200,6.2812,6.3854,6.2396,6.2708,7.608e+06
AMGN,683213400,6.2604,6.3854,6.2292,6.3802,4.1688e+06
AMGN,683299800,6.3542,6.4479,6.3021,6.4479,1.20024e+07
AMGN,683386200,6.4583,6.7917,6.4375,6.7812,1.77744e+07
AMGN,683472600,6.8125,6.8333,6.6146,6.6354,1.62e+07
AMGN,683559000,6.6354,6.6979,6.5938,6.6562,6.672e+06
AMGN,683904600,6.6979,6.6979,6.5521,6.5521,9.0744e+06
AMGN,683991000,6.5417,6.5625,6.4479,6.5312,7.7088e+06
AMGN,684077400,6.5208,6.6771,6.5208,6.6042,7.3416e+06
AMGN,684163800,6.6146,6.6146,6.4792,6.5729,7.392e+06
AMGN,684423000,6.5833,6.7917,6.5104,6.7917,7.2768e+06
AMGN,684509400,6.8646,6.9375,6.6562,6.6823,1.59744e+07
AMGN,684595800,6.9375,7.0312,6.7188,6.9531,2.00112e+07
AMGN,684682200,7.0938,7.25,7,7.25,2.11344e+07
AMGN,684768600,7.25,7.3125,6.9375,6.9531,2.38128e+07
AMGN,685027800,7.0625,7.125,6.9375,7,1.1732e+07
AMGN,685114200,7.125,7.125,6.875,6.8906,1.1444e+07
AMGN,685200600,6.9062,6.9844,6.8125,6.9062,9.3632e+06
AMGN,685287000,7,7.1562,6.9375,7.125,9.236e+06
AMGN,685373400,7.25,7.3125,7.0625,7.2812,1.17264e+07
AMGN,685632600,7.125,7.1562,6.875,7.1094,1.20936e+07
AMGN,685719000,7.125,7.1875,6.8438,6.9844,1.36416e+07
AMGN,685805400,7.0938,7.125,7,7.0312,6.252e+06
AMGN,685891800,7,7,6.8125,6.9062,5.9256e+06
AMGN,685978200,7,7.0938,6.6875,6.8125,1.01504e+07
AMGN,686237400,6.7812,7.0469,6.7188,6.9062,5.4048e+06
AMGN,686323800,7,7.0312,6.8125,7,6.1632e+06
AMGN,686410200,6.9375,7.0625,6.875,6.9688,4.6128e+06
AMGN,686496600,6.9375,6.9688,6.5938,6.6875,1.47936e+07
AMGN,686583000,6.6875,6.8125,6.5312,6.6094,1.14416e+07
AMGN,686842200,6.4375,6.9062,6.375,6.8594,2.3108e+07
AMGN,686928600,6.8438,7.0312,6.7812,6.9688,1.10576e+07
AMGN,687015000,6.9688,7,6.8438,6.9062,6.1776e+06
AMGN,687101400,6.9062,7,6.8125,6.9688,4.68e+06
AMGN,687187800,7.0312,7.125,6.9688,7.0625,5.096e+06
AMGN,687447000,7.125,7.3438,7.0938,7.3438,1.05216e+07
AMGN,687533400,7.4375,7.75,7.4062,7.7188,1.75088e+07
AMGN,687619800,7.75,7.875,7.6719,7.8438,9.5872e+06
AMGN,687706200,7.7812,7.8438,7.625,7.7656,1.26264e+07
AMGN,687792600,7.8438,7.8438,7.375,7.5312,2.46576e+07
AMGN,688051800,7.5938,7.625,7.4688,7.5156,8.9832e+06
AMGN,688138200,7.5938,7.75,7.5625,7.6875,8.0016e+06
AMGN,688224600,7.75,7.9375,7.75,7.875,9.2136e+06
AMGN,688311000,7.8125,7.8125,7.4688,7.6406,1.09176e+07
AMGN,688397400,7.5938,7.625,7.3438,7.375,1.12528e+07
AMGN,688660200,7.4688,7.5312,7.3125,7.3281,8.8968e+06
AMGN,688746600,7.3438,7.4375,7.125,7.4375,1.54688e+07
AMGN,688833000,7.5,7.6562,7.4375,7.5625,1.09384e+07
AMGN,688919400,7.5938,7.5938,7.375,7.5,7.0784e+06
AMGN,689005800,7.5312,7.5938,7.25,7.2812,9.7032e+06
AMGN,689265000,7.2812,7.2812,7,7.0938,1.21016e+07
AMGN,689351400,7.0625,7.25,7.0625,7.1562,7.6448e+06
AMGN,689437800,7.125,7.1719,7,7.0625,7.9232e+06
AMGN,689524200,7.0312,7.0312,6.9062,6.9375,1.08688e+07
AMGN,689610600,7,7.25,6.9375,7.1875,1.4868e+07
AMGN,689869800,7.1875,7.4375,7.0938,7.375,7.988e+06
AMGN,689956200,7.4375,7.5,7.3906,7.4219,1.07656e+07
AMGN,690042600,7.25,7.4062,7.2031,7.3594,1.10792e+07
AMGN,690129000,7.375,7.4375,7.1562,7.1875,1.1372e+07
AMGN,690215400,7.0938,7.125,6.4688,6.5,2.91408e+07
AMGN,690474600,6.5,6.9375,6.4688,6.875,2.8372e+07
AMGN,690561000,6.8125,7.0312,6.5625,7.0312,1.5812e+07
AMGN,690647400,7.0938,7.1875,6.9688,7.0938,1.3788e+07
AMGN,690733800,7.0312,7.0938,6.9062,6.9688,8.2272e+06
AMGN,690820200,6.875,6.9375,6.7812,6.9062,1.40136e+07
AMGN,691079400,6.8438,6.9688,6.8125,6.8438,6.6848e+06
AMGN,691165800,6.875,6.9375,6.75,6.9375,9.4112e+06
AMGN,691252200,6.9375,6.9688,6.8125,6.9688,5.096e+06
AMGN,691425000,6.9375,7.0938,6.9062,7,3.4608e+06
AMGN,691684200,7.0312,7.4688,6.9375,7.4688,1.37376e+07
AMGN,691770600,7.4688,7.4688,7.2188,7.2188,1.07488e+07
AMGN,691857000,7.3125,7.375,7.25,7.375,1.28688e+07
AMGN,691943400,7.3125,7.5625,7.3125,7.4844,1.03528e+07
AMGN,692029800,7.5312,7.7812,7.5312,7.7812,1.71688e+07
AMGN,692289000,7.7812,8,7.75,7.7812,1.15e+07
AMGN,692375400,7.625,7.875,7.625,7.75,7.4992e+06
AMGN,692461800,7.8438,7.875,7.5625,7.625,9.276e+06
AMGN,692548200,7.6875,7.75,7.625,7.6719,4.5368e+06
AMGN,692634600,7.6562,7.8438,7.6562,7.8281,7.8688e+06
AMGN,692893800,7.7812,7.9062,7.7812,7.7812,5.7504e+06
AMGN,692980200,7.5938,7.5938,7.3438,7.5625,1.59616e+07
AMGN,693066600,7.4375,7.5,7.2812,7.4062,9.988e+06
AMGN,693153000,7.2812,7.375,7.25,7.2812,6.7848e+06
AMGN,693239400,7.5625,7.6875,7.4688,7.5312,1.6196e+07
AMGN,693498600,7.5312,7.6094,7.4688,7.5625,8.8472e+06
AMGN,693585000,7.5938,7.75,7.5938,7.625,8.3952e+06
AMGN,693757800,7.625,7.9375,7.625,7.9062,9.5168e+06
AMGN,693844200,7.9688,8.2812,7.9688,8.1875,1.66216e+07
AMGN,694103400,8.3438,8.6875,8.3125,8.6719,1.74176e+07
AMGN,694189800,8.9062,9.5,8.8125,9.4688,6.00608e+07
AMGN,694362600,9,9.3438,8.9688,9.3438,2.57776e+07
AMGN,694449000,9.3438,9.4062,9.125,9.3438,1.01824e+07
AMGN,694708200,9.3438,9.3438,9.0312,9.2188,1.15568e+07
AMGN,694794600,9.0312,9.25,8.9688,9.2031,1.03728e+07
AMGN,694881000,9.125,9.4375,9.0625,9.3281,1.29128e+07
AMGN,694967400,9.375,9.5312,9.2812,9.375,1.29744e+07
AMGN,695053800,9.3125,9.4688,9.0938,9.4688,1.35256e+07
AMGN,695313000,9.4688,9.7812,9.4375,9.5938,1.40824e+07
AMGN,695399400,9.625,9.75,9.4688,9.6875,8.4944e+06
AMGN,695485800,9.625,9.7031,9.0312,9.125,2.11664e+07
AMGN,695572200,9.0312,9.0312,8.5,8.5781,3.54576e+07
AMGN,695658600,8.5,8.8438,8.5,8.75,1.37e+07
AMGN,695917800,8.75,8.7812,8.4375,8.4688,9.568e+06
AMGN,696004200,8.4688,8.5312,8.25,8.2812,1.61208e+07
AMGN,696090600,8.2812,8.875,8.2812,8.875,1.44232e+07
AMGN,696177000,9.1562,9.1875,8.6562,8.8438,1.37776e+07
AMGN,696263400,8.8438,8.9375,8.7188,8.7812,9.456e+06
AMGN,696522600,8.7188,8.7812,8.3438,8.375,1.0304e+07
AMGN,696609000,8.4062,8.5938,8.25,8.4062,1.61176e+07
AMGN,696695400,8.4062,8.7812,8.375,8.4375,1.12704e+07
AMGN,696781800,8.5,9,8.4062,8.9688,1.08096e+07
AMGN,696868200,8.6562,8.8438,8.4688,8.8125,1.66224e+07
AMGN,697127400,8.8125,8.9688,8.5625,8.7188,9.4448e+06
AMGN,697213800,8.9375,9,8.6562,8.875,1.6496e+07
AMGN,697300200,8.9062,9.0312,8.7812,8.8281,1.02656e+07
AMGN,697386600,8.875,8.9062,8.625,8.6875,8.0584e+06
AMGN,697473000,8.7188,8.8125,8.4688,8.4844,1.4548e+07
AMGN,697732200,8.4062,8.4062,8.0938,8.2812,2.19344e+07
AMGN,697818600,8.3125,8.3438,8.0625,8.125,1.51888e+07
AMGN,697905000,8.1875,8.5312,8.0938,8.5156,1.04896e+07
AMGN,697991400,8.5312,8.5938,8.2188,8.3438,9.9e+06
AMGN,698077800,8.25,8.3125,8.1562,8.1562,6.8736e+06
AMGN,698423400,8.1562,8.1562,7.6562,7.7812,1.75376e+07
AMGN,698509800,7.6562,7.9688,7.5625,7.875,2.78056e+07
AMGN,698596200,7.9688,8.125,7.9062,8.0625,1.13496e+07
AMGN,698682600,8,8.0625,7.7812,7.875,1.19344e+07
AMGN,698941800,7.8438,8.0312,7.7188,7.8438,8.4552e+06
AMGN,699028200,7.9062,8,7.6562,7.9375,1.23088e+07
AMGN,699114600,8.0938,8.375,8.0312,8.3281,1.19096e+07
AMGN,699201000,8.4375,8.5312,8.2188,8.2344,1.17328e+07
AMGN,699287400,8.25,8.3125,8,8.1562,8.3784e+06
AMGN,699546600,8.1875,8.375,8.1875,8.3438,5.9392e+06
AMGN,699633000,8.375,8.4375,8.2188,8.2656,9.536e+06
AMGN,699719400,8.25,8.3125,7.9844,8.0312,5.9664e+06
AMGN,699805800,8,8,7.6875,7.7969,9.8256e+06
AMGN,699892200,7.8125,7.875,7.5312,7.625,2.14064e+07
AMGN,700151400,7.6562,7.8125,7.5938,7.7812,4.9112e+06
AMGN,700237800,7.9062,8.1875,7.8438,8.1719,1.33304e+07
AMGN,700324200,8.125,8.375,8,8.0312,1.88336e+07
AMGN,700410600,7.9375,8.0625,7.8438,7.875,9.5088e+06
AMGN,700497000,7.9375,8.0312,7.8125,8.0312,5.8784e+06
AMGN,700756200,7.9375,8.0312,7.8438,7.9688,4.4048e+06
AMGN,700842600,7.9688,8.1562,7.9375,8.0625,3.5808e+06
AMGN,700929000,8.125,8.2188,7.875,8.0938,5.9248e+06
AMGN,701015400,8.0625,8.0625,7.9375,7.9844,4.84e+06
AMGN,701101800,7.9375,8,7.8125,7.8281,7.124e+06
AMGN,701361000,7.8125,7.9375,7.6875,7.9219,8.1928e+06
AMGN,701447400,7.9375,8.0312,7.75,7.875,1.03984e+07
AMGN,701533800,7.875,8,7.7812,7.9688,5.2208e+06
AMGN,701620200,7.9375,8,7.75,7.8125,6.1024e+06
AMGN,701706600,7.7188,7.7812,7.5,7.6875,1.57432e+07
AMGN,701965800,7.6875,7.8438,7.5625,7.7969,1.15208e+07
AMGN,702052200,7.875,7.9688,7.6562,7.8125,1.40256e+07
AMGN,702138600,7.6875,7.8125,7.625,7.7812,1.00144e+07
AMGN,702225000,7.7188,7.75,7.4062,7.4375,2.57104e+07
AMGN,702311400,7.4062,7.5312,7.2188,7.5,2.12576e+07
AMGN,702567000,7.5,7.625,7.4688,7.5625,8.2936e+06
AMGN,702653400,7.5625,7.625,7.2188,7.3281,1.534e+07
AMGN,702739800,7.25,7.2969,6.875,7.1562,2.6804e+07
AMGN,702826200,7.2188,7.5,7.125,7.4844,1.56144e+07
AMGN,702912600,7.5938,7.625,7.25,7.375,1.5324e+07
AMGN,703171800,7.4062,7.5312,7.3438,7.5,4.6992e+06
AMGN,703258200,7.5625,7.7812,7.4688,7.625,9.1392e+06
AMGN,703344600,7.6875,7.6875,7.375,7.4219,9.772e+06
AMGN,703431000,7.3438,7.4062,7,7.125,1.51112e+07
AMGN,703776600,7.0938,7.0938,6.5,6.8125,2.37304e+07
AMGN,703863000,6.9688,7.25,6.9062,7.1719,1.97944e+07
AMGN,703949400,6.625,7.1562,6.5625,6.875,2.80208e+07
AMGN,704035800,6.9688,7.0938,6.4375,6.625,2.65296e+07
AMGN,704122200,6.625,6.6875,6.375,6.4531,2.04896e+07
AMGN,704381400,6.4375,6.625,6.4062,6.4375,1.04664e+07
AMGN,704467800,6.4688,6.4688,6.1562,6.25,1.88504e+07
AMGN,704554200,6.2188,6.75,6.2188,6.75,2.24792e+07
AMGN,704640600,6.7344,7.0625,6.7344,7,1.39288e+07
AMGN,704727000,7.0625,7.1562,6.8125,6.8438,1.14584e+07
AMGN,704986200,6.9062,7.0938,6.875,7,7.4624e+06
AMGN,705072600,7.0312,7.1562,7,7.0781,8.988e+06
AMGN,705159000,7.125,7.1562,7.0625,7.125,8.776e+06
AMGN,705245400,7.0625,7.125,6.8438,6.875,9.0056e+06
AMGN,705331800,6.9375,6.9688,6.7188,6.8281,5.8888e+06
AMGN,705591000,6.8125,6.8438,6.5938,6.6406,7.98e+06
AMGN,705677400,6.625,6.6875,6.5312,6.6562,5.8808e+06
AMGN,705763800,6.6562,6.9375,6.6562,6.875,7.8472e+06
AMGN,705850200,6.9375,6.9375,6.6562,6.7188,9.9368e+06
AMGN,705936600,6.6875,6.875,6.6562,6.8438,6.8808e+06
AMGN,706195800,6.9062,6.9375,6.75,6.8125,5.6344e+06
AMGN,706282200,6.7812,7.0938,6.7188,7.0469,6.8584e+06
AMGN,706368600,7.0938,7.1875,7,7.1562,9.6808e+06
AMGN,706455000,7.1562,7.4062,7.0625,7.375,1.39056e+07
AMGN,706541400,7.4062,7.4844,7.3125,7.3594,6.8872e+06
AMGN,706887000,7.3438,7.375,7.1562,7.2188,6.2656e+06
AMGN,706973400,7.25,7.4062,7.2188,7.3594,8.284e+06
AMGN,707059800,7.375,7.6406,7.2812,7.625,1.13976e+07
AMGN,707146200,7.6562,7.7344,7.5312,7.625,1.4028e+07
AMGN,707405400,7.5938,7.6875,7.4531,7.5938,9.3608e+06
AMGN,707491800,7.625,7.625,7.4375,7.5156,9.3208e+06
AMGN,707578200,7.4688,7.6562,7.375,7.6094,9.1784e+06
AMGN,707664600,7.6562,7.6875,7.5312,7.5625,5.0552e+06
AMGN,707751000,7.625,7.625,7.4375,7.5156,4.5872e+06
AMGN,708010200,7.4688,7.4688,7.2188,7.2656,1.148e+07
AMGN,708096600,7.25,7.3125,6.9688,6.9688,1.23304e+07
AMGN,708183000,6.9688,7.0312,6.8438,6.875,5.8848e+06
AMGN,708269400,6.8438,7.0312,6.8438,7.0312,6.3608e+06
AMGN,708355800,7.0312,7.0938,7,7.0625,4.2352e+06
AMGN,708615000,7.0312,7.125,6.9688,7.1094,4.3432e+06
AMGN,708701400,7.0625,7.1562,7.0312,7.0312,4.9608e+06
AMGN,708787800,7,7.0938,6.75,6.8438,6.2488e+06
AMGN,708874200,6.7812,6.8125,6.6562,6.7812,6.3656e+06
AMGN,708960600,6.8125,6.9062,6.6875,6.8125,6.132e+06
AMGN,709219800,6.7188,7.0156,6.7188,7,1.2736e+07
AMGN,709306200,7.0312,7.25,6.9688,7.125,1.0732e+07
AMGN,709392600,7.125,7.1875,7.0312,7.0469,8.2184e+06
AMGN,709479000,7.1562,7.1875,7.0312,7.0938,9.8688e+06
AMGN,709565400,7.0625,7.25,7.0156,7.1875,6.4696e+06
AMGN,709824600,7.25,7.625,7.2188,7.625,1.32416e+07
AMGN,709911000,7.625,7.6875,7.5312,7.6094,1.10544e+07
AMGN,709997400,7.5625,7.7812,7.5,7.625,9.084e+06
AMGN,710083800,7.6875,7.8438,7.4375,7.7031,1.15256e+07
AMGN,710429400,7.6875,7.9375,7.5938,7.9062,1.04888e+07
AMGN,710515800,7.9688,8.0625,7.8438,7.8438,1.30496e+07
AMGN,710602200,7.7812,7.8438,7.625,7.7188,6.94e+06
AMGN,710688600,7.7812,8,7.7812,7.875,1.10176e+07
AMGN,710775000,7.9375,7.9375,7.7812,7.8125,6.876e+06
AMGN,711034200,7.9062,7.9688,7.8125,7.9375,8.5056e+06
AMGN,711120600,7.9375,8,7.875,8,4.6416e+06
AMGN,711207000,8,8.0625,7.9375,8.0156,5.4584e+06
AMGN,711293400,7.9688,8.0625,7.9375,7.9688,6.4032e+06
AMGN,711379800,8,8.0469,7.8438,7.875,7.6632e+06
AMGN,711639000,7.7812,7.8438,7.6875,7.7812,7.2816e+06
AMGN,711725400,7.7812,7.8438,7.6875,7.75,5.4128e+06
AMGN,711811800,7.875,8.1875,7.8438,8.125,2.06904e+07
AMGN,711898200,8.125,8.125,7.9688,8.0469,9.636e+06
AMGN,711984600,8,8.0625,7.8438,7.8906,7.176e+06
AMGN,712243800,7.875,8.0938,7.8438,8.0469,7.3712e+06
AMGN,712330200,8.0625,8.1562,7.9688,8.1406,8.4328e+06
AMGN,712416600,8.1562,8.2812,8.125,8.2031,1.2e+07
AMGN,712503000,8.2188,8.2188,8.0625,8.1562,4.424e+06
AMGN,712589400,8.1875,8.1875,8.0625,8.1875,6.2696e+06
AMGN,712848600,8.125,8.4062,8.125,8.375,9.356e+06
AMGN,712935000,8.4062,8.4375,8.3125,8.4062,5.1488e+06
AMGN,713021400,8.4375,8.4375,8.2188,8.2812,5.8768e+06
AMGN,713107800,8.25,8.25,8.0938,8.2344,7.4296e+06
AMGN,713194200,8.2188,8.4062,8.1875,8.2969,5.3984e+06
AMGN,713453400,8.25,8.3125,8.125,8.1719,3.772e+06
AMGN,713539800,8.1875,8.1875,8.0312,8.125,6.0056e+06
AMGN,713626200,8.125,8.2188,8.0312,8.0312,4.2232e+06
AMGN,713712600,8.0938,8.125,7.875,7.9062,7.0192e+06
AMGN,713799000,7.9062,7.9375,7.625,7.7188,1.84016e+07
AMGN,714058200,7.7188,8.0312,7.7188,8,1.00728e+07
AMGN,714144600,8.0312,8.0625,7.875,7.9375,8.692e+06
AMGN,714231000,8.0312,8.0625,7.9375,7.9688,5.584e+06
AMGN,714317400,8.0312,8.125,7.9688,8.0938,6.364e+06
AMGN,714403800,8.1562,8.1875,7.9688,8.0469,8.3864e+06
AMGN,714663000,7.9688,8,7.75,7.7812,8.5344e+06
AMGN,714749400,7.7969,7.875,7.6562,7.8594,8.7216e+06
AMGN,714835800,7.8438,8.0938,7.8438,8.0625,5.0848e+06
AMGN,714922200,8.125,8.1875,8.0938,8.1406,6.9032e+06
AMGN,715008600,8.125,8.1562,7.9688,8.0156,5.1216e+06
AMGN,715267800,8.0312,8.0625,7.9062,7.9219,2.4888e+06
AMGN,715354200,7.9062,8.0938,7.9062,8.0625,4.1576e+06
AMGN,715440600,8.0625,8.1875,8.0312,8.125,4.4008e+06
AMGN,715527000,8.125,8.1875,8.0625,8.1875,8.2112e+06
AMGN,715613400,8.1875,8.2188,8.0625,8.0625,2.5496e+06
AMGN,715959000,8.0938,8.0938,7.9688,8.0469,3.7968e+06
AMGN,716045400,8.0938,8.125,8,8.0312,5.5264e+06
AMGN,716131800,8.0938,8.2188,8.0625,8.1875,5.1104e+06
AMGN,716218200,8.1562,8.4062,8.125,8.25,9.312e+06
AMGN,716477400,8.3438,8.625,8.3438,8.5938,1.87008e+07
AMGN,716563800,8.5312,8.5938,8.375,8.4844,1.11408e+07
AMGN,716650200,8.375,8.5312,8.375,8.4688,7.2744e+06
AMGN,716736600,8.4688,8.5469,8.3125,8.3125,7.6392e+06
AMGN,716823000,8.375,8.5625,8.3125,8.4688,1.16864e+07
AMGN,717082200,8.4688,8.7188,8.4688,8.6562,9e+06
AMGN,717168600,8.6875,8.7188,8.375,8.4375,6.7608e+06
AMGN,717255000,8.4375,8.5,8.3125,8.4375,4.9544e+06
AMGN,717341400,8.4375,8.5625,8.375,8.3906,8.7648e+06
AMGN,717427800,8.375,8.4062,7.9062,7.9844,1.46952e+07
AMGN,717687000,7.9375,7.9688,7.5938,7.8125,1.68416e+07
AMGN,717773400,7.7188,7.9375,7.7188,7.7812,1.09664e+07
AMGN,717859800,7.8438,7.875,7.7812,7.8438,5.5328e+06
AMGN,717946200,7.8125,7.8438,7.6406,7.6562,1.13624e+07
AMGN,718032600,7.6562,7.6875,7.4688,7.5,1.04216e+07
AMGN,718291800,7.4062,7.4531,6.9375,7.4375,2.03168e+07
AMGN,718378200,7.4688,7.625,7.3594,7.5938,9.812e+06
AMGN,718464600,7.5938,7.625,7.3125,7.3281,1.03248e+07
AMGN,718551000,7.3438,7.5312,7.3438,7.4375,6.4864e+06
AMGN,718637400,7.4062,7.4375,7.125,7.1719,9.112e+06
AMGN,718896600,7.1562,7.3125,7.125,7.2812,5.424e+06
AMGN,718983000,7.3125,7.4062,7.1562,7.2031,9.276e+06
AMGN,719069400,7.1562,7.3125,7.0938,7.2812,9.572e+06
AMGN,719155800,7.2188,7.5938,7.2188,7.5781,1.32088e+07
AMGN,719242200,7.5625,7.75,7.5312,7.75,1.0904e+07
AMGN,719501400,7.6875,8.0312,7.6562,8.0156,9.656e+06
AMGN,719587800,8.125,8.4062,8.0938,8.3125,2.06328e+07
AMGN,719674200,8.5,8.5312,8.0938,8.3125,2.10968e+07
AMGN,719760600,8.25,8.2812,8.0312,8.1875,1.16736e+07
AMGN,719847000,8.1562,8.25,8.125,8.1719,1.31264e+07
