BIIB,1256563800,43.83,44.66,43.55,44.13,4.8058e+06
BIIB,1256650200,44.28,45.11,44.25,44.55,4.7352e+06
BIIB,1256736600,44.12,44.96,43.48,43.53,3.3957e+06
BIIB,1256823000,43.63,43.71,41.75,43.08,5.3386e+06
BIIB,1256909400,42.85,43.41,42.1,42.13,3.5321e+06
BIIB,1257172200,42.86,43.29,42.31,42.59,4.5353e+06
BIIB,1257258600,42.7,43.44,42.54,43.25,4.4202e+06
BIIB,1257345000,43.31,43.31,42.68,42.8,5.2095e+06
BIIB,1257431400,43,44.72,42.99,44.39,6.7921e+06
BIIB,1257517800,44.44,46.47,44.11,45.76,8.6369e+06
BIIB,1257777000,45.64,45.76,44.91,45.41,4.8018e+06
BIIB,1257863400,45.03,46.15,45,45.51,4.6647e+06
BIIB,1257949800,45.46,46.55,45.45,46.43,3.8943e+06
BIIB,1258036200,46.36,46.8,46.1,46.5,3.9102e+06
BIIB,1258122600,46.33,47.06,46.31,46.72,2.8066e+06
BIIB,1258381800,46.77,46.95,46.4,46.53,5.3049e+06
BIIB,1258468200,46.23,46.41,45.88,46.05,4.2857e+06
BIIB,1258554600,45.95,46.33,45.68,46.16,2.5938e+06
BIIB,1258641000,46.1,46.3,45.54,45.85,3.0736e+06
BIIB,1258727400,45.6,46.52,45.56,46.38,2.8291e+06
BIIB,1258986600,46.67,47.2,46.35,46.79,2.4376e+06
BIIB,1259073000,47.01,47.49,46.79,47.38,3.1188e+06
BIIB,1259159400,47.26,47.7,47.18,47.45,1.4777e+06
BIIB,1259332200,46.44,47.71,46.11,46.92,1.4762e+06
BIIB,1259591400,47.4,47.59,46.93,46.94,3.4506e+06
BIIB,1259677800,47.1,48,46.94,47.84,2.2967e+06
BIIB,1259764200,47.91,48.32,47.47,47.74,2.6298e+06
BIIB,1259850600,47.64,47.95,47.29,47.38,2.4368e+06
BIIB,1259937000,47.63,48.3,47.52,48.18,2.8829e+06
BIIB,1260196200,47.96,48.45,47.82,48.3,2.4716e+06
BIIB,1260282600,47.95,48.25,47.46,48.06,2.8314e+06
BIIB,1260369000,47.9,48.26,47.55,48.17,2.9426e+06
BIIB,1260455400,48.11,48.66,48.11,48.26,2.1828e+06
BIIB,1260541800,48.33,48.93,48.17,48.65,2.5815e+06
BIIB,1260801000,48.75,49.25,48.75,48.87,2.7154e+06
BIIB,1260887400,48.94,49.56,48.34,49.43,3.0728e+06
BIIB,1260973800,49.49,50.47,49.31,50.25,4.8152e+06
BIIB,1261060200,50,50.07,49.11,49.45,3.9772e+06
BIIB,1261146600,49.52,50.45,49.31,50.07,6.3824e+06
BIIB,1261405800,50.21,51.25,50.21,51.09,3.6361e+06
BIIB,1261492200,51.09,52.63,51.02,52.32,4.1759e+06
BIIB,1261578600,52.49,52.77,52.16,52.16,3.345e+06
BIIB,1261665000,52.22,52.5,51.91,52.24,630900
BIIB,1262010600,52.16,53.29,52.16,53.27,2.1819e+06
BIIB,1262097000,53.37,53.56,53.09,53.4,2.02e+06
BIIB,1262183400,53.35,54,53.15,53.7,1.861e+06
BIIB,1262269800,53.81,53.83,53.31,53.5,1.6804e+06
BIIB,1262615400,53.97,53.97,53.6,53.64,2.4697e+06
BIIB,1262701800,54.72,55,53,53.38,4.8994e+06
BIIB,1262788200,53.1,53.7,52.8,53.43,5.5558e+06
BIIB,1262874600,53.23,53.5,52.46,52.99,3.6599e+06
BIIB,1262961000,53,54.33,52.81,54.08,2.9963e+06
BIIB,1263220200,54.1,54.35,53.53,53.9,1.8133e+06
BIIB,1263306600,53.66,54.03,52.94,53.25,3.2429e+06
BIIB,1263393000,53.33,54.33,52.96,54.08,2.1306e+06
BIIB,1263479400,53.81,54.36,53.59,54.36,1.7699e+06
BIIB,1263565800,54.06,54.85,53.78,54.18,2.9972e+06
BIIB,1263911400,54.29,55.31,54.29,55.23,2.9415e+06
BIIB,1263997800,55.04,55.37,54.01,54.72,2.6341e+06
BIIB,1264084200,54.53,54.53,52.67,53.21,4.7312e+06
BIIB,1264170600,53.19,53.71,52.6,53.06,3.1678e+06
BIIB,1264429800,53.22,53.5,52.17,52.67,2.2653e+06
BIIB,1264516200,52.52,53.11,52.16,53,2.3467e+06
BIIB,1264602600,52.47,53.62,52.37,53.58,2.9638e+06
BIIB,1264689000,54.28,54.51,52.6,53.27,3.3141e+06
BIIB,1264775400,53.31,53.91,53.01,53.74,3.1279e+06
BIIB,1265034600,53.41,53.93,52.98,53.91,2.4817e+06
BIIB,1265121000,53.76,54.95,53.24,54.94,2.1785e+06
BIIB,1265207400,54.52,54.81,54.03,54.6,2.1557e+06
BIIB,1265293800,54.17,54.46,52.99,53.1,2.7996e+06
BIIB,1265380200,53.14,53.7,52.23,53.53,3.6387e+06
BIIB,1265639400,53.54,53.56,52.47,52.84,2.8524e+06
BIIB,1265725800,53.88,54.88,53.33,54.09,2.965e+06
BIIB,1265812200,54.2,54.91,54.07,54.39,2.5627e+06
BIIB,1265898600,54.12,55.92,53.92,55.69,2.8242e+06
BIIB,1265985000,55.08,55.8,54.72,55.21,2.9543e+06
BIIB,1266330600,55.55,55.77,54.92,55.12,3.277e+06
BIIB,1266417000,55.31,56.26,55.31,56.23,2.4978e+06
BIIB,1266503400,56.03,56.37,55.8,55.98,2.5935e+06
BIIB,1266589800,55.88,56.99,55.49,56.61,3.057e+06
BIIB,1266849000,56.53,56.66,55.53,55.67,2.1703e+06
BIIB,1266935400,55.63,56.12,54.85,55.25,2.9106e+06
BIIB,1267021800,55.3,55.95,54.74,55.29,5.288e+06
BIIB,1267108200,54.3,54.97,54.03,54.89,2.8262e+06
BIIB,1267194600,54.81,55.19,54.54,55.01,2.8471e+06
BIIB,1267453800,55.48,56.9,55.34,56.78,2.5679e+06
BIIB,1267540200,56.54,57.47,56.52,57.31,2.5308e+06
BIIB,1267626600,57.26,57.59,56.71,56.79,1.9905e+06
BIIB,1267713000,56.79,56.9,56.34,56.66,1.3779e+06
BIIB,1267799400,56.67,57.21,56.61,57.21,1.5265e+06
BIIB,1268058600,56.99,58.48,56.91,57.67,3.0649e+06
BIIB,1268145000,57.64,58.31,57.53,57.84,2.1953e+06
BIIB,1268231400,57.91,58.96,57.9,58.71,2.2486e+06
BIIB,1268317800,58.55,58.86,57.72,58.78,1.8657e+06
BIIB,1268404200,58.81,58.93,58.08,58.76,1.4687e+06
BIIB,1268659800,58.86,58.99,58.31,58.9,1.4074e+06
BIIB,1268746200,59.23,59.85,58.64,59.73,3.2382e+06
BIIB,1268832600,59.54,59.73,59.23,59.36,1.9827e+06
BIIB,1268919000,59.12,59.35,58.32,59.2,2.512e+06
BIIB,1269005400,59.82,60.17,58.59,59.63,5.0248e+06
BIIB,1269264600,59.78,60.28,59.57,59.82,2.1565e+06
BIIB,1269351000,59.67,59.94,59.41,59.84,1.2323e+06
BIIB,1269437400,59.76,59.8,58.72,58.85,1.8092e+06
BIIB,1269523800,59.27,59.27,58.27,58.27,2.407e+06
BIIB,1269610200,58.57,58.76,57.82,58.15,1.347e+06
BIIB,1269869400,57.92,58.7,57.89,58.42,1.8007e+06
BIIB,1269955800,58.22,58.45,57.5,57.71,2.0301e+06
BIIB,1270042200,57.5,57.94,57.24,57.39,1.6205e+06
BIIB,1270128600,57.8,57.99,57.03,57.52,1.5647e+06
BIIB,1270474200,57.56,57.96,57.13,57.53,1.1422e+06
BIIB,1270560600,57.42,57.89,57.27,57.5,1.4226e+06
BIIB,1270647000,57.75,57.77,56.99,57.27,1.8691e+06
BIIB,1270733400,57.3,57.3,56.19,56.43,2.3954e+06
BIIB,1270819800,56.34,56.9,56.3,56.52,2.716e+06
BIIB,1271079000,56.52,56.52,55.69,56,2.3974e+06
BIIB,1271165400,55.78,56.07,54.9,55.07,4.1661e+06
BIIB,1271251800,54.81,55.23,54.05,54.96,4.327e+06
BIIB,1271338200,54.72,55.03,53.93,54.41,2.7954e+06
BIIB,1271424600,54.2,54.28,53.12,53.64,4.1981e+06
BIIB,1271683800,53.64,55.05,53.5,54.79,3.0761e+06
BIIB,1271770200,54.4,54.97,53.26,53.91,3.5332e+06
BIIB,1271856600,53.4,53.8,52.4,52.72,4.3252e+06
BIIB,1271943000,52.61,52.61,51.62,52.03,4.3241e+06
BIIB,1272029400,52.13,52.63,51.88,52.59,2.5196e+06
BIIB,1272288600,52.35,52.79,52.1,52.25,2.2909e+06
BIIB,1272375000,52.15,53.13,52.02,52.1,3.7615e+06
BIIB,1272461400,52.19,52.68,52.06,52.12,2.4212e+06
BIIB,1272547800,52.23,53.7,51.8,53.31,3.556e+06
BIIB,1272634200,53.51,54.04,53.13,53.29,3.3489e+06
BIIB,1272893400,53.5,53.92,53.26,53.6,2.0579e+06
BIIB,1272979800,53,53.09,51.8,52.3,2.2889e+06
BIIB,1273066200,52.33,52.91,52.02,52.7,2.5411e+06
BIIB,1273152600,52.58,52.58,49.43,50.7,4.3931e+06
BIIB,1273239000,49.8,51.02,49.36,50.39,4.7043e+06
BIIB,1273498200,51.29,51.8,50.74,51.13,3.2454e+06
BIIB,1273584600,50.93,51.71,50.72,51.38,2.8773e+06
BIIB,1273671000,51.32,52.06,50.85,52.04,2.3751e+06
BIIB,1273757400,51.74,51.89,51.33,51.4,1.6591e+06
BIIB,1273843800,51.2,51.36,49.64,50.13,4.03e+06
BIIB,1274103000,49.8,50.68,49.29,50.57,2.2571e+06
BIIB,1274189400,50.69,51.25,50.45,50.7,2.4103e+06
BIIB,1274275800,50.51,51.04,50.01,50.46,2.5331e+06
BIIB,1274362200,49.58,50.31,49.25,49.25,3.8996e+06
BIIB,1274448600,48.91,50.01,48.73,48.98,5.0469e+06
BIIB,1274707800,48.77,48.97,48.23,48.27,3.8562e+06
BIIB,1274794200,47.77,48.43,47.1,48.35,2.7391e+06
BIIB,1274880600,48.09,48.74,47.32,47.36,3.7737e+06
BIIB,1274967000,47.94,48.3,47.4,48.28,3.5156e+06
BIIB,1275053400,48.14,48.44,47.43,47.43,4.6102e+06
BIIB,1275399000,47.25,48.1,46.98,47.22,3.6824e+06
BIIB,1275485400,47.2,48.43,46.98,48.35,3.0272e+06
BIIB,1275571800,48.25,49.34,48.09,49.25,3.0645e+06
BIIB,1275658200,48.5,48.84,47.77,47.84,3.9614e+06
BIIB,1275917400,48.05,48.27,47.63,47.64,2.8791e+06
BIIB,1276003800,48.2,48.23,46.56,46.85,4.0417e+06
BIIB,1276090200,47.1,47.81,46.37,47.08,2.9068e+06
BIIB,1276176600,47.72,48.26,47.29,48.14,2.922e+06
BIIB,1276263000,47.39,47.62,45.96,46.22,5.9275e+06
BIIB,1276522200,46.43,47.48,46.38,46.79,3.087e+06
BIIB,1276608600,47.12,48.18,46.93,48.12,3.0914e+06
BIIB,1276695000,47.92,48.47,47.77,48.35,1.9932e+06
BIIB,1276781400,48.22,49.09,48.22,49.01,2.7526e+06
BIIB,1276867800,49.12,50.15,49.1,49.86,5.7776e+06
BIIB,1277127000,50.02,50.28,49.39,49.49,2.6236e+06
BIIB,1277213400,49.73,50.55,49.46,49.54,2.4567e+06
BIIB,1277299800,49.44,49.88,49.22,49.69,1.8054e+06
BIIB,1277386200,49.46,49.88,49.07,49.38,1.8799e+06
BIIB,1277472600,49.5,50.28,49.18,49.57,8.6812e+06
BIIB,1277731800,49.58,49.94,48.81,49.57,1.7592e+06
BIIB,1277818200,49.04,49.09,48.09,48.7,2.7572e+06
BIIB,1277904600,48.51,49.05,47.43,47.45,3.7655e+06
BIIB,1277991000,47.7,47.76,46.15,46.73,4.0425e+06
BIIB,1278077400,47.5,50.91,47.5,49.42,9.2474e+06
BIIB,1278423000,49.68,49.68,48.09,48.38,4.2348e+06
BIIB,1278509400,48.35,49.91,48.18,49.84,2.6837e+06
BIIB,1278595800,49.96,51,49.85,50.85,2.8834e+06
BIIB,1278682200,51.09,51.77,50.75,51.71,2.6974e+06
BIIB,1278941400,51.09,52,51.05,51.66,1.9491e+06
BIIB,1279027800,51.87,52.96,51.86,52.68,2.1781e+06
BIIB,1279114200,52.4,53,52.29,52.97,1.7661e+06
BIIB,1279200600,52.99,53.58,52.62,53.43,2.4235e+06
BIIB,1279287000,53.29,53.78,51.84,51.86,3.1749e+06
BIIB,1279546200,52.06,53.32,51.77,53.18,2.8531e+06
BIIB,1279632600,52.65,54.13,51.74,54.02,4.6455e+06
BIIB,1279719000,54.15,56.4,53.59,54.97,6.4815e+06
BIIB,1279805400,55.18,56.49,55.11,56.17,3.9252e+06
BIIB,1279891800,55.88,56.48,52.4,53.47,7.2355e+06
BIIB,1280151000,53.91,58.16,53.91,57.89,7.6942e+06
BIIB,1280237400,57.61,58.06,56.63,57.75,5.5579e+06
BIIB,1280323800,57.58,57.75,55.89,55.92,7.0502e+06
BIIB,1280410200,56.36,57,55.46,56.53,3.6527e+06
BIIB,1280496600,54.62,56.3,54.21,55.88,5.1117e+06
BIIB,1280755800,56.59,57.32,56.45,57.19,2.6737e+06
BIIB,1280842200,57.25,57.87,56.96,57.34,3.2501e+06
BIIB,1280928600,57.23,57.9,56.85,57.39,2.7307e+06
BIIB,1281015000,57.41,57.55,56.77,57.16,1.9596e+06
BIIB,1281101400,56.62,57.73,56.03,57.66,2.1181e+06
BIIB,1281360600,57.88,57.88,57.21,57.58,1.3822e+06
BIIB,1281447000,57.2,58.16,56.28,57.86,1.877e+06
BIIB,1281533400,57.15,57.37,55.58,55.8,2.8626e+06
BIIB,1281619800,55.14,57.06,55.14,56.61,2.3131e+06
BIIB,1281706200,56.08,56.43,55.68,55.94,2.0135e+06
BIIB,1281965400,55.79,56.03,55.16,55.85,1.7254e+06
BIIB,1282051800,56.25,57.38,55.88,56.91,1.9543e+06
BIIB,1282138200,56.27,57.13,55.85,56.52,1.629e+06
BIIB,1282224600,56.21,56.28,54.68,55.06,2.326e+06
BIIB,1282311000,55.17,55.67,54.52,55.38,2.3685e+06
BIIB,1282570200,55.47,56.09,54.75,54.91,1.1666e+06
BIIB,1282656600,54.67,54.69,53.6,53.84,1.7806e+06
BIIB,1282743000,53.68,55.73,53.59,55.37,3.2204e+06
BIIB,1282829400,55.5,55.5,53.82,53.91,2.4013e+06
BIIB,1282915800,54,54.92,53.14,54.6,1.7044e+06
BIIB,1283175000,54.32,54.83,53.76,53.92,1.3251e+06
BIIB,1283261400,53.8,54.3,53.24,53.8,2.0155e+06
BIIB,1283347800,54.48,55.63,53.97,55.31,1.5599e+06
BIIB,1283434200,55.23,55.49,54.66,55.25,1.3582e+06
BIIB,1283520600,55.66,56.25,55.35,56.24,1.4894e+06
BIIB,1283866200,55.98,56.44,55.67,56.14,2.493e+06
BIIB,1283952600,56.3,57.27,56.28,57.15,2.2022e+06
BIIB,1284039000,57.23,57.44,56.6,57.01,2.2174e+06
BIIB,1284125400,57.26,57.86,56.95,57.68,1.1453e+06
BIIB,1284384600,57.85,58,57.47,57.81,1.4641e+06
BIIB,1284471000,57.5,58.09,57.33,57.91,1.5491e+06
BIIB,1284557400,57.45,58.52,57.45,58.42,1.814e+06
BIIB,1284643800,58.37,58.64,57.45,57.67,1.8093e+06
BIIB,1284730200,57.76,58.33,57.55,57.92,3.2239e+06
BIIB,1284989400,58,58.22,57.26,57.8,2.348e+06
BIIB,1285075800,57.64,58.28,57.21,58.23,2.3732e+06
BIIB,1285162200,54.8,56.1,54.48,54.86,8.0355e+06
BIIB,1285248600,54.62,55.8,54.13,55.24,3.208e+06
BIIB,1285335000,55.77,56.78,55.66,56.42,2.9466e+06
BIIB,1285594200,56.25,56.33,54.74,54.79,2.294e+06
BIIB,1285680600,55.17,56.2,54.38,55.42,2.8337e+06
BIIB,1285767000,55.48,55.74,54.93,55.36,2.4822e+06
BIIB,1285853400,55.71,56.34,55.47,56.12,2.945e+06
BIIB,1285939800,56,56.55,55.63,56.53,2.5984e+06
BIIB,1286199000,56.75,57.49,56.41,56.66,2.4981e+06
BIIB,1286285400,56.99,57.86,56.66,57.53,2.0216e+06
BIIB,1286371800,57.32,57.34,56.2,56.63,2.1127e+06
BIIB,1286458200,56.63,57.38,56.22,57.24,1.4902e+06
BIIB,1286544600,57.05,58.2,56.92,57.59,2.1854e+06
BIIB,1286803800,57.49,57.64,56.83,57.06,1.3163e+06
BIIB,1286890200,57.06,57.1,55.98,56.93,1.7537e+06
BIIB,1286976600,56.99,57.49,56.73,57.19,1.364e+06
BIIB,1287063000,56.93,57.24,56.49,56.98,1.4615e+06
BIIB,1287149400,57.24,57.67,56.67,57.66,2.3643e+06
BIIB,1287408600,57.38,58.55,57.26,58.53,1.589e+06
BIIB,1287495000,58.39,58.88,57.73,58.27,2.1289e+06
BIIB,1287581400,58.02,59.21,57.73,58.66,2.185e+06
BIIB,1287667800,58.52,58.75,57.58,58.31,1.5249e+06
BIIB,1287754200,58.54,58.97,58.15,58.75,1.3486e+06
BIIB,1288013400,59.13,60.19,59.01,59.9,3.1736e+06
BIIB,1288099800,59.25,60.1,58.3,59.99,3.3424e+06
BIIB,1288186200,59.76,62.63,59.66,62.48,3.9368e+06
BIIB,1288272600,62.6,64.92,62.26,63.85,5.7392e+06
BIIB,1288359000,63.58,64.06,62.63,62.71,3.4193e+06
BIIB,1288618200,62.89,63.5,62.41,62.55,2.261e+06
BIIB,1288704600,63.16,63.32,62.59,63,1.8204e+06
BIIB,1288791000,63.09,63.33,62.67,63,2.6704e+06
BIIB,1288877400,62.32,62.98,61.82,62.5,3.7229e+06
BIIB,1288963800,62.49,62.8,61.82,62.78,2.7329e+06
BIIB,1289226600,62.45,63.17,62.12,63.03,1.9835e+06
BIIB,1289313000,62.91,63.41,62.72,63.39,2.5508e+06
BIIB,1289399400,63.28,64.97,62.99,64.95,4.2475e+06
BIIB,1289485800,64.7,65.43,64.21,64.73,2.5137e+06
BIIB,1289572200,64.22,64.61,63.56,64.5,2.2094e+06
BIIB,1289831400,64.85,66.43,64.74,65.46,2.6529e+06
BIIB,1289917800,63.56,65.53,63.56,64.33,1.9506e+06
BIIB,1290004200,64.26,64.92,63.94,64.52,1.4667e+06
BIIB,1290090600,64.62,65.6,64.52,64.78,1.6678e+06
BIIB,1290177000,64.88,65.44,64.62,64.91,2.0307e+06
BIIB,1290436200,64.85,65.39,64.21,64.86,1.3247e+06
BIIB,1290522600,64.57,64.81,63.58,63.82,1.6084e+06
BIIB,1290609000,64.45,65.68,64.4,65.33,1.6181e+06
BIIB,1290781800,65,65.52,64.85,65.33,673400
BIIB,1291041000,64.8,65,63.77,64.72,1.5782e+06
BIIB,1291127400,64.06,64.54,63.85,63.97,3.3203e+06
BIIB,1291213800,64.89,66.07,64.63,65.37,2.4219e+06
BIIB,1291300200,65.51,67.09,65.35,67.08,1.7066e+06
BIIB,1291386600,66.93,67.31,66.56,67,1.4653e+06
BIIB,1291645800,66.84,67.08,66.28,66.71,1.0235e+06
BIIB,1291732200,67.2,67.27,66.82,67.11,1.7221e+06
BIIB,1291818600,67.3,67.63,67.03,67.36,1.639e+06
BIIB,1291905000,65.05,66.79,65,66.37,2.8391e+06
BIIB,1291991400,66.3,66.7,66.21,66.3,1.7862e+06
BIIB,1292250600,66.19,66.42,65.79,65.89,1.7933e+06
BIIB,1292337000,66.14,66.31,65.52,65.74,2.1649e+06
BIIB,1292423400,65.44,66.27,65.29,66.06,2.6495e+06
BIIB,1292509800,65.95,68,65.84,67.92,1.9678e+06
BIIB,1292596200,67.91,68.6,67.75,68.14,4.4575e+06
BIIB,1292855400,68.24,68.38,67.31,67.98,1.6667e+06
BIIB,1292941800,68.21,68.48,68,68.22,1.04e+06
BIIB,1293028200,68.06,68.25,67.62,67.7,1.0794e+06
BIIB,1293114600,67.54,67.74,67.02,67.22,1.2285e+06
BIIB,1293460200,67.19,67.29,66.36,66.92,959300
BIIB,1293546600,66.86,67.2,66.53,66.64,866400
BIIB,1293633000,66.87,66.95,66.59,66.64,752600
BIIB,1293719400,66.45,66.97,66.45,66.8,1.0314e+06
BIIB,1293805800,66.83,67.25,66.45,67.05,1.1465e+06
BIIB,1294065000,67.68,68.14,66.97,67.2,1.7919e+06
BIIB,1294151400,67,67.01,65.8,66.4,1.9648e+06
BIIB,1294237800,66.15,67.04,65.96,66.68,2.4523e+06
BIIB,1294324200,66.64,67.71,66.63,67.26,1.559e+06
BIIB,1294410600,67.55,67.59,66.96,67.38,1.0973e+06
BIIB,1294669800,66.92,67.33,66.7,66.9,1.0534e+06
BIIB,1294756200,66.99,68.33,66.79,68.3,1.6021e+06
BIIB,1294842600,67.9,67.9,67.2,67.4,1.2721e+06
BIIB,1294929000,67.43,67.79,67.19,67.52,1.4713e+06
BIIB,1295015400,67.31,67.5,66.46,66.57,1.6268e+06
BIIB,1295361000,66.55,67.11,66,67.01,2.138e+06
BIIB,1295447400,66.79,66.84,65.91,66.24,1.549e+06
BIIB,1295533800,66.36,68.99,66.36,68.78,3.1849e+06
BIIB,1295620200,66.59,67.34,66.27,66.77,3.4519e+06
BIIB,1295879400,66.66,68.25,66.54,67.14,1.7499e+06
BIIB,1295965800,67.07,67.24,66.49,66.84,1.9665e+06
BIIB,1296052200,67.02,67.86,66.65,67.5,1.6429e+06
BIIB,1296138600,67.34,67.61,67.08,67.09,1.3385e+06
BIIB,1296225000,67.3,67.48,64.85,65.08,2.3191e+06
BIIB,1296484200,65.57,65.94,64.28,65.47,2.1812e+06
BIIB,1296570600,67.75,68,65.13,65.49,4.0334e+06
BIIB,1296657000,65.28,66.28,64.92,66.15,1.5411e+06
BIIB,1296743400,66.17,66.21,65.12,65.58,1.4409e+06
BIIB,1296829800,65.64,65.93,64.61,65.93,1.6389e+06
BIIB,1297089000,65.88,66.13,65.2,65.25,1.5862e+06
BIIB,1297175400,65.14,66.16,64.77,66.15,1.8028e+06
BIIB,1297261800,65.98,66.13,65.48,66,2.1058e+06
BIIB,1297348200,66,66.35,65.83,66.22,1.5891e+06
BIIB,1297434600,65.85,66.11,65.39,65.83,1.257e+06
BIIB,1297693800,65.66,67.29,65.66,67.27,1.7616e+06
BIIB,1297780200,66.88,67.19,66.71,67.09,2.1474e+06
BIIB,1297866600,67.17,67.48,66.83,67.36,1.5874e+06
BIIB,1297953000,67.01,67.95,66.69,67.65,1.0929e+06
BIIB,1298039400,67.54,67.87,67.13,67.64,1.882e+06
BIIB,1298385000,67.29,68.18,67.07,67.09,1.9746e+06
BIIB,1298471400,67.17,67.64,66.75,66.76,2.3554e+06
BIIB,1298557800,67.23,67.72,66.79,67.26,1.9525e+06
BIIB,1298644200,67.42,68.25,67.35,67.78,1.3948e+06
BIIB,1298903400,67.8,68.5,67.74,68.4,2.027e+06
BIIB,1298989800,68.41,70.73,68.26,70.18,3.8408e+06
BIIB,1299076200,69.73,70.46,69,70,1.9387e+06
BIIB,1299162600,70.05,71.95,70.04,71.42,1.8155e+06
BIIB,1299249000,71.25,71.76,70.63,71.15,1.3874e+06
BIIB,1299508200,71.41,71.88,70.45,71.24,1.9992e+06
BIIB,1299594600,71.31,72,70.83,71.6,1.6884e+06
BIIB,1299681000,71.33,71.83,70.99,71.74,1.0319e+06
BIIB,1299767400,71.05,71.41,70.1,70.6,1.632e+06
BIIB,1299853800,70.62,71.35,70.47,71,1.3214e+06
BIIB,1300109400,70.46,71.5,70.11,70.65,1.5465e+06
BIIB,1300195800,69.27,69.95,68.81,69.56,1.6085e+06
BIIB,1300282200,69.14,69.68,68.31,68.7,2.3251e+06
BIIB,1300368600,69.4,69.71,69.12,69.25,1.1645e+06
BIIB,1300455000,69.43,70.26,69.25,69.53,2.6088e+06
BIIB,1300714200,70,70.54,69.53,69.61,1.5062e+06
BIIB,1300800600,69.58,70.13,69.13,69.76,1.7942e+06
BIIB,1300887000,69.72,70.31,69.19,70.07,1.4582e+06
BIIB,1300973400,70.17,71.45,69.65,71.27,1.3499e+06
BIIB,1301059800,71.55,71.93,71.2,71.2,1.482e+06
BIIB,1301319000,71.17,71.32,70.38,70.54,1.2438e+06
BIIB,1301405400,70.41,71.24,70.39,71.1,1.393e+06
BIIB,1301491800,71.48,72.2,71.45,71.9,2.1671e+06
BIIB,1301578200,71.95,73.53,71.9,73.47,2.5086e+06
BIIB,1301664600,73.59,73.66,72.8,72.96,1.9233e+06
BIIB,1301923800,73.25,73.32,72.97,73.27,1.0832e+06
BIIB,1302010200,72.9,73.99,72.9,73.25,1.4816e+06
BIIB,1302096600,73.57,74.2,73.4,73.6,1.3534e+06
BIIB,1302183000,73.32,73.95,72.7,73.03,1.5896e+06
BIIB,1302269400,73.37,73.65,72.97,73.29,1.4289e+06
BIIB,1302528600,76.71,78.75,76.4,78.55,6.8934e+06
BIIB,1302615000,78.99,79.23,78.16,78.19,2.7443e+06
BIIB,1302701400,78.19,81.01,78.19,80.96,3.9859e+06
BIIB,1302787800,80.41,82.23,79.93,82.19,2.9588e+06
BIIB,1302874200,82.23,83.1,81.24,82.96,2.3127e+06
BIIB,1303133400,82.21,82.75,81.26,82.61,2.1792e+06
BIIB,1303219800,82.88,83.99,82.61,83.99,1.9459e+06
BIIB,1303306200,84.41,86.57,84.41,86.57,2.7844e+06
BIIB,1303392600,100,106.99,99.3,99.7,1.64426e+07
BIIB,1303738200,99.71,100.43,99.22,100.28,5.8672e+06
BIIB,1303824600,99.78,106.19,99.4,101.8,5.2e+06
BIIB,1303911000,102.06,102.88,98.96,99.49,3.9373e+06
BIIB,1303997400,99.67,99.78,98.08,98.97,3.4e+06
BIIB,1304083800,98.89,99.31,97.14,97.65,4.2315e+06
BIIB,1304343000,97.44,99.19,96.36,98.67,2.6658e+06
BIIB,1304429400,98.23,98.9,97.64,97.99,1.8028e+06
BIIB,1304515800,97.56,97.97,95.08,96.48,2.6196e+06
BIIB,1304602200,95.84,97.59,95.11,95.47,1.9e+06
BIIB,1304688600,96.49,97.88,95.97,96.12,2.2543e+06
BIIB,1304947800,96.31,98.93,96,98.1,1.766e+06
BIIB,1305034200,98.58,98.71,96.53,97.34,1.7659e+06
BIIB,1305120600,97.29,97.5,95.29,96.59,1.6e+06
BIIB,1305207000,96.36,98.48,95.64,98.24,1.8e+06
BIIB,1305293400,98.1,98.65,96.11,96.61,1.4846e+06
BIIB,1305552600,96.04,97.42,95.81,96.14,2.4929e+06
BIIB,1305639000,95.53,97.91,95.53,97.57,1.9781e+06
BIIB,1305725400,97.41,97.93,96.9,97.76,1.6907e+06
BIIB,1305811800,98.41,98.47,96.57,96.72,1.5064e+06
BIIB,1305898200,96.8,98.25,96.8,97.11,2.7413e+06
BIIB,1306157400,96.06,96.22,94.9,95.31,1.5e+06
BIIB,1306243800,95.31,95.71,94.31,94.85,1.328e+06
BIIB,1306330200,94.54,94.76,93.17,93.67,1.5312e+06
BIIB,1306416600,93.32,93.63,92.29,93.28,1.8343e+06
BIIB,1306503000,93.31,94.05,93.03,93.21,1.1974e+06
BIIB,1306848600,93.96,94.78,93.08,94.73,2.3777e+06
BIIB,1306935000,94.36,94.52,93.18,93.18,2.3179e+06
BIIB,1307021400,93.4,95.52,93.01,95.17,1.735e+06
BIIB,1307107800,93.96,96.08,93.52,94.4,1.3669e+06
BIIB,1307367000,93.77,94.7,93.11,93.16,1.2838e+06
BIIB,1307453400,93.43,94.04,92.59,93.3,1.0044e+06
BIIB,1307539800,92.34,93.28,92.12,92.8,1.1322e+06
BIIB,1307626200,93,94.07,92.19,93.72,1.1157e+06
BIIB,1307712600,93.43,93.43,91.2,91.21,1.7425e+06
BIIB,1307971800,91.23,92.32,91.08,91.78,1.047e+06
BIIB,1308058200,92.49,95.13,92.1,94.88,2.4447e+06
BIIB,1308144600,93.89,95.32,93.08,93.76,2.0606e+06
BIIB,1308231000,94.1,94.58,92.64,93.53,1.2746e+06
BIIB,1308317400,94.74,96.13,94.23,94.75,3.107e+06
BIIB,1308576600,99.57,100.48,98.24,98.6,3.6204e+06
BIIB,1308663000,100.54,101.83,98.28,98.65,5.5839e+06
BIIB,1308749400,99.79,100.67,98.9,99.47,5.3342e+06
BIIB,1308835800,98.64,100.78,97.8,100.67,3.1075e+06
BIIB,1308922200,100.03,103.53,99.6,103.42,8.3244e+06
BIIB,1309181400,102.86,104.76,102.6,104.65,3.2475e+06
BIIB,1309267800,104.9,108.52,104.63,108.39,3.1482e+06
BIIB,1309354200,108.48,109.63,107.61,108.98,3.7759e+06
BIIB,1309440600,109.16,109.46,106.73,106.92,1.9389e+06
BIIB,1309527000,107.35,108.64,106.92,108.5,1.7074e+06
BIIB,1309872600,108.62,109.14,107.56,107.91,1.3378e+06
BIIB,1309959000,106.73,108.1,106.73,107.89,1.4925e+06
BIIB,1310045400,108.73,108.88,106.4,106.52,1.8899e+06
BIIB,1310131800,107.04,107.56,105.82,107.39,1.7266e+06
BIIB,1310391000,106.35,107.64,104.9,105.43,1.2702e+06
BIIB,1310477400,105.84,106.33,103.99,104.05,1.5834e+06
BIIB,1310563800,104.73,106.2,104.05,105.31,1.5246e+06
BIIB,1310650200,105.47,106.23,103.06,103.19,1.318e+06
BIIB,1310736600,102.72,104.69,102.55,104,1.5899e+06
BIIB,1310995800,103.65,103.99,102.36,103.75,1.3679e+06
BIIB,1311082200,104.14,107.33,104.12,107.21,1.5508e+06
BIIB,1311168600,106.99,106.99,104.13,104.37,1.4114e+06
BIIB,1311255000,104.48,106.06,104.44,105.62,1.2672e+06
BIIB,1311341400,105.54,106.05,104.89,105.56,1.1457e+06
BIIB,1311600600,105.35,106.82,103.97,103.99,2.9323e+06
BIIB,1311687000,104.11,106,104.11,105,2.3695e+06
BIIB,1311773400,104.21,106.05,101.5,101.81,2.5253e+06
BIIB,1311859800,101.29,104.04,101.02,102.15,1.3359e+06
BIIB,1311946200,101.76,102.75,99.54,101.87,1.7453e+06
BIIB,1312205400,105.91,105.98,101.88,102.9,2.8988e+06
BIIB,1312291800,102.04,104.16,99.54,99.67,2.795e+06
BIIB,1312378200,99.51,99.98,95.42,98.78,2.4312e+06
BIIB,1312464600,97.37,97.68,92.5,92.55,2.9596e+06
BIIB,1312551000,93.19,94.5,90.24,93.18,2.7672e+06
BIIB,1312810200,91.29,93.87,87.14,88,3.7138e+06
BIIB,1312896600,86.91,90.56,83.83,89.43,3.6846e+06
BIIB,1312983000,86.5,88.36,84.94,85.03,2.7225e+06
BIIB,1313069400,85.36,89.44,84.22,88.41,2.3323e+06
BIIB,1313155800,88.38,91.22,87.35,90.98,2.5305e+06
BIIB,1313415000,91.34,92.7,90.38,91.67,1.8381e+06
BIIB,1313501400,91.36,92.34,90.25,91.1,1.5765e+06
BIIB,1313587800,91.57,92.15,89.39,90.03,1.9431e+06
BIIB,1313674200,88.45,89.39,86.86,88.46,2.3538e+06
BIIB,1313760600,87.95,92.4,87.15,90.05,3.5299e+06
BIIB,1314019800,91.51,92.21,88.87,89.41,1.8131e+06
BIIB,1314106200,89.68,92.11,87.35,91.24,2.6692e+06
BIIB,1314192600,90.74,92.13,89.65,92.05,1.7129e+06
BIIB,1314279000,92.13,93.63,90.04,90.67,1.5578e+06
BIIB,1314365400,90.07,92.54,88.24,92.29,1.4934e+06
BIIB,1314624600,93.16,94.29,92.08,93.89,1.4681e+06
BIIB,1314711000,93.07,94.24,92.73,93.6,1.3096e+06
BIIB,1314797400,94.14,94.71,92.88,94.2,1.572e+06
BIIB,1314883800,94.02,95.47,93.02,93.61,1.2054e+06
BIIB,1314970200,92.35,93.61,91.35,91.58,975800
BIIB,1315315800,89.17,92.07,89.04,91.91,1.7337e+06
BIIB,1315402200,92.99,93.38,91.58,93,1.8357e+06
BIIB,1315488600,92.18,92.5,91.04,91.55,2.221e+06
BIIB,1315575000,91.34,92.34,90.13,90.24,2.0159e+06
BIIB,1315834200,89.37,92.02,89.37,91.99,1.8388e+06
BIIB,1315920600,92.47,94.62,91.99,94.52,2.427e+06
BIIB,1316007000,95.19,99.07,94.44,97.84,3.2106e+06
BIIB,1316093400,99.09,99.68,98.14,99.4,2.1368e+06
BIIB,1316179800,100,102.01,99.57,100.89,3.5244e+06
BIIB,1316439000,99.64,100.4,98.43,99.48,1.8531e+06
BIIB,1316525400,100.05,101.76,99.39,100.26,1.4629e+06
BIIB,1316611800,99.97,100.8,96.86,96.96,1.5861e+06
BIIB,1316698200,94.44,95.94,93.24,94.54,1.883e+06
BIIB,1316784600,93.93,95.1,92.78,93.9,1.3926e+06
BIIB,1317043800,94.35,96.17,93.09,95.73,1.767e+06
BIIB,1317130200,96.14,99.34,96.14,96.67,1.6415e+06
BIIB,1317216600,97.25,98.67,95,95.04,1.0482e+06
BIIB,1317303000,96.32,97.14,91.84,94.46,1.6922e+06
BIIB,1317389400,93.69,94.43,92.12,93.15,1.4983e+06
BIIB,1317648600,92.55,93.59,88.64,88.96,2.1338e+06
BIIB,1317735000,88.6,91.94,87.72,91.66,2.3093e+06
BIIB,1317821400,92.55,98.75,92.18,98.71,3.8808e+06
BIIB,1317907800,98.26,100,97.23,99.41,3.0472e+06
BIIB,1317994200,99.92,100.77,98.24,100.01,2.051e+06
BIIB,1318253400,101.03,101.2,99.95,100.68,1.5767e+06
BIIB,1318339800,100.4,100.4,98.59,98.92,1.3062e+06
BIIB,1318426200,99.11,101.44,98.54,98.76,1.9162e+06
BIIB,1318512600,98.46,102.31,98.11,101.32,2.1948e+06
BIIB,1318599000,102.05,103.1,99.71,103.08,2.0814e+06
BIIB,1318858200,102.48,103.07,101.12,101.43,1.2306e+06
BIIB,1318944600,101.66,103.08,100.53,102.64,1.3454e+06
BIIB,1319031000,103.08,103.96,101.37,102.08,1.6463e+06
BIIB,1319117400,102.76,104.25,99.08,101.67,1.6083e+06
BIIB,1319203800,104.71,108.96,103.74,108.84,4.4025e+06
BIIB,1319463000,108.63,109.96,106.93,109.52,2.2878e+06
BIIB,1319549400,109.46,109.85,106.6,106.87,2.1037e+06
BIIB,1319635800,115.93,119.75,114.28,116.92,5.1698e+06
BIIB,1319722200,118.5,118.7,114.87,117.74,3.4834e+06
BIIB,1319808600,117.74,120.66,116.55,118.72,2.1433e+06
BIIB,1320067800,118.72,119.34,116.33,116.36,3.3579e+06
BIIB,1320154200,114.37,115.5,113.27,113.96,2.7245e+06
BIIB,1320240600,114.94,115.3,112.49,113.43,2.3416e+06
BIIB,1320327000,114.29,114.86,113.2,114.05,2.7755e+06
BIIB,1320413400,113.53,114.04,112.09,113.49,1.5912e+06
BIIB,1320676200,113.26,114.6,112.25,114.01,1.2661e+06
BIIB,1320762600,114.22,114.93,112.46,113.92,1.1587e+06
BIIB,1320849000,112.04,113.5,110.71,111.24,1.7516e+06
BIIB,1320935400,112.38,113.07,111.24,112.08,1.5874e+06
BIIB,1321021800,113.05,114.22,112.86,113.38,1.122e+06
BIIB,1321281000,112.57,114.15,112.02,113.94,1.2954e+06
BIIB,1321367400,113.23,113.92,112.33,113.07,1.3091e+06
BIIB,1321453800,112.22,112.5,110.2,110.29,1.4802e+06
BIIB,1321540200,109.85,111.01,108.45,109.63,1.6802e+06
BIIB,1321626600,109.28,109.28,107.4,107.65,1.8898e+06
BIIB,1321885800,107.18,108.78,106.31,107.89,1.6537e+06
BIIB,1321972200,107.68,113.71,107.41,113.5,2.5975e+06
BIIB,1322058600,112.38,113.38,109.93,109.93,1.9957e+06
BIIB,1322231400,108.9,110.24,108.9,109.2,864800
BIIB,1322490600,111.15,111.43,110.21,111.05,1.7885e+06
BIIB,1322577000,110.8,111.28,110.04,110.41,1.5836e+06
BIIB,1322663400,112.77,115.1,112.21,114.95,1.8793e+06
BIIB,1322749800,114.95,116.5,114.19,116.48,1.3265e+06
BIIB,1322836200,117.06,117.55,112.71,113.24,1.7048e+06
BIIB,1323095400,114.86,114.99,111.64,111.79,1.5547e+06
BIIB,1323181800,112.31,112.89,111.32,112.14,940200
BIIB,1323268200,111.72,112.43,110.01,111.76,1.0042e+06
BIIB,1323354600,111.32,111.9,109.52,109.71,855800
BIIB,1323441000,109.94,113.49,109.64,112.95,1.3434e+06
BIIB,1323700200,111.72,111.73,109.83,110.39,1.0079e+06
BIIB,1323786600,110.86,112.04,109.94,110.09,1.1869e+06
BIIB,1323873000,109.79,111.6,109.16,109.63,1.4982e+06
BIIB,1323959400,110.22,110.65,109.05,109.73,1.3218e+06
BIIB,1324045800,110.66,111.59,109.85,110.29,1.9101e+06
BIIB,1324305000,110.88,112.93,109.8,109.99,1.5163e+06
BIIB,1324391400,111.53,112.33,110.52,110.73,2.222e+06
BIIB,1324477800,110.51,111.96,110.48,111.49,2.0617e+06
BIIB,1324564200,111.33,111.93,110.04,110.69,876500
BIIB,1324650600,111.45,111.45,110.17,110.79,736200
BIIB,1324996200,110.41,112.36,110.41,111.32,772200
BIIB,1325082600,111.53,111.95,109.72,110.2,844900
BIIB,1325169000,110.19,110.76,109.22,110.64,1.1005e+06
BIIB,1325255400,110.41,111.09,110.05,110.05,938200
BIIB,1325601000,111.44,115.01,111.44,113.5,1.9908e+06
BIIB,1325687400,113.7,114.29,112.71,113.72,1.4178e+06
BIIB,1325773800,113.75,115.95,113.25,115.26,2.3123e+06
BIIB,1325860200,115,116.74,114.49,115.5,1.7633e+06
BIIB,1326119400,115.65,116.66,114.87,114.87,1.5303e+06
BIIB,1326205800,115.52,116.18,114.32,114.88,1.4586e+06
BIIB,1326292200,114.9,116.95,114.47,115.71,2.5871e+06
BIIB,1326378600,115.72,116.41,114.87,116.3,1.8171e+06
BIIB,1326465000,116,117.98,115.36,116.03,1.4048e+06
BIIB,1326810600,117.66,117.79,116.33,116.9,1.666e+06
BIIB,1326897000,116.43,117.44,116.2,117.15,1.8139e+06
BIIB,1326983400,116.83,117.53,116.27,116.78,1.6945e+06
BIIB,1327069800,117,119.56,116.86,118.14,3.3964e+06
BIIB,1327329000,118.11,118.25,115.82,116.31,1.6906e+06
BIIB,1327415400,115.97,117.27,115.97,117.03,1.9002e+06
BIIB,1327501800,116.59,118.61,116.43,118.35,1.8472e+06
BIIB,1327588200,118.91,118.98,117.23,117.85,1.6517e+06
BIIB,1327674600,118.35,119.5,118.18,118.56,1.5516e+06
BIIB,1327933800,116.94,117.26,115.02,116.58,2.2973e+06
BIIB,1328020200,116,119.3,115.54,117.95,2.6156e+06
BIIB,1328106600,118.46,122.83,118.35,121.26,3.0182e+06
BIIB,1328193000,121.15,123.23,120.53,121.26,1.5123e+06
BIIB,1328279400,122.24,122.78,121.06,121.88,1.1985e+06
BIIB,1328538600,121.03,122.28,120.32,122.09,1.2633e+06
BIIB,1328625000,121.99,121.99,119.68,121.56,1.2158e+06
BIIB,1328711400,121.5,122.11,118.02,119.6,1.7003e+06
BIIB,1328797800,120.04,120.04,116.63,117.78,2.1012e+06
BIIB,1328884200,116.98,118.16,116.44,118.14,1.0433e+06
BIIB,1329143400,118.01,120.02,118.01,120,1.8021e+06
BIIB,1329229800,118.61,120.08,118.12,119.7,1.0294e+06
BIIB,1329316200,120.05,120.17,118.35,118.49,985800
BIIB,1329402600,119.08,120.43,118.54,119.17,934200
BIIB,1329489000,118.86,118.9,116.22,116.45,1.8899e+06
BIIB,1329834600,116.45,116.62,115.25,115.67,1.5568e+06
BIIB,1329921000,115.39,116.65,115.28,116.51,955600
BIIB,1330007400,116.23,117.9,115.9,116.7,836900
BIIB,1330093800,115.53,117.9,115.52,116.39,964800
BIIB,1330353000,115.43,117.23,114.53,116.4,836800
BIIB,1330439400,115.03,116.99,115.03,116.68,1.3263e+06
BIIB,1330525800,115.51,117.96,115.49,116.47,1.572e+06
BIIB,1330612200,116.01,118.92,116.01,118.71,1.2364e+06
BIIB,1330698600,118.13,119.21,118.08,118.89,997100
BIIB,1330957800,118.16,119.94,116.97,118.42,1.1983e+06
BIIB,1331044200,117.83,119.13,116.3,117.03,793000
BIIB,1331130600,116.86,117.43,116.44,117,728500
BIIB,1331217000,117.13,120.79,117.06,120.42,1.7822e+06
BIIB,1331303400,120.96,121.17,119.5,120.61,1.3309e+06
BIIB,1331559000,120.83,121.64,119.76,120.53,866500
BIIB,1331645400,120.98,122.22,120.57,122.18,1.232e+06
BIIB,1331731800,121.67,121.93,119.11,120.73,1.2024e+06
BIIB,1331818200,120.5,121.48,120.03,121.05,1.0955e+06
BIIB,1331904600,120.42,121.69,119.58,120.04,2.1967e+06
BIIB,1332163800,120,120.48,119.57,119.97,732800
BIIB,1332250200,119.85,119.98,118.92,119.28,953900
BIIB,1332336600,118.88,120.81,118.52,119.94,1.1522e+06
BIIB,1332423000,119.71,120.96,119,120.71,711500
BIIB,1332509400,121.22,121.37,120.06,120.96,626100
BIIB,1332768600,122.01,125.81,121.84,125.8,1.7272e+06
BIIB,1332855000,126.34,127.85,125.81,126.23,1.8977e+06
BIIB,1332941400,126.16,127.37,124.47,125.69,1.2823e+06
BIIB,1333027800,125.01,126.72,125.01,126.48,946800
BIIB,1333114200,127.35,127.35,125.18,126,1.3386e+06
BIIB,1333373400,126.11,127.93,125,127.63,854400
BIIB,1333459800,126.8,128.87,126.8,128.8,911200
BIIB,1333546200,129.99,130,127.55,127.82,1.5207e+06
BIIB,1333632600,127.14,128.82,126.72,128.62,862100
BIIB,1333978200,126.82,127.62,125.99,126.61,700000
BIIB,1334064600,126.16,126.84,124.38,125.02,1.087e+06
BIIB,1334151000,125.72,127.55,125.03,125.03,1.793e+06
BIIB,1334237400,125.37,126.19,124.69,125.5,907400
BIIB,1334323800,125.08,126.2,124.79,125.34,825800
BIIB,1334583000,126.08,126.77,124.23,125.78,1.1062e+06
BIIB,1334669400,126.03,128.99,126.01,128.42,1.3131e+06
BIIB,1334755800,127.79,128.64,126.52,126.54,900700
BIIB,1334842200,126.4,128.73,125.78,125.95,978700
BIIB,1334928600,126.65,128.91,126.16,127.23,1.2795e+06
BIIB,1335187800,126.93,126.97,124.88,125.85,626000
BIIB,1335274200,125.85,128.93,125.83,127.74,1.3177e+06
BIIB,1335360600,128.09,130.81,127.4,129.29,1.1512e+06
BIIB,1335447000,129.44,130.92,128.99,130.8,1.019e+06
BIIB,1335533400,131.47,133.54,130.31,133.16,1.3227e+06
BIIB,1335792600,132.86,134.5,132.43,134.01,1.9474e+06
BIIB,1335879000,131.61,134.67,129.92,131.83,2.1543e+06
BIIB,1335965400,131.19,135.39,131.19,135.16,1.5153e+06
BIIB,1336051800,135.52,135.84,133.59,134.26,1.2702e+06
BIIB,1336138200,132.99,133.32,130.52,130.97,1.0702e+06
BIIB,1336397400,130.51,133.09,130.13,132.51,1.1082e+06
BIIB,1336483800,131.6,133.06,130.85,132.93,1.2739e+06
BIIB,1336570200,132.4,133.01,131.05,132.51,1.416e+06
BIIB,1336656600,133.36,134.74,132.89,134.31,881000
BIIB,1336743000,134.27,137.5,134.23,136.71,1.189e+06
BIIB,1337002200,135.87,137.68,135.54,136.87,934300
BIIB,1337088600,136.3,137.5,135.92,137.04,1.2514e+06
BIIB,1337175000,137.77,138.49,136.19,136.8,1.3942e+06
BIIB,1337261400,136.93,137.7,132.87,132.88,1.5196e+06
BIIB,1337347800,133.06,133.33,130.46,131.58,1.8387e+06
BIIB,1337607000,132.2,132.74,131.31,132.26,1.4796e+06
BIIB,1337693400,132.33,134.43,131.94,132.33,1.344e+06
BIIB,1337779800,131.97,132.89,130.88,131.5,1.5e+06
BIIB,1337866200,131.08,132.62,130.83,131.65,1.0696e+06
BIIB,1337952600,132.25,132.9,131.07,131.56,757200
BIIB,1338298200,132.54,133.71,131.17,131.54,1.3458e+06
BIIB,1338384600,130.92,131.83,130.25,130.84,1.2722e+06
BIIB,1338471000,130.48,131.43,129.48,130.75,1.4491e+06
BIIB,1338557400,128.89,130.84,126.68,126.73,1.3359e+06
BIIB,1338816600,126.45,130.91,126.39,130.79,1.51e+06
BIIB,1338903000,130.26,132.97,129.79,132.43,1.5798e+06
BIIB,1338989400,133.2,134.12,132.22,134.11,1.0617e+06
BIIB,1339075800,134.61,135.38,133.19,133.34,1.262e+06
BIIB,1339162200,132.71,134.44,132.23,133.52,919900
BIIB,1339421400,134.52,134.89,132.01,132.26,1.4562e+06
BIIB,1339507800,132.93,134.49,132.01,134.15,1.2105e+06
BIIB,1339594200,134.61,136.17,133.64,134.22,1.1899e+06
BIIB,1339680600,134.67,139.21,134.38,138.66,1.5973e+06
BIIB,1339767000,139.14,140.68,138.27,140.01,1.9043e+06
BIIB,1340026200,140.47,142.67,140.2,141.96,1.8465e+06
BIIB,1340112600,142.28,143.44,141.86,143.09,1.1902e+06
BIIB,1340199000,142.76,143.46,142.13,142.85,1.5339e+06
BIIB,1340285400,143.17,143.48,138.99,139.2,1.3687e+06
BIIB,1340371800,139.62,142.16,139.15,141.74,1.0507e+06
BIIB,1340631000,140.38,142.3,140.38,142.03,900900
BIIB,1340717400,142.15,142.79,141.5,141.97,862900
BIIB,1340803800,142.7,143.74,141.76,143.16,807700
BIIB,1340890200,142.01,142.33,138.26,140.11,1.1196e+06
BIIB,1340976600,142.47,144.38,141.05,144.38,1.4903e+06
BIIB,1341235800,143.5,145.66,143.04,145.61,1.2027e+06
BIIB,1341322200,145.53,145.67,144.68,145.63,548100
BIIB,1341495000,144.72,145.41,143.98,144.12,781000
BIIB,1341581400,144.03,144.92,141.85,142.46,831400
BIIB,1341840600,142.94,144.34,141.5,143.16,1.1353e+06
BIIB,1341927000,144.36,145.73,142.9,143.75,1.151e+06
BIIB,1342013400,143.3,143.44,140.17,142,1.0601e+06
BIIB,1342099800,141.27,142.85,139.72,142.63,1.3452e+06
BIIB,1342186200,143.16,144.9,142.35,144.61,733400
BIIB,1342445400,144.17,145.4,143.84,145.22,630800
BIIB,1342531800,146.04,147.49,143.76,145.91,823500
BIIB,1342618200,145.94,146.67,144.81,144.96,747900
BIIB,1342704600,144.86,144.86,142.74,143.74,881800
BIIB,1342791000,143.77,144.39,142.11,142.21,1.1685e+06
BIIB,1343050200,142.12,142.12,137.88,139.23,1.1285e+06
BIIB,1343136600,142.52,142.68,137.96,139.48,1.3133e+06
BIIB,1343223000,139.24,143.87,138.1,143.45,1.4401e+06
BIIB,1343309400,144.44,148.31,144.17,147.75,1.43e+06
BIIB,1343395800,149,150.23,148.2,149.47,1.4223e+06
BIIB,1343655000,149.72,150.29,146.93,147.28,864600
BIIB,1343741400,146.95,148.07,145.66,145.83,920500
BIIB,1343827800,146.3,147.89,144.03,144.28,962200
BIIB,1343914200,142.88,144.61,141.88,143.8,1.1156e+06
BIIB,1344000600,147.01,147.87,144.93,145.06,1.0028e+06
BIIB,1344259800,145.29,146.26,144.57,145.46,704900
BIIB,1344346200,146.04,146.92,145.46,146.18,667600
BIIB,1344432600,146.15,147.57,144.83,145.05,709000
BIIB,1344519000,144.86,145.33,142.72,143.09,1.2098e+06
BIIB,1344605400,143.24,146.32,143.24,145.51,880200
BIIB,1344864600,145.06,145.15,143.18,144.54,593900
BIIB,1344951000,145.03,145.9,144.29,145.5,512700
BIIB,1345037400,145.03,147.52,145.02,146.87,517900
BIIB,1345123800,147.4,147.75,145.85,146.84,465300
BIIB,1345210200,147.34,147.34,144.62,145.09,902000
BIIB,1345469400,145.19,145.19,143.8,144.69,694300
BIIB,1345555800,144.27,144.83,143.28,143.97,924400
BIIB,1345642200,143.83,145.8,143.51,144.92,799200
BIIB,1345728600,144.67,145.67,144.13,145.15,519600
BIIB,1345815000,144.92,147.79,144.87,147.03,606900
BIIB,1346074200,146.78,147.69,146.26,147.39,680500
BIIB,1346160600,146.94,147.37,146,146.43,614700
BIIB,1346247000,147.16,147.21,145.6,145.89,689500
BIIB,1346333400,145.36,146.32,145,145.95,588500
BIIB,1346419800,147.03,147.27,145.53,146.59,633600
BIIB,1346765400,145.9,147.69,144.9,147.07,783100
BIIB,1346851800,147.28,147.74,145.64,146.67,626200
BIIB,1346938200,147.77,152.75,147.77,152.19,1.1875e+06
BIIB,1347024600,153.07,153.2,150.62,152.5,666200
BIIB,1347283800,150.36,152.08,150,151.6,593500
BIIB,1347370200,151.21,152.12,150,151.95,576600
BIIB,1347456600,152.68,153.42,151.85,152.26,602200
BIIB,1347543000,151.85,153.38,151.29,152.5,927000
BIIB,1347629400,152.44,154.24,150.65,154.24,1.2694e+06
BIIB,1347888600,154.03,155.35,153.44,154.41,1.598e+06
BIIB,1347975000,154.76,156.52,154.45,155.8,1.0757e+06
BIIB,1348061400,155.96,156.47,154.59,155.04,1.0686e+06
BIIB,1348147800,156.02,156.57,153.87,156.06,1.1745e+06
BIIB,1348234200,156.31,156.46,154.02,154.57,1.6909e+06
BIIB,1348493400,155.08,155.14,153,154.4,832600
BIIB,1348579800,155,155.5,152.64,152.83,956300
BIIB,1348666200,155.74,157.18,151.52,151.62,1.7855e+06
BIIB,1348752600,152.13,153.09,150.26,150.71,1.7438e+06
BIIB,1348839000,150,150.34,147.9,149.21,1.3224e+06
BIIB,1349098200,149.16,152.56,149.13,149.94,1.0892e+06
BIIB,1349184600,149.94,150.61,149.16,149.93,773800
BIIB,1349271000,150,152.94,149.15,152.94,1.0568e+06
BIIB,1349357400,153.01,154.55,152.1,152.57,995800
BIIB,1349443800,152,154.04,151.87,152.53,965700
BIIB,1349703000,152.81,153.7,151.1,151.22,566300
BIIB,1349789400,151.04,152.61,149,149.38,858100
BIIB,1349875800,149.64,151.04,147.01,147.29,870800
BIIB,1349962200,148.61,149.47,146.99,147.1,1.0231e+06
BIIB,1350048600,147.51,149.78,146.97,147.2,1.0844e+06
BIIB,1350307800,147.5,149.54,146.88,149.41,992900
BIIB,1350394200,149.42,153.33,148.99,153.25,973000
BIIB,1350480600,153.06,154.91,152.41,153.78,813400
BIIB,1350567000,152,152.49,148.35,149.56,2.0184e+06
BIIB,1350653400,150.02,151.46,144.84,145.65,2.1517e+06
BIIB,1350912600,145.23,145.68,143.33,145.3,1.0507e+06
BIIB,1350999000,143.76,144,141.14,142.06,1.0552e+06
BIIB,1351085400,142.59,144.03,141.58,142.06,1.6552e+06
BIIB,1351171800,145,146.45,144.15,144.43,1.3814e+06
BIIB,1351258200,143.97,144.58,142.02,142.93,991600
BIIB,1351690200,143.15,143.33,136.28,138.21,1.8298e+06
BIIB,1351776600,139.3,140.54,138.21,139.03,1.1653e+06
BIIB,1351863000,138.97,139.38,137.57,138.41,1.3252e+06
BIIB,1352125800,138.02,140.2,137.9,139.6,744500
BIIB,1352212200,140.03,141.62,139.34,140.3,990300
BIIB,1352298600,139.62,139.86,138.26,138.35,1.0376e+06
BIIB,1352385000,137.77,138.12,135.48,135.61,1.5222e+06
BIIB,1352471400,135.19,138.81,134,138.05,1.3775e+06
BIIB,1352730600,138.5,140.95,138.22,139.48,1.1322e+06
BIIB,1352817000,139.36,140.59,137.72,138.02,1.1708e+06
BIIB,1352903400,138,138.44,135.99,136.3,1.0982e+06
BIIB,1352989800,136.44,138.37,135.58,137.93,1.3124e+06
BIIB,1353076200,137.6,142,137.6,141.24,2.3491e+06
BIIB,1353335400,141.85,143.58,139.84,143.53,1.4335e+06
BIIB,1353421800,143.1,148.19,142.41,148.15,1.753e+06
BIIB,1353508200,148.69,149.97,147.29,147.36,1.409e+06
BIIB,1353681000,148.44,149.87,147.32,149.87,374100
BIIB,1353940200,148.7,149.41,147.43,149.11,853100
BIIB,1354026600,147.98,149.95,147.59,147.88,696300
BIIB,1354113000,147.74,149.7,145.58,149.46,652800
BIIB,1354199400,150,151.5,149.5,150.3,740500
BIIB,1354285800,150.79,151,148.93,149.09,895600
BIIB,1354545000,150.04,152.03,149.68,150.55,851000
BIIB,1354631400,150.57,152.44,150.1,151.86,1.2377e+06
BIIB,1354717800,152.46,152.66,150.27,150.55,736800
BIIB,1354804200,150.74,151.92,150.55,151.73,610000
BIIB,1354890600,151.46,152,150.45,151.29,765000
BIIB,1355149800,151.6,153.62,150.52,153.14,731100
BIIB,1355236200,153.51,155.3,153.51,154.22,1.2527e+06
BIIB,1355322600,154.34,154.5,151.97,152.35,873100
BIIB,1355409000,152.61,153.74,150.79,151.56,672200
BIIB,1355495400,151.09,152.54,150.19,151.25,730700
BIIB,1355754600,151.86,153.04,150.74,152.65,815200
BIIB,1355841000,153.37,154,151.82,153.42,818300
BIIB,1355927400,153.28,153.61,150.3,151.31,1.2755e+06
BIIB,1356013800,151.22,151.95,150.57,151.21,729700
BIIB,1356100200,150.29,151.16,148.56,149.91,1.9923e+06
BIIB,1356359400,149.14,149.9,148.72,149.07,358000
BIIB,1356532200,149.35,149.35,147.03,148.43,507800
BIIB,1356618600,148.39,149.5,146.33,147.76,1.0727e+06
BIIB,1356705000,146.98,148.06,146.05,146.05,716300
BIIB,1356964200,145.84,147,145.04,146.37,927900
BIIB,1357137000,148.72,150.98,148.46,150,1.581e+06
BIIB,1357223400,142.25,149,141.73,147.86,5.8166e+06
BIIB,1357309800,148.02,148.45,145.77,145.93,1.5331e+06
BIIB,1357569000,145.29,146.65,145.08,146.42,1.1216e+06
BIIB,1357655400,145.53,146.52,144.09,144.39,1.7601e+06
BIIB,1357741800,144.2,146.88,143.7,144.08,2.0989e+06
BIIB,1357828200,144.41,144.8,141.48,143.91,2.1196e+06
BIIB,1357914600,143.99,145.02,141.03,143.79,1.7935e+06
BIIB,1358173800,144.11,144.49,143.15,143.88,1.1644e+06
BIIB,1358260200,141.58,143.06,139.72,143.01,1.3918e+06
BIIB,1358346600,142.82,143.3,141.76,142.82,1.1399e+06
BIIB,1358433000,143,144.18,142.53,143.72,1.4997e+06
BIIB,1358519400,143.57,144.68,143.16,144.28,1.8384e+06
BIIB,1358865000,144,145,143.18,144.86,1.3958e+06
BIIB,1358951400,144.66,145.37,143.33,143.55,1.1102e+06
BIIB,1359037800,144.98,146.57,144.81,146.41,2.1161e+06
BIIB,1359124200,146.94,147.49,144.55,146.2,1.183e+06
BIIB,1359383400,149.64,156.94,147.77,149.99,2.993e+06
BIIB,1359469800,149.66,154.96,149.63,153.92,2.2035e+06
BIIB,1359556200,153.54,156.08,152.92,155.08,1.719e+06
BIIB,1359642600,154.5,156.87,154.04,156.08,1.337e+06
BIIB,1359729000,157.28,158.39,155.16,157.3,1.162e+06
BIIB,1359988200,156.15,157.27,155.1,155.73,1.2056e+06
BIIB,1360074600,156.31,157.66,155.55,157.36,830100
BIIB,1360161000,165.55,167.35,160.61,160.98,2.8577e+06
BIIB,1360247400,161.54,162.03,158.75,160.3,1.1932e+06
BIIB,1360333800,163.57,165.8,162.32,164.44,1.164e+06
BIIB,1360593000,164.51,165.28,163.05,163.96,1.0362e+06
BIIB,1360679400,163.98,165.94,163.32,165.45,1.0799e+06
BIIB,1360765800,163.39,167.29,163.34,165.91,1.3781e+06
BIIB,1360852200,165.67,165.77,163.45,164.59,1.2036e+06
BIIB,1360938600,165.34,169.07,164.4,168.74,1.934e+06
BIIB,1361284200,168.67,168.9,165.79,166.81,1.1277e+06
BIIB,1361370600,166.77,168.55,164.72,164.77,1.5405e+06
BIIB,1361457000,164.8,165.47,161.97,162.6,1.1625e+06
BIIB,1361543400,163.14,164.67,162.69,164.4,746700
BIIB,1361802600,164.09,166.95,161.25,161.36,1.2158e+06
BIIB,1361889000,160.65,163.52,160.42,161.99,1.3811e+06
BIIB,1361975400,163,167.23,162.74,166.06,1.0346e+06
BIIB,1362061800,165.6,168.69,164.62,166.34,1.2122e+06
BIIB,1362148200,165.3,171.11,164.45,168.7,1.7109e+06
BIIB,1362407400,167.64,170.02,165.98,169.96,1.2301e+06
BIIB,1362493800,170.08,173.72,170.05,171.31,1.3712e+06
BIIB,1362580200,171.54,172.58,169.99,172.45,1.074e+06
BIIB,1362666600,172.44,173,171,171.47,968900
BIIB,1362753000,172.41,172.99,171.22,172.38,1.1656e+06
BIIB,1363008600,171.85,174.21,171.42,174.14,1.0922e+06
BIIB,1363095000,174.44,176.47,173.81,176.05,1.9447e+06
BIIB,1363181400,175.62,176.34,174.23,176.15,1.1915e+06
BIIB,1363267800,176.2,177.91,175.91,176.78,1.0418e+06
BIIB,1363354200,175.96,178.18,175.76,176.78,2.0495e+06
BIIB,1363613400,174.81,176.74,174.53,175.52,871000
BIIB,1363699800,175.78,177.55,174.72,175.61,1.2364e+06
BIIB,1363786200,177.06,178.41,176.64,178.1,830800
BIIB,1363872600,177.28,178.33,176.18,176.55,1.0478e+06
BIIB,1363959000,176.88,178.9,176.88,178,929300
BIIB,1364218200,178.48,178.48,175.63,176.22,1.1366e+06
BIIB,1364304600,177.42,178.13,175.98,177.09,1.2327e+06
BIIB,1364391000,176.52,184.17,176.01,182.68,2.4582e+06
BIIB,1364477400,186.6,192.92,186.36,192.62,3.995e+06
BIIB,1364823000,193.66,196.78,191.8,192.77,2.0673e+06
BIIB,1364909400,194.94,199.54,194.23,198.19,2.0393e+06
BIIB,1364995800,198.38,199.05,194.16,195.74,1.8244e+06
BIIB,1365082200,197.76,198.87,194.48,195.68,1.1992e+06
BIIB,1365168600,193.05,193.99,191.8,193.31,1.3179e+06
BIIB,1365427800,193.6,194.88,192.33,194.13,709200
BIIB,1365514200,194.51,195.43,192.2,193.17,746400
BIIB,1365600600,193.69,198.44,193.22,198.34,887300
BIIB,1365687000,198.94,201,197.18,200.26,884900
BIIB,1365773400,202.59,209,201.9,207.01,1.8337e+06
BIIB,1366032600,206.88,207.5,198.51,198.75,1.4091e+06
BIIB,1366119000,201.51,202.48,197.74,202.13,1.3081e+06
BIIB,1366205400,200.11,204.75,199,204.08,1.31e+06
BIIB,1366291800,204.18,204.18,197.92,198.66,978800
BIIB,1366378200,197.65,203.72,197.5,203.27,942600
BIIB,1366637400,204.86,216.67,204.36,215.2,2.6783e+06
BIIB,1366723800,216.88,217.8,211.23,212.76,1.9717e+06
BIIB,1366810200,211.93,212.31,205.91,206.18,1.5849e+06
BIIB,1366896600,212.23,217.67,212.1,216,1.9848e+06
BIIB,1366983000,215.89,218.46,212.53,213.59,1.0834e+06
BIIB,1367242200,219.71,225,219.35,223.61,2.0663e+06
BIIB,1367328600,223.94,226.18,218.21,218.93,1.622e+06
BIIB,1367415000,215.39,218.39,214,214.33,1.2362e+06
BIIB,1367501400,214.68,219.08,213.26,217.3,1.1245e+06
BIIB,1367587800,220.39,222.55,217.85,218.85,922300
BIIB,1367847000,221.72,222,215.39,215.73,942200
BIIB,1367933400,214.81,216.62,211.63,212.55,1.1196e+06
BIIB,1368019800,212.03,215.62,209.57,210.71,1.1415e+06
BIIB,1368106200,210.4,212.04,208.5,209.28,1.0276e+06
BIIB,1368192600,210.76,213.38,209.05,213.22,1.1085e+06
BIIB,1368451800,216.5,222.93,215.94,222.74,1.5932e+06
BIIB,1368538200,223.4,231.99,222.75,229.84,1.9723e+06
BIIB,1368624600,228.73,230.98,224.58,227.13,933800
BIIB,1368711000,226.68,228.84,223.11,227.99,1.5927e+06
BIIB,1368797400,228.36,228.86,224.6,226.85,1.2439e+06
BIIB,1369056600,226.05,234.46,224.33,225.18,1.2817e+06
BIIB,1369143000,226.17,234.2,226,231.33,1.3645e+06
BIIB,1369229400,232.27,238.83,230.06,233.07,1.4049e+06
BIIB,1369315800,230.25,235.1,226.01,232.62,1.2312e+06
BIIB,1369402200,230.87,235.4,229.35,235.24,825900
BIIB,1369747800,237.23,242.64,236.28,240.86,1.4518e+06
BIIB,1369834200,239.42,242.18,238.44,238.99,1.1439e+06
BIIB,1369920600,235.82,241.12,233.12,238.89,1.268e+06
BIIB,1370007000,237.18,240.49,237.01,237.49,1.3373e+06
BIIB,1370266200,234.15,234.7,220.08,227.39,2.4642e+06
BIIB,1370352600,224.22,225,218.38,219.74,2.5151e+06
BIIB,1370439000,219,223.6,209.87,214.1,2.3356e+06
BIIB,1370525400,214.35,221.35,212.87,221.19,1.6122e+06
BIIB,1370611800,223.57,228.1,223.3,225.02,1.7224e+06
BIIB,1370871000,225.81,226.6,220.47,222.19,1.0209e+06
BIIB,1370957400,219.62,225,218.31,223.03,1.3318e+06
BIIB,1371043800,217.7,218.9,204.12,206.55,2.7786e+06
BIIB,1371130200,205.86,210.87,204.56,209.58,2.0116e+06
BIIB,1371216600,212,217.65,208.42,211.99,1.5694e+06
BIIB,1371475800,214.01,216,206.62,207.75,1.65e+06
BIIB,1371562200,210.47,211.62,206.43,210.8,1.4407e+06
BIIB,1371648600,210.47,211.26,203.59,203.8,1.2136e+06
BIIB,1371735000,201.6,202.97,197.7,199.58,1.9372e+06
BIIB,1371821400,201.01,202.98,194.66,199.07,3.5182e+06
BIIB,1372080600,197.8,203.65,195.1,200.46,1.8201e+06
BIIB,1372167000,201.75,202.31,196.69,199.15,1.1995e+06
BIIB,1372253400,201.57,209.87,200.26,208.43,1.4776e+06
BIIB,1372339800,209.8,212.98,207.82,208.81,1.4007e+06
BIIB,1372426200,221.68,224.63,215.13,215.2,3.1104e+06
BIIB,1372685400,220.25,223.8,217.73,217.88,1.523e+06
BIIB,1372771800,217.49,219.28,215.22,216.65,1.1725e+06
BIIB,1372858200,214.99,218.67,214.53,217.5,362300
BIIB,1373031000,220.27,223.94,220.12,221.65,806100
BIIB,1373290200,223.38,225.22,217.5,218.07,943600
BIIB,1373376600,219.2,220.92,215.81,219.26,829100
BIIB,1373463000,218.87,221.51,216.38,219.7,857700
BIIB,1373549400,222.61,226,220.83,223.3,1.2609e+06
BIIB,1373635800,222.52,226.54,219.19,226.34,1.3606e+06
BIIB,1373895000,228.01,228.01,222.5,224.33,810500
BIIB,1373981400,223.94,225.53,220.03,222.85,1.0635e+06
BIIB,1374067800,224.06,227.12,223.32,225.1,1.0251e+06
BIIB,1374154200,225.33,226.99,222.62,223.12,813700
BIIB,1374240600,224.33,230.62,220.1,230.27,1.5926e+06
BIIB,1374499800,234.69,234.74,222.09,231.67,2.486e+06
BIIB,1374586200,231.55,231.83,221.91,222.65,1.7233e+06
BIIB,1374672600,222.73,226.97,221.18,226.61,1.4558e+06
BIIB,1374759000,233.53,233.97,222.2,227.48,2.3927e+06
BIIB,1374845400,226.4,227.76,218.16,223.23,1.4034e+06
BIIB,1375104600,221.86,224.11,215.96,215.96,1.4291e+06
BIIB,1375191000,216.98,217.99,214.21,216.93,1.798e+06
BIIB,1375277400,217.49,221.7,216.06,218.13,1.2029e+06
BIIB,1375363800,218.82,221.58,218.03,220.2,1.1196e+06
BIIB,1375450200,220.38,227.8,220.3,227.76,1.5296e+06
BIIB,1375709400,228,229,225.1,227.57,969800
BIIB,1375795800,227.21,227.36,221.7,221.82,771200
BIIB,1375882200,220.64,223,217.13,217.76,1.1145e+06
BIIB,1375968600,219.7,220,215.87,216.89,807800
BIIB,1376055000,214.75,217.1,212.01,212.35,1.0289e+06
BIIB,1376314200,210.79,210.79,203.55,206.89,1.9587e+06
BIIB,1376400600,206.88,213.49,206.15,211.25,1.7759e+06
BIIB,1376487000,210.93,214.16,210.65,211.52,1.0548e+06
BIIB,1376573400,209.41,209.86,205.73,206.53,814900
BIIB,1376659800,205.61,208.92,205.28,206.89,1.2522e+06
BIIB,1376919000,207.15,209.95,206.84,206.87,639800
BIIB,1377005400,206.81,209.25,206.24,206.55,736400
BIIB,1377091800,205.61,210.98,203.55,208.08,999500
BIIB,1377178200,208.35,212.77,208.01,211.48,612400
BIIB,1377264600,211.49,212.25,210.02,211.38,608700
BIIB,1377523800,212.02,214.92,210.99,212.34,803100
BIIB,1377610200,210.09,211.71,207.39,207.65,725900
BIIB,1377696600,208.27,211.29,206.6,209.71,809600
BIIB,1377783000,209.19,217.07,209.03,214.13,859700
BIIB,1377869400,213.99,214.56,210.87,213.02,1.0023e+06
BIIB,1378215000,216,222.45,213.05,221.79,1.2234e+06
BIIB,1378301400,223.64,231.65,223,230.59,1.9054e+06
BIIB,1378387800,229.81,231.72,226.02,227.7,1.0747e+06
BIIB,1378474200,229.5,230,224.43,225.18,1.2564e+06
BIIB,1378733400,226.09,229,224.94,228.86,891600
BIIB,1378819800,230,230.35,224.79,228.69,932200
BIIB,1378906200,228.5,236.54,227.79,236.27,1.2208e+06
BIIB,1378992600,236.77,238.5,233.08,234.11,1.1122e+06
BIIB,1379079000,234.95,236.07,231.54,234.71,650400
BIIB,1379338200,238.03,240.38,236.31,239.57,1.0426e+06
BIIB,1379424600,238.98,241,236.23,240.05,797900
BIIB,1379511000,245.99,246.49,240.05,246.35,1.6063e+06
BIIB,1379597400,247.03,248.95,244.62,247.98,1.3956e+06
BIIB,1379683800,248.28,248.75,246.05,248.13,1.6733e+06
BIIB,1379943000,248.4,248.4,241.52,242.67,1.0599e+06
BIIB,1380029400,242.46,243.97,240.89,243.54,849100
BIIB,1380115800,244.1,244.36,241.27,241.51,872300
BIIB,1380202200,241.94,245.88,241.48,243.05,989200
BIIB,1380288600,241.23,245.16,238.47,244.82,1.1189e+06
BIIB,1380547800,242,244.5,240.29,240.76,924500
BIIB,1380634200,242.85,245.75,241.95,244.92,914800
BIIB,1380720600,243.9,248.32,243.63,246.23,849300
BIIB,1380807000,244.71,245.98,233.5,233.84,1.683e+06
BIIB,1380893400,236.39,241.45,235.4,240.3,1.326e+06
BIIB,1381152600,237.47,240.91,235.59,236.59,911400
BIIB,1381239000,235.37,237.75,225.11,225.5,1.5564e+06
BIIB,1381325400,226.96,228.15,221.07,223.85,1.4296e+06
BIIB,1381411800,228.26,234.85,227.5,234.17,1.185e+06
BIIB,1381498200,233.97,238.65,233.26,234.8,895300
BIIB,1381757400,232.65,238.97,231.02,238.84,701800
BIIB,1381843800,237.69,239.07,236.19,236.47,765700
BIIB,1381930200,236.57,241.88,236.35,241.18,1.1494e+06
BIIB,1382016600,241.02,247.46,240.05,247.1,932700
BIIB,1382103000,246.7,246.86,241.66,244.9,1.1224e+06
BIIB,1382362200,245.19,246.5,241.52,243.07,776000
BIIB,1382448600,244.25,251.96,243.02,250.6,1.2403e+06
BIIB,1382535000,249.8,251.84,247.43,251.12,993500
BIIB,1382621400,251.99,252.99,248.37,249.22,1.035e+06
BIIB,1382707800,250.53,252.83,247.76,252.26,1.3508e+06
BIIB,1382967000,250.47,262,245.03,254.43,2.5788e+06
BIIB,1383053400,255.85,256,249.13,254.39,875300
BIIB,1383139800,253.72,254.82,246.77,248.95,934500
BIIB,1383226200,249.23,251,244.17,244.19,1.1761e+06
BIIB,1383312600,245.57,248.32,239.61,243.1,1.5933e+06
BIIB,1383575400,243.79,245.95,239.85,240.07,942200
BIIB,1383661800,237.99,244.87,237.99,244.06,995300
BIIB,1383748200,245.27,245.98,237.63,238.48,1.0467e+06
BIIB,1383834600,239.72,242.89,230.53,231.19,1.4449e+06
BIIB,1383921000,233.12,237.54,230.25,236.69,1.0959e+06
BIIB,1384180200,236.23,237.43,232.36,234.79,770400
BIIB,1384266600,233.5,235.63,231,235.62,991100
BIIB,1384353000,233.7,236.43,232.11,236.1,1.006e+06
BIIB,1384439400,236.5,240.84,236.5,237.58,680900
BIIB,1384525800,237,245.81,236.8,245.09,1.5797e+06
BIIB,1384785000,244.98,247.4,239.81,241.27,1.2242e+06
BIIB,1384871400,241.97,248.75,240.68,245.46,1.2035e+06
BIIB,1384957800,245.67,249.96,243,246.12,1.0144e+06
BIIB,1385044200,247.3,253.22,245.31,252.43,1.3995e+06
BIIB,1385130600,278,289.97,274.98,285.62,4.698e+06
BIIB,1385389800,286.54,297.98,284.51,295.88,2.7279e+06
BIIB,1385476200,295.95,297.8,288.58,289.2,1.5848e+06
BIIB,1385562600,292.8,295.89,288.01,293.83,939700
BIIB,1385735400,290,295.49,290,290.97,514200
BIIB,1385994600,291.71,298.82,290.52,294.84,1.1285e+06
BIIB,1386081000,294.17,294.25,286.56,287.76,1.4195e+06
BIIB,1386167400,285.9,289.24,282.38,285.82,900200
BIIB,1386253800,284.95,288.73,282.12,284.92,1.159e+06
BIIB,1386340200,289.55,292.86,283,290.9,1.2145e+06
BIIB,1386599400,292.99,293.2,284.7,286.18,1.19e+06
BIIB,1386685800,286.83,288.9,281.28,285.23,937500
BIIB,1386772200,284.66,286.02,277.19,278.04,1.2702e+06
BIIB,1386858600,278.2,283.83,277.22,277.87,993600
BIIB,1386945000,278.02,279.41,271.59,275.32,1.1673e+06
BIIB,1387204200,277.22,283.54,273.21,273.6,1.1783e+06
BIIB,1387290600,274.55,276.59,270.27,271.51,1.253e+06
BIIB,1387377000,272.19,281.25,270.74,280.64,1.8705e+06
BIIB,1387463400,278.88,280.43,275.17,277.21,955800
BIIB,1387549800,278.46,285.54,275.03,283.34,3.0275e+06
BIIB,1387809000,284.28,285,279.51,281.61,1.0759e+06
BIIB,1387895400,281.44,282.68,278.36,280.65,463300
BIIB,1388068200,280.81,282.22,279.07,281.34,620600
BIIB,1388154600,281.81,282.92,276.31,277.17,609600
BIIB,1388413800,278.39,280.19,273.77,279.57,605200
BIIB,1388500200,279.93,281.49,278.6,279.57,640600
BIIB,1388673000,279.44,282.52,276.21,280.33,902200
BIIB,1388759400,279.8,280.84,275.48,277.4,656000
BIIB,1389018600,278.03,279.36,270.62,274.97,1.019e+06
BIIB,1389105000,275.83,277.17,273.45,273.52,819100
BIIB,1389191400,276.64,290.99,274.25,290.01,1.4362e+06
BIIB,1389277800,292.05,297,288,289.75,1.3187e+06
BIIB,1389364200,291.57,299.85,286.3,299.31,1.8669e+06
BIIB,1389623400,299.35,302.95,281.55,283.67,2.3055e+06
BIIB,1389709800,284.7,300.67,280.31,297.47,1.6514e+06
BIIB,1389796200,297.48,298.63,292.32,296.72,1.0387e+06
BIIB,1389882600,297.27,299.13,291.75,294,1.0512e+06
BIIB,1389969000,293.6,298.98,293.19,297.48,1.4136e+06
BIIB,1390314600,300.45,311.2,299.54,310.5,1.7931e+06
BIIB,1390401000,309.8,315,306.32,310.54,1.1252e+06
BIIB,1390487400,307.23,315.38,305.48,314.96,1.5787e+06
BIIB,1390573800,314.78,315.13,303.14,303.6,1.9267e+06
BIIB,1390833000,303.61,303.86,292.53,297.88,1.5153e+06
BIIB,1390919400,302.38,306,297.02,305.65,1.7237e+06
BIIB,1391005800,299.03,318.42,292.82,305.46,2.7738e+06
BIIB,1391092200,310.72,321.25,310,318.28,1.812e+06
BIIB,1391178600,313.08,317.45,311.01,312.64,1.3129e+06
BIIB,1391437800,314.84,316.99,298.15,300.39,2.2054e+06
BIIB,1391524200,299.01,310.06,298.15,308.18,2.1411e+06
BIIB,1391610600,307.39,307.39,294.02,299.93,1.8879e+06
BIIB,1391697000,301.88,307.35,300.67,301.01,1.3846e+06
BIIB,1391783400,303.13,316.02,301.38,315.54,1.5046e+06
BIIB,1392042600,315.54,318.23,311.67,317.96,1.2498e+06
BIIB,1392129000,314.31,319.9,313,319.82,1.5646e+06
BIIB,1392215400,319.27,326.34,318.63,323.04,1.4612e+06
BIIB,1392301800,316.81,329.45,315,328.62,1.3114e+06
BIIB,1392388200,329.48,331.74,327.1,328.29,1.0543e+06
BIIB,1392733800,327.9,335.99,326.96,334.98,966900
BIIB,1392820200,334.12,335.39,326.65,328.45,825700
BIIB,1392906600,330.33,335.88,323.31,335.11,1.3172e+06
BIIB,1392993000,336.37,349.77,334.47,347.11,1.8147e+06
BIIB,1393252200,348.15,353.47,345.62,345.63,1.6681e+06
BIIB,1393338600,346.51,349.54,343.11,346.3,1.3505e+06
BIIB,1393425000,342.17,353,337.31,343.21,1.1924e+06
BIIB,1393511400,342.5,348.39,340.77,343.86,1.1498e+06
BIIB,1393597800,346.16,349.95,335.02,340.68,1.8619e+06
BIIB,1393857000,340.68,342.36,331.22,338.38,1.3404e+06
BIIB,1393943400,343.53,346.74,341.1,343.15,1.1075e+06
BIIB,1394029800,345.23,346.3,338.86,339,1.0033e+06
BIIB,1394116200,346.86,353,334.01,340.69,2.2332e+06
BIIB,1394202600,341.79,342.85,323.72,328.75,2.7856e+06
BIIB,1394458200,327.65,338.6,327.01,338,1.471e+06
BIIB,1394544600,338.25,341.26,334.19,335.99,1.0256e+06
BIIB,1394631000,333.05,340.38,332.28,339.55,879300
BIIB,1394717400,341.04,342.59,329.03,332.05,1.0649e+06
BIIB,1394803800,333.4,340,329.23,332.49,1.3304e+06
BIIB,1395063000,334.83,349,334.32,345.6,1.561e+06
BIIB,1395149400,346.8,354.07,345.7,351.94,1.5111e+06
BIIB,1395235800,352.49,358.89,347,350.01,1.3415e+06
BIIB,1395322200,348.27,353.2,344.72,347.04,1.3691e+06
BIIB,1395408600,355,355,313.08,318.53,5.7483e+06
BIIB,1395667800,320.2,322,300.32,312.6,3.748e+06
BIIB,1395754200,316,321.14,304,311.78,2.1486e+06
BIIB,1395840600,313.08,317.28,305.93,305.93,1.9759e+06
BIIB,1395927000,306.64,312.9,296.65,309.76,2.0211e+06
BIIB,1396013400,305.01,314.19,292.67,294.12,2.5553e+06
BIIB,1396272600,296.11,306.94,296.11,305.87,1.9525e+06
BIIB,1396359000,308.42,316.34,305.31,309.79,1.7148e+06
BIIB,1396445400,311.64,317,306.5,309.7,1.4837e+06
BIIB,1396531800,307.99,308.99,296.23,301.86,2.0081e+06
BIIB,1396618200,303.71,305.48,286.3,288.27,3.2886e+06
BIIB,1396877400,286.36,297.76,281.59,294.19,2.4276e+06
BIIB,1396963800,295.48,295.96,284.32,285.92,2.5029e+06
BIIB,1397050200,288.02,301.45,285.92,300.68,1.9887e+06
BIIB,1397136600,300.1,300.91,284.57,287.35,2.6357e+06
BIIB,1397223000,284.89,292.8,273.73,274,2.7425e+06
BIIB,1397482200,277.91,285.99,274,279.52,1.8801e+06
BIIB,1397568600,280.55,288.84,272.02,285.49,1.8711e+06
BIIB,1397655000,290.28,294,284.07,291.48,1.7682e+06
BIIB,1397741400,291,296,289.76,290.54,1.2834e+06
BIIB,1398087000,290.6,298.57,290.2,297.98,984400
BIIB,1398173400,300.5,309.17,300,306.2,1.7767e+06
BIIB,1398259800,309,311.1,295.49,306.75,2.5947e+06
BIIB,1398346200,307,308.72,286.48,294.84,2.3853e+06
BIIB,1398432600,293.04,296.74,285.58,285.81,1.7277e+06
BIIB,1398691800,289.16,292.42,275.39,283.12,1.8023e+06
BIIB,1398778200,285.35,294.36,282,290.84,1.6345e+06
BIIB,1398864600,285,291.56,281.32,287.12,1.4521e+06
BIIB,1398951000,287.11,291.99,283.3,286.75,1.3127e+06
BIIB,1399037400,290.52,290.61,280.01,282.01,1.2848e+06
BIIB,1399296600,280.61,291.31,279,290.06,1.1779e+06
BIIB,1399383000,287.77,291.09,285.52,285.94,1.2369e+06
BIIB,1399469400,286.26,288.25,278.1,284,1.3796e+06
BIIB,1399555800,286,291.28,281.82,282.96,1.2302e+06
BIIB,1399642200,282.75,286.99,278.59,286.65,1.0843e+06
BIIB,1399901400,289.78,301,288.01,300.54,1.6834e+06
BIIB,1399987800,300.03,300.95,295.55,295.85,988800
BIIB,1400074200,294.87,301.21,293.33,296.5,1.0307e+06
BIIB,1400160600,295.63,297.97,286,289.53,1.311e+06
BIIB,1400247000,288.49,292.55,285.01,291.32,1.1481e+06
BIIB,1400506200,289.15,293.41,287.56,290.75,772800
BIIB,1400592600,292.23,293.81,288.43,289.79,1.089e+06
BIIB,1400679000,290.12,296.76,290.12,295.36,979100
BIIB,1400765400,293.57,303.17,292.58,299.69,1.0924e+06
BIIB,1400851800,301.97,302.73,295.51,299.71,883200
BIIB,1401197400,303.24,310.05,299.5,309.77,1.3085e+06
BIIB,1401283800,311.02,315.42,308.04,308.81,1.1604e+06
BIIB,1401370200,314.86,319.94,314.54,319.85,1.7695e+06
BIIB,1401456600,320.8,322.25,317.93,319.37,1.2944e+06
BIIB,1401715800,318.93,320.03,310.61,318.22,754700
BIIB,1401802200,316.37,318.87,313.77,316.86,786200
BIIB,1401888600,315.87,320,314.01,319.18,740600
BIIB,1401975000,320.17,321.2,315.82,320.13,1.1169e+06
BIIB,1402061400,321.96,322.05,314.29,317.55,872800
BIIB,1402320600,320,321.48,316.08,318.16,775200
BIIB,1402407000,316.2,319.84,312.61,315.44,1.0159e+06
BIIB,1402493400,314.04,314.99,308,310.72,909700
BIIB,1402579800,310.72,314.07,308.1,309.78,802700
BIIB,1402666200,310.5,311.38,306.4,309.98,773200
BIIB,1402925400,309.6,312.95,306.76,307.97,890700
BIIB,1403011800,306.99,307.46,302.01,304.79,860400
BIIB,1403098200,305.51,310.36,304.62,309.81,1.0683e+06
BIIB,1403184600,310.67,313.53,308.45,311.98,1.0345e+06
BIIB,1403271000,313.85,319.89,312.5,319.59,2.0888e+06
BIIB,1403530200,318.01,321.89,312.87,313.46,889100
BIIB,1403616600,313.59,319.26,312.66,314.23,1.1052e+06
BIIB,1403703000,313.09,318,312.58,314.76,1.0517e+06
BIIB,1403789400,315.68,319.88,312.87,318.63,1.0275e+06
BIIB,1403875800,318.57,320.99,315.67,318.13,969400
BIIB,1404135000,317.16,319.62,315.01,315.31,938200
BIIB,1404221400,317.03,326.23,315.24,324.74,1.1795e+06
BIIB,1404307800,325.25,332.78,324.01,331,1.1838e+06
BIIB,1404394200,330.8,332.93,328.23,331.15,700600
BIIB,1404739800,329.4,332.97,324,325.68,802300
BIIB,1404826200,324,324.6,316.91,317.59,1.2357e+06
BIIB,1404912600,322.62,322.87,313.61,320.14,1.0271e+06
BIIB,1404999000,317.1,321.41,315,319.12,825300
BIIB,1405085400,320,323.44,316.04,322.22,946900
BIIB,1405344600,325.12,325.12,319.06,319.75,876500
BIIB,1405431000,320.76,321.81,311.92,312,1.3911e+06
BIIB,1405517400,313.83,313.83,302.55,303.74,1.8038e+06
BIIB,1405603800,301.85,307.99,298.31,299.29,1.6513e+06
BIIB,1405690200,301.12,305.82,298.64,304.1,1.5507e+06
BIIB,1405949400,303.04,304.24,300.4,302.5,1.0278e+06
BIIB,1406035800,305.18,308.68,302.94,303.67,1.2001e+06
BIIB,1406122200,335,343.59,331,337.6,4.143e+06
BIIB,1406208600,337.6,339.83,335.22,336.79,1.5999e+06
BIIB,1406295000,334.78,337.5,332.77,335.45,1.0686e+06
BIIB,1406554200,334.68,338.34,332.1,336.39,995600
BIIB,1406640600,337,344.07,335.7,341.73,1.286e+06
BIIB,1406727000,344.45,349,343.02,344.52,1.3033e+06
BIIB,1406813400,342.72,342.86,333.35,334.39,1.1685e+06
BIIB,1406899800,332.93,337.82,325.85,329.83,1.3193e+06
BIIB,1407159000,330.08,330.94,325.76,326.55,989300
BIIB,1407245400,325.58,328.55,322.14,325.23,1.1446e+06
BIIB,1407331800,324.06,328.49,322,325.2,940600
BIIB,1407418200,326,327.36,319.8,320.6,872700
BIIB,1407504600,320.88,326.4,319.32,324.05,1.1969e+06
BIIB,1407763800,327.3,327.44,319.07,320.34,983000
BIIB,1407850200,319.96,325.64,317,324.96,1.0456e+06
BIIB,1407936600,325.51,335.39,324.13,334.64,1.4492e+06
BIIB,1408023000,335.05,338.51,333.66,337.01,1.3192e+06
BIIB,1408109400,339.25,343.03,330.7,342.47,1.7224e+06
BIIB,1408368600,347.59,348.4,342.09,344.6,1.2236e+06
BIIB,1408455000,344.82,348.49,343.29,345.84,815700
BIIB,1408541400,343.68,345.46,340.67,342.58,700100
BIIB,1408627800,342.73,344.42,337.19,338.65,663700
BIIB,1408714200,339.84,341.9,337,339.97,677300
BIIB,1408973400,342.54,345.75,341.08,342.7,719300
BIIB,1409059800,343.39,343.6,340.01,342.99,836800
BIIB,1409146200,343.46,343.76,338.54,343.36,972100
BIIB,1409232600,341.14,343.83,339.52,341.24,643800
BIIB,1409319000,343.63,343.63,339.18,343.04,700100
BIIB,1409664600,345.47,347.79,340.6,342.68,715600
BIIB,1409751000,343.37,345.81,342.17,344.12,735700
BIIB,1409837400,344.37,344.44,333.78,334.83,827700
BIIB,1409923800,335.04,335.75,321,330.48,1.9106e+06
BIIB,1410183000,329.28,331.85,326.74,331.31,927200
BIIB,1410269400,330.74,330.74,326.03,326.83,840800
BIIB,1410355800,325.99,333,325.99,332.08,811100
BIIB,1410442200,330.41,332.81,324.74,327.11,925300
BIIB,1410528600,327.31,328.16,321.11,323.39,802500
BIIB,1410787800,323.4,323.97,315.71,320.12,1.0628e+06
BIIB,1410874200,319.42,328.75,318.69,326.88,991200
BIIB,1410960600,328.42,330.98,322.69,327.58,1.0886e+06
BIIB,1411047000,328.86,330.3,325.36,329.99,637100
BIIB,1411133400,329.51,334.82,327.49,329.24,1.7426e+06
BIIB,1411392600,327.36,330.34,325.01,329.76,1.0274e+06
BIIB,1411479000,328.51,334.95,327.68,332.24,1.0397e+06
BIIB,1411565400,333.4,347.75,333.11,346.3,1.5792e+06
BIIB,1411651800,344.05,345.65,333.06,333.4,1.5549e+06
BIIB,1411738200,333.87,334.79,328.68,333.54,1.0756e+06
BIIB,1411997400,329.7,333.5,326.85,330.16,800900
BIIB,1412083800,330.23,332.4,327.08,330.81,1.0551e+06
BIIB,1412170200,330.97,331.15,321.98,323.5,985400
BIIB,1412256600,322.6,324.45,317.53,319.84,1.1163e+06
BIIB,1412343000,323.33,331.01,321.63,327.09,1.3065e+06
BIIB,1412602200,331.05,331.05,324.01,325.07,722800
BIIB,1412688600,325,325,315.82,315.92,1.0533e+06
BIIB,1412775000,315.66,325.78,312,324.59,1.2715e+06
BIIB,1412861400,323.35,325.34,317.74,319.19,1.1429e+06
BIIB,1412947800,318.4,324.42,315.08,315.14,1.4682e+06
BIIB,1413207000,314.79,315.75,300.99,301.74,2.3025e+06
BIIB,1413293400,308.36,310.4,296.06,301.58,1.7594e+06
BIIB,1413379800,297.29,311.2,295.27,305.69,2.2109e+06
BIIB,1413466200,299.91,309,296.55,302.74,1.3844e+06
BIIB,1413552600,305.36,313.72,304.75,306.71,1.7822e+06
BIIB,1413811800,305.24,321.48,305.24,311.41,1.5138e+06
BIIB,1413898200,320.97,326.9,316.03,326.77,1.8515e+06
BIIB,1413984600,300,314.95,290.85,309.07,7.067e+06
BIIB,1414071000,314,319.35,311,316.06,2.1262e+06
BIIB,1414157400,315.72,322,315.3,321.67,1.2629e+06
BIIB,1414416600,321.89,323.12,317,319.98,1.1148e+06
BIIB,1414503000,321.21,321.22,314.9,318.03,1.642e+06
BIIB,1414589400,317.94,320.99,312.56,315.06,1.509e+06
BIIB,1414675800,315.09,323.72,313.91,321,1.0844e+06
BIIB,1414762200,330,330.5,318.66,321.08,1.6996e+06
BIIB,1415025000,320.78,323.2,319.66,321.25,1.1961e+06
BIIB,1415111400,319.9,323.88,319.03,322.06,1.1307e+06
BIIB,1415197800,324.57,324.86,318.5,319.55,1.0161e+06
BIIB,1415284200,320.86,324.3,320.27,323.47,1.377e+06
BIIB,1415370600,324.66,325,319.62,320.75,1.1028e+06
BIIB,1415629800,320.19,327.9,319,327.87,1.2205e+06
BIIB,1415716200,327.71,330.37,322.65,324.59,847500
BIIB,1415802600,323.8,323.8,319.55,321.02,757000
BIIB,1415889000,322.25,322.25,314.33,317.98,1.1262e+06
BIIB,1415975400,317.96,318.02,300.35,305.43,2.5573e+06
BIIB,1416234600,305,308.65,301.86,302.42,1.3902e+06
BIIB,1416321000,305.68,306.98,303.02,305.56,1.6432e+06
BIIB,1416407400,304.6,305.5,302.1,303.61,1.9568e+06
BIIB,1416493800,300.1,303.98,297.83,299.1,1.7724e+06
BIIB,1416580200,305.28,305.28,301.32,303.55,1.828e+06
BIIB,1416839400,305.61,308.84,304.78,306.74,1.3882e+06
BIIB,1416925800,307,307.64,302.45,305.4,1.9472e+06
BIIB,1417012200,305,305.83,301.39,304.92,1.0858e+06
BIIB,1417185000,307.58,310.21,305.97,307.69,849100
BIIB,1417444200,306.43,310.48,306.11,308.44,1.1461e+06
BIIB,1417530600,335.65,336.65,323.41,328.27,6.2095e+06
BIIB,1417617000,328.52,347.74,328.52,347.34,4.6687e+06
BIIB,1417703400,345.88,350.89,337.54,341.18,2.5336e+06
BIIB,1417789800,341.99,345.93,339.71,340.87,1.4603e+06
BIIB,1418049000,341.95,347.28,340.9,344.05,1.3954e+06
BIIB,1418135400,340.4,348.06,337.57,347.61,1.2955e+06
BIIB,1418221800,346.85,349.88,342.62,343.59,1.4492e+06
BIIB,1418308200,344.87,351.38,341.86,342.33,1.4717e+06
BIIB,1418394600,339.23,349.98,338.5,344.49,1.5591e+06
BIIB,1418653800,346.5,346.65,333.12,335.8,1.4028e+06
BIIB,1418740200,333.38,339.83,324.69,325.13,1.8344e+06
BIIB,1418826600,326.5,333.73,322.35,332.89,1.6527e+06
BIIB,1418913000,339.36,353.7,337.71,353.7,2.4018e+06
BIIB,1418999400,343.28,361.93,343.06,360.67,3.6913e+06
BIIB,1419258600,352,356.65,345.23,352.29,2.1704e+06
BIIB,1419345000,353.56,353.79,328.68,335.76,2.6315e+06
BIIB,1419431400,335.53,343.62,334.98,340.89,965800
BIIB,1419604200,342.92,345.55,338.02,342.4,1.1387e+06
BIIB,1419863400,341.93,345.99,339.29,343.43,1.2361e+06
BIIB,1419949800,341.51,345.01,339.43,342.19,933500
BIIB,1420036200,343.92,348.5,339.33,339.45,864800
BIIB,1420209000,342.84,346.99,340.33,342.01,976300
BIIB,1420468200,339.27,342,335.13,336.74,1.25e+06
BIIB,1420554600,339.98,346.64,334.4,334.65,1.8982e+06
BIIB,1420641000,338.09,354,338.05,353.24,2.4843e+06
BIIB,1420727400,359.42,360,341.71,350.25,4.2777e+06
BIIB,1420813800,349.78,352.08,338.24,342.34,2.5621e+06
BIIB,1421073000,345.5,350,343.71,347.84,1.8992e+06
BIIB,1421159400,352.81,361.91,348.35,352.74,2.4894e+06
BIIB,1421245800,348,355.61,347.52,348.75,1.4299e+06
BIIB,1421332200,350.04,354.55,339.66,339.88,1.6657e+06
BIIB,1421418600,339.37,353.44,339.35,352.75,1.673e+06
BIIB,1421764200,354.5,365.19,350.64,363.28,2.0764e+06
BIIB,1421850600,361.41,366.17,358.22,361.83,1.337e+06
BIIB,1421937000,364,364,349.49,353.65,2.3229e+06
BIIB,1422023400,352.98,359.87,352.03,357.53,1.0777e+06
BIIB,1422282600,357.63,362.84,355.45,362.44,1.3306e+06
BIIB,1422369000,358.28,364.76,357.13,357.89,1.4463e+06
BIIB,1422455400,360.29,361.38,350.5,351.18,1.486e+06
BIIB,1422541800,351.53,354.61,345.76,353.25,1.7078e+06
BIIB,1422628200,372.75,397,372.75,389.16,4.0298e+06
BIIB,1422887400,389.03,394.98,382,390,1.8327e+06
BIIB,1422973800,390.73,395.5,386.34,393.89,1.7815e+06
BIIB,1423060200,388.6,394.48,381.36,391.12,2.165e+06
BIIB,1423146600,393.7,402.4,390.11,401.79,1.5762e+06
BIIB,1423233000,400.3,407.94,399,402,1.6405e+06
BIIB,1423492200,398.05,402.84,396.46,396.88,1.4404e+06
BIIB,1423578600,398.05,400.86,394.06,395.13,1.8116e+06
BIIB,1423665000,394.86,396.86,388.53,390,1.7663e+06
BIIB,1423751400,394.69,395,386.14,392.11,1.7551e+06
BIIB,1423837800,391.68,394.39,387.24,391.66,1.18e+06
BIIB,1424183400,389.11,402.29,388.67,397.91,1.3211e+06
BIIB,1424269800,396.83,401.87,396.52,401.12,782800
BIIB,1424356200,401.04,408.24,400.56,406.73,1.1435e+06
BIIB,1424442600,406.4,409.03,403.36,408.05,945900
BIIB,1424701800,408.25,411.32,406.23,408.58,954400
BIIB,1424788200,410.25,410.74,402.83,404.89,855200
BIIB,1424874600,405.32,412.02,400.57,408.94,1.1141e+06
BIIB,1424961000,408.82,411.77,406.07,410.1,863800
BIIB,1425047400,410.23,411.31,405.8,409.59,1.371e+06
BIIB,1425306600,410.67,416.82,406.4,415.79,1.3473e+06
BIIB,1425393000,415,415.17,407.12,412.79,1.2353e+06
BIIB,1425479400,410.95,417.18,406.1,414.13,1.523e+06
BIIB,1425565800,417.42,425.7,417.09,425.61,1.8462e+06
BIIB,1425652200,424.23,424.23,416.24,417.63,1.6437e+06
BIIB,1425907800,417.23,417.65,411.6,415.51,1.5161e+06
BIIB,1425994200,409.67,420.44,409.61,414.2,1.4007e+06
BIIB,1426080600,415.31,416.24,407.51,408.11,1.4261e+06
BIIB,1426167000,411.49,411.49,406.02,407.64,1.5532e+06
BIIB,1426253400,407.09,416.7,407.09,413.35,1.7447e+06
BIIB,1426512600,415.46,422.37,414.22,421.32,1.5645e+06
BIIB,1426599000,420.1,426.48,417.5,426.12,1.9689e+06
BIIB,1426685400,425,431,417.05,427.93,2.0303e+06
BIIB,1426771800,434.8,439.9,431.33,433.65,2.4719e+06
BIIB,1426858200,475.92,480.18,456.06,475.98,1.06432e+07
BIIB,1427117400,466.07,474,460.5,463.73,3.7126e+06
BIIB,1427203800,462.99,467.64,452.01,452.71,2.4814e+06
BIIB,1427290200,449.06,450.25,431.39,431.63,3.7437e+06
BIIB,1427376600,427.8,432.88,420.41,428.93,3.3538e+06
BIIB,1427463000,430.12,436.67,429.36,429.87,1.8592e+06
BIIB,1427722200,433.68,437,428.6,431.62,1.6001e+06
BIIB,1427808600,430.16,433.98,422.1,422.24,1.8087e+06
BIIB,1427895000,423.2,423.47,407.55,413.81,2.7092e+06
BIIB,1427981400,415.4,416.48,410.64,412.44,1.7007e+06
BIIB,1428327000,408.75,420.09,408.21,413.42,1.8738e+06
BIIB,1428413400,415.5,425.37,415.13,418.09,1.5719e+06
BIIB,1428499800,419.3,427.51,418.1,425.36,1.5401e+06
BIIB,1428586200,424.6,431.78,419.48,426.63,1.3409e+06
BIIB,1428672600,426.16,428.83,420.5,425.65,1.063e+06
BIIB,1428931800,426.7,432.47,422.52,423.36,1.2633e+06
BIIB,1429018200,423.99,426.48,417.71,423.57,1.3651e+06
BIIB,1429104600,430.76,432.74,424.57,430.96,2.0381e+06
BIIB,1429191000,428.14,432.88,428,428.65,1.109e+06
BIIB,1429277400,424,426.99,416.84,419.44,1.8376e+06
BIIB,1429536600,424.66,424.77,419,422.92,1.1833e+06
BIIB,1429623000,425.19,426.17,420.17,422.11,1.2246e+06
BIIB,1429709400,423.88,425.96,418.55,423.57,1.2982e+06
BIIB,1429795800,423,431.84,421,430.28,1.9382e+06
BIIB,1429882200,410,410.87,395,401.71,6.0844e+06
BIIB,1430141400,401.75,403.45,388.08,389.27,3.432e+06
BIIB,1430227800,388.8,391.87,374.36,374.68,4.9239e+06
BIIB,1430314200,377.97,388.45,376,383.78,3.2556e+06
BIIB,1430400600,380.89,383.83,368.88,373.93,2.6859e+06
BIIB,1430487000,377.52,388.14,377.52,386.22,2.7374e+06
BIIB,1430746200,389.45,393.89,384.75,386.22,1.4564e+06
BIIB,1430832600,385,388.45,381,385.8,1.5948e+06
BIIB,1430919000,387.25,389.99,380.41,383.56,1.2797e+06
BIIB,1431005400,384,388.07,380.61,383.29,1.2981e+06
BIIB,1431091800,390.88,399.5,390.03,398.43,2.0378e+06
BIIB,1431351000,403.2,404,395,396.91,1.5744e+06
BIIB,1431437400,393.2,397.78,389,395.3,1.1425e+06
BIIB,1431523800,396,398.38,388.72,390.04,1.1695e+06
BIIB,1431610200,392.98,395.11,387.37,394.35,1.6126e+06
BIIB,1431696600,395,398.19,389.08,391.24,1.4429e+06
