BP,268493400,3.75,3.75,3.6719,3.6719,584800
BP,268579800,3.6719,3.6875,3.6094,3.6562,240000
BP,268666200,3.6562,3.75,3.6562,3.75,352800
BP,268925400,3.75,3.75,3.7188,3.75,173600
BP,269011800,3.7656,3.8594,3.7656,3.8125,168000
BP,269098200,3.8281,3.9688,3.8281,3.9688,92000
BP,269184600,3.9688,3.9844,3.9062,3.9531,392000
BP,269271000,3.9531,3.9844,3.9375,3.9531,144800
BP,269530200,3.9531,3.9688,3.9062,3.9375,90400
BP,269616600,3.9375,3.9375,3.7188,3.7188,272800
BP,269703000,3.75,3.9375,3.75,3.9219,180000
BP,269789400,4,4.2188,4,4.1719,415200
BP,269875800,4.125,4.125,4.0312,4.0938,216800
BP,270135000,4.0625,4.0625,3.9062,4,113600
BP,270221400,4.0469,4.125,4.0469,4.0938,255200
BP,270307800,4.125,4.2031,4.125,4.1719,728000
BP,270394200,4.1875,4.3125,4.1875,4.25,418400
BP,270480600,4.25,4.3281,4.2188,4.2969,348800
BP,270739800,4.2812,4.2812,4.2188,4.25,207200
BP,270826200,4.25,4.25,4.1875,4.1875,656000
BP,270912600,4.1875,4.4219,4.1562,4.4219,505600
BP,270999000,4.4219,4.5625,4.2812,4.2812,1.848e+06
BP,271085400,4.2969,4.4688,4.2969,4.4531,302400
BP,271344600,4.4531,4.5312,4.3594,4.4062,228000
BP,271431000,4.4219,4.5312,4.4219,4.5156,440000
BP,271517400,4.5625,4.6562,4.5625,4.5625,792800
BP,271603800,4.5938,4.7812,4.5938,4.6875,289600
BP,271690200,4.6875,4.7812,4.6562,4.75,254400
BP,271949400,4.75,4.875,4.625,4.7188,333600
BP,272035800,4.7188,4.75,4.6562,4.6875,128000
BP,272122200,4.7344,4.8125,4.7344,4.7812,284800
BP,272208600,4.7812,4.9219,4.75,4.8594,524800
BP,272295000,4.8594,4.9062,4.8125,4.8438,324000
BP,272554200,4.8438,4.9219,4.7812,4.8125,168800
BP,272640600,4.8125,4.8125,4.75,4.75,113600
BP,272727000,4.75,4.75,4.6094,4.6875,276000
BP,272813400,4.7188,4.7969,4.7188,4.7188,436800
BP,272899800,4.7188,4.75,4.7031,4.75,108000
BP,273159000,4.7188,4.7188,4.6875,4.6875,148000
BP,273245400,4.6875,4.6875,4.5625,4.6875,217600
BP,273331800,4.6875,4.7188,4.5938,4.6875,187200
BP,273418200,4.6875,4.6875,4.5938,4.5938,125600
BP,273504600,4.5938,4.6094,4.5469,4.5781,189600
BP,273850200,4.5938,4.6875,4.5938,4.625,530400
BP,273936600,4.6562,4.75,4.6562,4.6875,449600
BP,274023000,4.6875,4.7344,4.6406,4.6406,501600
BP,274109400,4.7188,4.7656,4.7188,4.7344,160000
BP,274368600,4.8125,4.875,4.8125,4.8125,275200
BP,274455000,4.8594,4.9375,4.8594,4.9375,257600
BP,274541400,4.9375,5.0625,4.9375,5.0156,299200
BP,274627800,5.0156,5.0469,4.9844,5,296000
BP,274714200,4.9531,4.9531,4.9062,4.9219,224000
BP,274973400,4.9219,5,4.875,4.875,264000
BP,275059800,4.875,4.9375,4.875,4.875,183200
BP,275146200,4.875,4.875,4.75,4.75,164800
BP,275232600,4.75,4.7812,4.6094,4.6094,184800
BP,275319000,4.6094,4.6719,4.5,4.5,288800
BP,275578200,4.5,4.5,4.3281,4.4375,260000
BP,275664600,4.5312,4.5625,4.5312,4.5625,247200
BP,275751000,4.5625,4.6562,4.5469,4.5469,444000
BP,275837400,4.5469,4.7031,4.5312,4.625,191200
BP,275923800,4.6875,4.8125,4.6875,4.8125,175200
BP,276183000,4.8125,4.8125,4.6875,4.7188,245600
BP,276269400,4.7188,4.7188,4.625,4.6875,92000
BP,276355800,4.7031,4.75,4.7031,4.75,80000
BP,276442200,4.8594,4.9375,4.8594,4.8594,220000
BP,276528600,4.8594,4.9375,4.8281,4.9062,284800
BP,276787800,4.9062,4.9062,4.8594,4.8906,111200
BP,276874200,4.9062,5.0312,4.9062,4.9688,389600
BP,276960600,4.9688,5.0156,4.9375,4.9844,115200
BP,277047000,4.9844,5.0469,4.9062,4.9531,184800
BP,277133400,4.9531,4.9844,4.9531,4.9688,76000
BP,277392600,4.9688,4.9688,4.9062,4.9062,219200
BP,277479000,4.8125,4.8125,4.6875,4.6875,262400
BP,277565400,4.6875,4.6875,4.5625,4.5625,160000
BP,277651800,4.5625,4.6406,4.5156,4.5156,158400
BP,277738200,4.5,4.5,4.3125,4.4062,435200
BP,277997400,4.4062,4.4375,4.3438,4.4219,224000
BP,278083800,4.4219,4.4531,4.2812,4.3125,1.0256e+06
BP,278170200,4.3125,4.375,4.25,4.3125,144800
BP,278256600,4.2969,4.2969,4.1875,4.1875,268000
BP,278343000,4.1875,4.3438,4.1562,4.1562,297600
BP,278605800,4.1562,4.1875,4.0625,4.125,324800
BP,278692200,4.1562,4.3125,4.1562,4.2812,308800
BP,278778600,4.2812,4.6406,4.2812,4.6406,460000
BP,278865000,4.6406,4.7344,4.625,4.6562,229600
BP,278951400,4.5938,4.5938,4.4375,4.4375,269600
BP,279210600,4.4375,4.5312,4.3438,4.5312,150400
BP,279297000,4.5312,4.625,4.3438,4.4219,164000
BP,279383400,4.5,4.6875,4.5,4.5312,456800
BP,279469800,4.5312,4.625,4.5,4.625,152800
BP,279556200,4.625,4.6562,4.5781,4.5781,113600
BP,279815400,4.5469,4.5469,4.5,4.5156,192000
BP,279901800,4.5156,4.5156,4.4219,4.4375,236800
BP,279988200,4.4531,4.5,4.4531,4.4531,140000
BP,280074600,4.4531,4.5156,4.4531,4.5156,102400
BP,280161000,4.5312,4.75,4.5312,4.75,168800
BP,280420200,4.75,4.7969,4.7188,4.7188,394400
BP,280506600,4.7188,4.7188,4.6875,4.6875,77600
BP,280593000,4.6875,4.6875,4.6562,4.6562,214400
BP,280765800,4.6562,4.7188,4.6562,4.6562,70400
BP,281025000,4.6562,4.6719,4.5781,4.5781,95200
BP,281111400,4.625,4.6562,4.625,4.625,436000
BP,281197800,4.625,4.625,4.5781,4.5938,134400
BP,281284200,4.5938,4.6875,4.5781,4.6875,435200
BP,281370600,4.7031,4.7969,4.7031,4.7344,362400
BP,281629800,4.7344,4.8438,4.625,4.8125,484000
BP,281716200,4.8125,4.9062,4.7812,4.9062,263200
BP,281802600,4.9062,5.0312,4.8438,4.9219,1.3112e+06
BP,281889000,4.9219,4.9688,4.8438,4.8438,524800
BP,281975400,4.8438,4.9531,4.8125,4.9531,625600
BP,282234600,4.9531,4.9844,4.9531,4.9844,111200
BP,282321000,4.9844,4.9844,4.9531,4.9531,251200
BP,282407400,4.9531,4.9844,4.9375,4.9375,212000
BP,282493800,4.9375,4.9688,4.9219,4.9688,421600
BP,282580200,4.9688,4.9688,4.9062,4.9062,83200
BP,282839400,4.9062,5.0156,4.7188,5,980000
BP,282925800,5,5.1562,5,5.1562,792800
BP,283012200,5.1562,5.2031,5.0781,5.2031,819200
BP,283098600,5.2031,5.25,5.1719,5.2188,529600
BP,283185000,5.2188,5.3594,5.2031,5.2969,257600
BP,283530600,5.3438,5.4375,5.3438,5.375,451200
BP,283617000,5.3594,5.3594,5.2812,5.3438,528800
BP,283703400,5.3438,5.3906,5.3438,5.3438,310400
BP,283789800,5.3438,5.375,5.3125,5.3125,426400
BP,284135400,5.2812,5.2812,5.1094,5.2188,218400
BP,284221800,5.2031,5.2031,5.0938,5.125,384000
BP,284308200,5.125,5.25,5.0938,5.25,801600
BP,284394600,5.25,5.3125,5.2188,5.2656,204000
BP,284653800,5.25,5.25,5.1406,5.2344,173600
BP,284740200,5.2344,5.25,5.1875,5.25,334400
BP,284826600,5.25,5.25,5.1562,5.1562,117600
BP,284913000,5.125,5.125,5,5.0938,163200
BP,284999400,5.1562,5.25,5.1562,5.1875,320800
BP,285258600,5.2031,5.3125,5.2031,5.2969,234400
BP,285345000,5.2969,5.3125,5.1875,5.1875,437600
BP,285431400,5.1875,5.2344,5.1094,5.2031,1.5776e+06
BP,285517800,5.2031,5.2656,5.1562,5.2031,536800
BP,285604200,5.2344,5.2344,5.1562,5.2031,139200
BP,285863400,5.2031,5.2188,5.125,5.1875,433600
BP,285949800,5.1875,5.3125,5.1875,5.3125,415200
BP,286036200,5.3281,5.4531,5.3281,5.375,388800
BP,286122600,5.4219,5.5156,5.4219,5.5,480800
BP,286209000,5.5625,5.6562,5.5625,5.625,1.436e+06
BP,286468200,5.625,5.6406,5.5938,5.6406,456000
BP,286554600,5.6406,5.7031,5.6406,5.7031,488000
BP,286641000,5.7656,5.9062,5.7656,5.7969,1.1352e+06
BP,286727400,5.7969,5.8125,5.7188,5.8125,1.3856e+06
BP,286813800,5.8125,5.8125,5.7031,5.75,396000
BP,287073000,5.7344,5.7344,5.5625,5.6875,523200
BP,287159400,5.6875,5.75,5.5781,5.7031,975200
BP,287245800,5.7031,5.7031,5.5938,5.6875,340800
BP,287332200,5.6875,5.7656,5.625,5.7188,248000
BP,287418600,5.7188,5.7344,5.6562,5.6875,196000
BP,287677800,5.6875,5.8594,5.6562,5.7656,562400
BP,287764200,5.7812,5.8594,5.7812,5.8594,915200
BP,287850600,5.875,5.9844,5.875,5.875,536800
BP,287937000,5.8906,6,5.8906,5.9375,702400
BP,288023400,5.9844,6.0938,5.9844,6.0938,822400
BP,288369000,6.0938,6.1875,6.0781,6.1875,500800
BP,288455400,6.1875,6.25,6.1562,6.1875,1.1e+06
BP,288541800,6.1875,6.2031,6.0938,6.1406,529600
BP,288628200,6.1406,6.1562,6.1094,6.125,571200
BP,288887400,6.125,6.125,6.0625,6.0781,616800
BP,288973800,6.0781,6.0938,5.9062,5.9062,817600
BP,289060200,5.9062,5.9062,5.8438,5.875,338400
BP,289146600,5.875,5.9375,5.8125,5.9375,454400
BP,289233000,5.9062,5.9062,5.8281,5.875,472000
BP,289492200,5.875,5.875,5.75,5.8438,497600
BP,289578600,5.8438,5.8594,5.8125,5.8594,332800
BP,289665000,5.8594,5.9688,5.8281,5.8438,416000
BP,289751400,5.8281,5.8281,5.75,5.7656,376800
BP,289837800,5.7812,5.8594,5.7812,5.8281,498400
BP,290097000,5.8281,5.8438,5.6094,5.7969,476000
BP,290183400,5.7969,5.8438,5.6562,5.6719,366400
BP,290269800,5.7812,5.8906,5.7812,5.8438,644800
BP,290356200,5.9062,6.125,5.9062,6.0625,1.8088e+06
BP,290442600,6.1875,6.2812,6.1875,6.2812,874400
BP,290701800,6.2812,6.5625,6.25,6.2812,2.204e+06
BP,290788200,6.25,6.25,6.125,6.125,808000
BP,290874600,6.125,6.1562,6.0625,6.1562,565600
BP,290961000,6.2188,6.2969,6.2188,6.2812,1.064e+06
BP,291047400,6.3438,6.3906,6.3438,6.375,611200
BP,291306600,6.375,6.3906,6.3281,6.3438,481600
BP,291393000,6.3438,6.4062,6.3438,6.4062,1.0168e+06
BP,291479400,6.4062,6.4062,6.3125,6.3125,905600
BP,291565800,6.3125,6.3281,6.25,6.25,206400
BP,291652200,6.2344,6.2344,6.2031,6.2031,170400
BP,291911400,6.1875,6.1875,6,6.0625,180000
BP,291997800,6.0625,6.2344,6.0625,6.2344,507200
BP,292084200,6.2812,6.3438,6.2812,6.2969,800800
BP,292170600,6.2969,6.4219,6.2656,6.375,844800
BP,292257000,6.375,6.4219,6.3438,6.3594,354400
BP,292516200,6.3594,6.3594,6.2344,6.2812,442400
BP,292602600,6.2656,6.2656,6.2344,6.25,221600
BP,292689000,6.2344,6.2344,6,6,700800
BP,292775400,6,6.1094,6,6.1094,152000
BP,293121000,6.1094,6.125,6.0781,6.125,223200
BP,293207400,6.125,6.1562,6.0469,6.0469,452000
BP,293293800,6.0469,6.125,6,6.125,294400
BP,293380200,6.125,6.1562,6.0625,6.0625,496000
BP,293466600,6.0625,6.125,6,6.125,122400
BP,293725800,6.125,6.1562,6.1094,6.125,164800
BP,293812200,6.1406,6.25,6.1406,6.2188,616000
BP,293898600,6.2344,6.2812,6.2344,6.2812,450400
BP,293985000,6.2812,6.375,6.1406,6.1719,621600
BP,294071400,6.1719,6.2344,6.0312,6.2344,926400
BP,294327000,6.2344,6.2969,6.2031,6.2969,184800
BP,294413400,6.3125,6.4062,6.3125,6.375,856000
BP,294499800,6.375,6.4844,6.375,6.4375,643200
BP,294586200,6.4219,6.4219,6.3438,6.3906,562400
BP,294672600,6.3906,6.4219,6.125,6.125,618400
BP,294931800,6.125,6.1562,6.0156,6.0156,204800
BP,295018200,6.0156,6.1875,5.9531,6.1875,463200
BP,295104600,6.1875,6.25,6.125,6.2031,276800
BP,295191000,6.2031,6.25,6.0781,6.0781,548000
BP,295277400,6.0781,6.2188,6.0781,6.125,224800
BP,295536600,6.0781,6.0781,6,6,262400
BP,295623000,6,6.0625,5.9531,6.0156,425600
BP,295709400,6.0156,6.0781,6.0156,6.0156,273600
BP,295795800,6.0625,6.3438,6.0625,6.3438,1.0208e+06
BP,295882200,6.3438,6.4219,6.3281,6.4219,704000
BP,296141400,6.4375,6.5469,6.4375,6.5312,689600
BP,296227800,6.5938,6.7188,6.5938,6.7188,680000
BP,296314200,6.7188,6.7656,6.625,6.6562,665600
BP,296400600,6.6406,6.6406,6.5625,6.625,743200
BP,296487000,6.625,6.625,6.5781,6.625,486400
BP,296832600,6.6875,6.7344,6.6875,6.6875,472800
BP,296919000,6.7031,6.7812,6.7031,6.7031,784800
BP,297005400,6.7031,6.75,6.5938,6.6875,394400
BP,297091800,6.6875,6.7344,6.6719,6.6875,350400
BP,297351000,6.7031,6.8281,6.7031,6.7969,516000
BP,297437400,6.875,7.0938,6.875,7.0469,1.9704e+06
BP,297523800,7.1094,7.2812,7.1094,7.25,1.1904e+06
BP,297610200,7.25,7.375,7.1562,7.2188,896000
BP,297696600,7.2031,7.2031,7.1094,7.125,828800
BP,297955800,7.125,7.125,6.9062,7.125,615200
BP,298042200,7.125,7.2656,7,7.0938,888000
BP,298128600,6.8438,6.8438,6.6562,6.7188,2.2232e+06
BP,298215000,6.7188,6.75,6.5938,6.75,1.072e+06
BP,298301400,6.75,6.8906,6.7031,6.8594,1.0568e+06
BP,298560600,6.8594,6.8906,6.75,6.75,452000
BP,298647000,6.75,6.75,6.6406,6.6875,583200
BP,298733400,6.6875,6.7188,6.5625,6.5938,623200
BP,298819800,6.5938,6.6719,6.5938,6.6719,821600
BP,298906200,6.6719,6.6875,6.6094,6.6562,692800
BP,299165400,6.6562,6.6875,6.5938,6.6562,611200
BP,299251800,6.6562,6.7188,6.5625,6.5625,687200
BP,299338200,6.6094,6.7812,6.6094,6.7656,675200
BP,299424600,6.7969,7.0312,6.7969,6.9375,340800
BP,299511000,6.9375,7.0312,6.9062,7,855200
BP,299770200,7,7.1562,7,7.0781,480800
BP,299856600,7.0938,7.1406,7.0938,7.1094,300000
BP,300029400,7.125,7.2344,7.125,7.2344,372000
BP,300115800,7.2344,7.4688,7.2344,7.4219,823200
BP,300375000,7.4375,7.6562,7.4375,7.6094,1.024e+06
BP,300461400,7.6094,7.6719,7.375,7.4844,876000
BP,300547800,7.3594,7.3594,7.2656,7.3281,1.1928e+06
BP,300634200,7.3281,7.3438,7.25,7.2812,538400
BP,300720600,7.1875,7.1875,7.0781,7.1875,580800
BP,300979800,7.1875,7.3438,7.1562,7.3438,277600
BP,301066200,7.3438,7.4062,7.2969,7.2969,472000
BP,301152600,7.2812,7.2812,7.1719,7.25,386400
BP,301239000,7.25,7.25,7.2031,7.25,265600
BP,301325400,7.25,7.375,7.2188,7.3281,128000
BP,301584600,7.25,7.25,7.2031,7.2031,201600
BP,301671000,7.2031,7.2344,7.125,7.2188,259200
BP,301757400,7.25,7.4219,7.25,7.4062,179200
BP,301843800,7.3594,7.3594,7.25,7.2969,281600
BP,301930200,7.3906,7.5312,7.3906,7.5,636800
BP,302189400,7.5,7.5156,7.4531,7.5,450400
BP,302275800,7.5,7.5156,7.4844,7.5,700800
BP,302362200,7.5,7.5,7.4531,7.4531,451200
BP,302448600,7.4531,7.4688,7.375,7.375,577600
BP,302535000,7.375,7.375,7.3281,7.3594,283200
BP,302794200,7.375,7.4688,7.375,7.4688,376000
BP,302880600,7.4688,7.625,7.4375,7.5781,694400
BP,302967000,7.5938,7.75,7.5938,7.6719,845600
BP,303053400,7.6562,7.6562,7.5469,7.5938,576800
BP,303139800,7.5938,7.6094,7.5156,7.5938,242400
BP,303399000,7.5938,7.5938,7.5156,7.5312,1.5848e+06
BP,303485400,7.5469,7.5938,7.5469,7.5625,104000
BP,303571800,7.5938,7.75,7.5938,7.7344,1.7712e+06
BP,303658200,7.7344,7.7812,7.6875,7.7031,483200
BP,303744600,7.7031,7.875,7.5938,7.7812,871200
BP,304003800,7.7812,7.9844,7.7812,7.9844,459200
BP,304090200,8.0469,8.1875,8.0469,8.0938,488800
BP,304176600,8.0938,8.3438,8.0469,8.1875,368800
BP,304263000,8.2031,8.4062,8.2031,8.2656,434400
BP,304349400,8.2656,8.5469,8.25,8.5,539200
BP,304608600,8.5,8.625,8.4688,8.625,412800
BP,304695000,8.625,8.7188,8.3438,8.3438,640000
BP,304781400,8.3438,8.4375,8.3125,8.3594,220800
BP,304867800,8.3594,8.4375,8.3594,8.3906,138400
BP,304954200,8.3906,8.4219,8.3438,8.3906,128800
BP,305299800,8.3594,8.3594,8.25,8.25,212800
BP,305386200,8.1875,8.1875,7.9375,8.1875,668000
BP,305472600,8.2812,8.4062,8.2812,8.3438,450400
BP,305559000,8.3438,8.5,8.2656,8.5,220000
BP,305818200,8.5,8.6719,8.5,8.6719,457600
BP,305904600,8.6719,8.6875,8.4062,8.4375,1.244e+06
BP,305991000,8.4375,8.4844,8.4062,8.4375,294400
BP,306077400,8.4375,8.4531,8.375,8.3906,364800
BP,306163800,8.3906,8.5938,8.3906,8.5469,342400
BP,306423000,8.5469,8.6094,8.4688,8.4688,192000
BP,306509400,8.4531,8.4531,8.3125,8.3438,172800
BP,306595800,8.3438,8.4531,8.2812,8.3281,250400
BP,306682200,8.3438,8.6875,8.3438,8.6562,671200
BP,306768600,8.6562,8.6719,8.4688,8.5469,696800
BP,307027800,8.5469,8.5625,8.5,8.5,288000
BP,307114200,8.4531,8.4531,8.3438,8.4375,577600
BP,307200600,8.5,8.625,8.5,8.5312,376800
BP,307287000,8.5312,8.6875,8.5312,8.5781,590400
BP,307373400,8.5781,8.7812,8.5469,8.6406,520000
BP,307632600,8.6406,8.7031,8.5938,8.625,286400
BP,307719000,8.625,8.7188,8.5312,8.7188,507200
BP,307805400,8.7344,8.9688,8.7344,8.875,652000
BP,307891800,8.8906,9.0938,8.8906,9.0938,450400
BP,307978200,9.0938,9.4062,9.0938,9.4062,1.0248e+06
BP,308237400,9.4062,9.7188,9.375,9.5,461600
BP,308323800,9.4688,9.4688,8.9062,8.9688,703200
BP,308410200,8.875,8.875,8.4688,8.875,1.9128e+06
BP,308496600,8.875,9.0312,8.7188,9.0312,473600
BP,308583000,9.0312,9.2188,9.0156,9.0781,798400
BP,308842200,9.0625,9.0625,8.7656,8.8281,392800
BP,308928600,8.8594,9.0781,8.8594,9.0781,512000
BP,309015000,9.0781,9.2812,9.0625,9.1719,456000
BP,309101400,9.2812,9.8125,9.2812,9.625,533600
BP,309187800,9.625,9.7188,9.125,9.3438,624800
BP,309447000,9.3438,9.375,8.9219,9.0625,320800
BP,309533400,9,9,8.875,8.9531,287200
BP,309619800,8.9531,9.125,8.9062,9.0312,400800
BP,309706200,9.0312,9.2188,9,9,702400
BP,309792600,9,9.0938,8.9531,8.9844,497600
BP,310055400,8.9844,9,8.9062,9,200800
BP,310141800,9,9.1719,9,9.1719,289600
BP,310228200,9.1719,9.3125,9.0312,9.0625,373600
BP,310314600,9.0625,9.3438,9.0312,9.3281,272800
BP,310401000,9.3281,9.5625,9.3281,9.5,364800
BP,310660200,9.5,9.625,9.4375,9.625,257600
BP,310746600,9.6094,9.6094,9.5312,9.5312,248800
BP,310833000,9.5312,9.5625,9.4062,9.5,421600
BP,310919400,9.5,9.5312,9.4062,9.4531,392000
BP,311005800,9.5,9.5781,9.5,9.5312,484800
BP,311265000,9.5312,10.1875,9.5312,10.0625,597600
BP,311351400,10.0625,10.375,10.0625,10.0938,740000
BP,311437800,10.0938,10.1875,10,10.1562,492800
BP,311524200,10.1562,10.3438,10.1406,10.2344,572000
BP,311610600,10.2344,10.4062,10.1562,10.2188,275200
BP,311869800,10.2188,10.5156,10.1875,10.4375,638400
BP,311956200,10.4375,10.625,10.375,10.4375,683200
BP,312042600,10.4375,10.5938,10.3125,10.5625,312000
BP,312215400,10.6562,10.7812,10.6562,10.7656,396000
BP,312474600,10.7656,10.8594,10.5156,10.5625,439200
BP,312561000,10.375,10.375,10,10,553600
BP,312647400,10,10.125,9.9531,10.0625,559200
BP,312733800,10,10,9.75,9.75,437600
BP,312820200,9.7812,9.9844,9.7812,9.8906,1.4024e+06
BP,313079400,9.9062,10.3125,9.9062,10.1562,692000
BP,313165800,10.4375,10.5938,10.4375,10.5312,894400
BP,313252200,10.5312,10.7188,10.3438,10.3438,742400
BP,313338600,10.4375,10.5469,10.4375,10.5,266400
BP,313425000,10.5,10.5312,10.1875,10.25,364800
BP,313684200,10.25,10.3125,10.1562,10.2344,349600
BP,313770600,10.2344,10.5625,10.1719,10.4531,725600
BP,313857000,10.4531,10.4844,10.4062,10.4062,291200
BP,313943400,10.4062,10.5,10.375,10.5,454400
BP,314029800,10.5938,11,10.5938,10.9688,535200
BP,314289000,11.1562,11.2656,11.1562,11.25,924000
BP,314375400,11.25,11.4844,11.2188,11.2969,633600
BP,314461800,11.2969,11.625,11.0625,11.5781,708000
BP,314548200,11.5781,11.6094,11.3438,11.375,964800
BP,314634600,11.375,11.4062,10.9062,11.125,546400
BP,314893800,11.125,11.125,10.9062,11,275200
BP,315066600,11,11.0625,10.875,10.9531,169600
BP,315153000,10.9531,10.9688,10.8438,10.9375,219200
BP,315239400,10.9375,11.0312,10.9375,11,207200
BP,315498600,11,11.0625,11,11.0312,204000
BP,315671400,11.0156,11.0156,10.375,10.4062,411200
BP,315757800,10.375,10.375,9.9688,10.2812,1.1776e+06
BP,315844200,10.3125,10.625,10.3125,10.625,721600
BP,316103400,10.6094,10.6094,10.4531,10.6094,410400
BP,316189800,10.625,10.9688,10.625,10.9688,344000
BP,316276200,10.9688,11.1875,10.875,10.9062,690400
BP,316362600,10.9062,10.9688,10.8594,10.9219,332000
BP,316449000,10.875,10.875,10.5625,10.6875,411200
BP,316708200,10.7188,10.9062,10.7188,10.8438,1.1656e+06
BP,316794600,10.8594,11,10.8594,11,412800
BP,316881000,11.0156,11.125,11.0156,11.0156,431200
BP,316967400,11.2812,11.4844,11.2812,11.4844,472800
BP,317053800,11.4844,11.5312,11.2656,11.4375,683200
BP,317313000,11.5938,12,11.5938,12,584000
BP,317399400,12,12.0625,11.7812,11.7812,499200
BP,317485800,11.7812,11.9062,11.5938,11.7656,920800
BP,317572200,11.9062,12.0469,11.9062,11.9219,459200
BP,317658600,11.9219,12.3125,11.6875,12.1875,533600
BP,317917800,12.1875,12.7188,12.1562,12.625,760800
BP,318004200,12.5781,12.5781,12.2031,12.2812,883200
BP,318090600,12.375,12.8438,12.375,12.75,498400
BP,318177000,12.75,13,12.5,12.5,397600
BP,318263400,12.5,12.5625,12.375,12.5,356000
BP,318522600,12.5,12.6094,12.1562,12.3125,468800
BP,318609000,12.3125,12.375,12.1562,12.2812,275200
BP,318695400,12.2812,12.7812,12.0781,12.7812,556800
BP,318781800,12.7812,12.8594,12.625,12.6875,774400
BP,318868200,12.6875,13.1562,12.5,13.1562,643200
BP,319127400,13.1562,13.5312,13.0938,13.125,739200
BP,319213800,13.125,13.375,12.9531,13.375,1.136e+06
BP,319300200,13.375,13.7812,13.375,13.5,640800
BP,319386600,13.5,13.5312,13.1875,13.1875,844000
BP,319473000,13.1875,13.5,13.1406,13.25,321600
BP,319818600,13.25,13.2812,13.0625,13.2188,596000
BP,319905000,13.2188,13.7188,13.2188,13.7188,518400
BP,319991400,13.7188,13.8125,13.375,13.4531,989600
BP,320077800,13.2812,13.2812,13,13.1562,512800
BP,320337000,12.75,12.75,12.375,12.5938,815200
BP,320423400,12.5938,12.7812,12.5938,12.75,911200
BP,320509800,12.75,12.9062,12.375,12.375,523200
BP,320596200,12.4219,12.6875,12.4219,12.5781,860000
BP,320682600,12.5781,12.7188,12.5625,12.7188,651200
BP,320941800,12.7188,12.9062,12.6875,12.7188,271200
BP,321028200,12.5938,12.5938,12.25,12.5938,828800
BP,321114600,12.5938,12.5938,12.375,12.3906,911200
BP,321201000,12.2969,12.2969,11.9688,12,799200
BP,321287400,11.8125,11.8125,11.5625,11.7188,824800
BP,321546600,11.7188,11.75,11.5,11.6875,808800
BP,321633000,11.6875,11.7344,11.625,11.7031,536000
BP,321719400,11.7031,11.7344,11.5156,11.5625,664000
BP,321805800,11.5625,11.5625,11.125,11.3438,1.084e+06
BP,321892200,11.3125,11.3125,11.0625,11.2188,624800
BP,322151400,11.125,11.125,10.7812,10.8438,446400
BP,322237800,10.8438,11.2188,10.7188,11.2188,852000
BP,322324200,11.2188,11.3281,11.1406,11.2031,1.1808e+06
BP,322410600,11.2031,11.3438,11.0625,11.0625,309600
BP,322497000,11.0625,11.1094,10.9375,11.0156,346400
BP,322756200,11.0156,11.0469,10.1875,10.25,1.1888e+06
BP,322842600,10.25,10.6562,10.25,10.5938,992800
BP,322929000,10.5938,10.7812,10.5,10.5,524800
BP,323015400,10.5,10.5625,9.9062,10.5625,846400
BP,323101800,10.5625,10.75,10.2812,10.6094,774400
BP,323361000,10.625,11,10.625,10.875,296800
BP,323447400,10.875,10.9688,10.75,10.9062,476000
BP,323533800,10.9375,11.4062,10.9375,11.125,425600
BP,323620200,11.125,11.125,10.9375,11,432000
BP,323965800,11,11.0156,10.5625,10.6875,430400
BP,324052200,10.6875,10.875,10.5938,10.8125,459200
BP,324138600,10.8125,11.1562,10.75,11.1562,584000
BP,324225000,11.1562,11.1562,10.9375,10.9688,764800
BP,324311400,11,11.0938,11,11,263200
BP,324570600,11,11.0625,10.9375,10.9375,115200
BP,324657000,10.9375,11,10.8438,10.875,358400
BP,324743400,10.875,11.0938,10.6875,10.75,445600
BP,324829800,10.75,10.8125,10.5938,10.6719,667200
BP,324916200,10.6719,10.7656,10.6406,10.7031,424800
BP,325175400,10.7031,10.8438,10.6562,10.6875,222400
BP,325261800,10.8281,10.9844,10.8281,10.875,635200
BP,325348200,10.9375,11.1094,10.9375,11,753600
BP,325434600,11,11.1562,11,11.0156,396800
BP,325521000,11.1406,11.8438,11.1406,11.75,606400
BP,325776600,11.75,12.0625,11.7031,11.75,404000
BP,325863000,11.75,11.9062,11.625,11.6562,431200
BP,325949400,11.6562,11.7188,11.5938,11.625,616000
BP,326035800,11.625,11.7188,11.5469,11.5625,336800
BP,326122200,11.5625,11.6562,11.5,11.5,483200
BP,326381400,11.5,11.5312,11.375,11.5312,582400
BP,326467800,11.5312,11.5938,11.4375,11.4688,545600
BP,326554200,11.4219,11.4219,11.25,11.25,601600
BP,326640600,11.25,11.3125,11.1562,11.1875,748000
BP,326727000,11,11,10.7812,10.8125,801600
BP,326986200,10.6719,10.6719,10.4375,10.625,628000
BP,327072600,10.625,10.9375,10.5625,10.9375,429600
BP,327159000,11.0312,11.2344,11.0312,11.1875,517600
BP,327245400,11.1875,11.2812,11.125,11.1406,573600
BP,327331800,11.1094,11.1094,10.875,10.9062,341600
BP,327591000,10.9062,11.0938,10.9062,11,254400
BP,327677400,11,11.0312,10.9062,10.9062,198400
BP,327763800,10.9062,10.9062,10.8125,10.8281,632000
BP,327850200,10.8438,11.25,10.8438,11.25,530400
BP,327936600,11.25,11.4062,11.25,11.2969,826400
BP,328282200,11.3281,11.7188,11.3281,11.7188,344000
BP,328368600,11.75,12.2188,11.75,12.2188,480800
BP,328455000,12.2188,12.3438,11.9062,11.9375,929600
BP,328541400,11.875,11.875,11.6562,11.8125,548000
BP,328800600,11.8125,11.8438,11.5625,11.625,600000
BP,328887000,11.625,11.7344,11.625,11.6719,338400
BP,328973400,11.6875,11.9219,11.6875,11.9062,719200
BP,329059800,12,12.25,12,12.0312,540000
BP,329146200,12.0625,12.375,12.0625,12.3438,300800
BP,329405400,12.4375,12.625,12.4375,12.625,220000
BP,329491800,12.6094,12.6094,12.4688,12.5156,345600
BP,329578200,12.5156,12.9375,12.5,12.875,371200
BP,329664600,12.875,13,12.7031,12.8438,711200
BP,329751000,12.8438,12.9688,12.5312,12.5938,277600
BP,330010200,12.6562,12.875,12.6562,12.8438,375200
BP,330096600,12.8125,12.8125,12.5469,12.5469,324000
BP,330183000,12.5469,12.625,12.4688,12.5938,227200
BP,330269400,12.5938,12.7969,12.5312,12.5625,359200
BP,330355800,12.4688,12.4688,12.25,12.2812,401600
BP,330615000,12.3438,12.3438,12,12.125,668800
BP,330701400,12.125,12.5,12,12.4688,930800
BP,330787800,12.5312,12.75,12.5312,12.6562,598800
BP,330874200,12.6562,12.7188,12.375,12.4688,214800
BP,330960600,12.4688,12.875,12.4375,12.75,326800
BP,331219800,12.75,13,12.3125,12.4688,527600
BP,331306200,12.4688,12.5625,12.1875,12.375,496400
BP,331392600,12.375,12.4688,12.1875,12.4688,240800
BP,331479000,12.4688,12.4688,12.1875,12.25,184800
BP,331824600,12.25,12.375,12.0938,12.1562,464000
BP,331911000,12.1562,12.375,12.125,12.25,1.0376e+06
BP,331997400,12.25,12.5938,12.1875,12.25,547600
BP,332083800,12.25,12.375,11.9062,11.9375,407200
BP,332170200,11.9375,12.3125,11.5938,12.3125,426000
BP,332429400,12.3125,12.3438,12.0625,12.3125,198000
BP,332515800,12.3125,12.6875,12.125,12.125,321200
BP,332602200,12.125,12.3125,12.0312,12.25,258400
BP,332688600,12.25,12.4688,12.25,12.3125,446800
BP,332775000,12.3125,12.625,12.0625,12.0625,518800
BP,333034200,12.0625,12.2188,11.875,12.0938,411600
BP,333120600,12.0938,12.4688,12.0938,12.1875,694400
BP,333207000,12.1875,12.25,11.9375,12.125,653200
BP,333293400,12.125,12.4688,12.0625,12.2812,423200
BP,333379800,12.2812,12.2812,11.5625,11.8438,985200
BP,333639000,11.8438,11.9062,11.625,11.7812,504000
BP,333725400,11.7812,12,11.625,11.9375,820400
BP,333811800,11.875,11.875,11.375,11.375,1.406e+06
BP,333898200,11.375,11.4375,10.9375,11.25,1.7656e+06
BP,333984600,11.25,11.3438,11.125,11.3438,966800
BP,334243800,11.3438,11.375,11.125,11.375,707200
BP,334330200,11.375,11.5625,11.375,11.4688,423200
BP,334416600,11.4688,11.4688,11.2812,11.4375,279200
BP,334503000,11.4375,11.6875,11.2812,11.5625,602800
BP,334589400,11.7188,11.9062,11.7188,11.9062,980000
BP,334848600,11.9062,12.5,11.8125,12.5,810400
BP,334935000,12.5,12.5625,12.0625,12.0938,731600
BP,335021400,12.0938,12.375,11.9375,12.0625,644400
BP,335107800,12.0625,12.375,12,12.3125,284000
BP,335194200,12.4062,12.625,12.4062,12.4375,541200
BP,335453400,12.3438,12.3438,12,12,729200
BP,335539800,12,12.1875,11.875,11.875,617200
BP,335626200,11.875,12.0625,11.7812,11.9688,802800
BP,335712600,12.0312,12.5,12.0312,12.5,799200
BP,335799000,12.5312,12.7188,12.5312,12.625,562000
BP,336058200,12.625,12.7812,12.5,12.5312,362400
BP,336144600,12.5312,12.7812,12.375,12.5312,363200
BP,336231000,12.5312,12.5625,12.3125,12.375,279600
BP,336317400,12.3438,12.3438,12,12,352000
BP,336403800,12,12.3438,11.9375,12.25,245200
BP,336749400,12.25,12.4688,12.25,12.4375,481200
BP,336835800,12.4375,12.875,12.375,12.875,1.1472e+06
BP,336922200,12.875,13.2188,12.8438,12.9375,1.0732e+06
BP,337008600,12.9375,12.9375,12.6562,12.7812,310800
BP,337267800,12.7812,12.9375,12.4062,12.4375,400000
BP,337354200,12.4375,12.5,12.2812,12.5,695200
BP,337440600,12.5,12.5625,12.25,12.375,857600
BP,337527000,12.375,12.5625,12.3125,12.4688,620800
BP,337613400,12.4688,12.625,12.4062,12.5,942800
BP,337872600,12.4688,12.4688,12.25,12.375,313200
BP,337959000,12.375,12.4062,12.2812,12.375,607600
BP,338045400,12.375,12.5625,12.3125,12.5,699200
BP,338131800,12.5625,12.875,12.5625,12.6562,795200
BP,338218200,12.6562,12.8125,12.5625,12.625,689200
BP,338477400,12.7188,13.125,12.7188,13.125,1.4716e+06
BP,338563800,13.4375,14.5,13.4375,14,1.46e+06
BP,338650200,14.4062,14.875,14.4062,14.5,1.4124e+06
BP,338736600,14.5,15,14.375,14.5,938400
BP,338823000,14.375,14.375,13.9062,14,564400
BP,339082200,13.9688,13.9688,13.5312,13.5938,686400
BP,339168600,13.7812,14.375,13.7812,14.375,2.3968e+06
BP,339255000,14.625,15.5625,14.625,15.5,1.61e+06
BP,339341400,15.5,16,15.4062,16,1.2608e+06
BP,339427800,16,16.0312,15.6562,15.9062,1.1852e+06
BP,339687000,15.9375,16.25,15.9375,16.25,766800
BP,339773400,16.25,16.25,15.5625,15.875,1e+06
BP,339859800,15.875,15.9062,15.75,15.7812,658000
BP,339946200,15.7812,15.9688,15.5625,15.6875,399200
BP,340032600,15.6875,15.8438,15.4375,15.4688,377200
BP,340291800,15.4688,16,15.4375,15.9688,323600
BP,340378200,16.125,16.3125,16.125,16.2188,760400
BP,340464600,16.2812,17.6875,16.2812,17.625,850400
BP,340551000,17.625,18.2188,17.5,17.5,1.1312e+06
BP,340637400,17.5,17.5,17,17.4375,668000
BP,340896600,17.4375,18.0938,17.4062,18.0938,780800
BP,340983000,18.0938,18.2188,17.1875,17.4375,666800
BP,341069400,17.4375,17.5938,17.25,17.375,692400
BP,341155800,17.375,17.4688,16.5625,16.6875,450800
BP,341242200,16.6875,16.8438,16.5,16.75,488000
BP,341505000,16.75,16.875,16.5,16.5,471200
BP,341591400,16.5,16.9375,16.2812,16.8125,559200
BP,341677800,17.0625,17.4375,17.0625,17.1875,539600
BP,341764200,17.1875,17.3125,16.75,16.75,644800
BP,341850600,16.75,16.9375,16.5625,16.8438,470800
BP,342109800,17.0312,17.5625,17.0312,17.5625,425600
BP,342282600,17.875,18.6875,17.875,18.1875,1.6032e+06
BP,342369000,18.125,18.125,17.625,17.6875,1.1324e+06
BP,342455400,17.6562,17.6562,17.375,17.5625,506400
BP,342714600,17.5625,17.9062,17.5312,17.875,682000
BP,342801000,18.0625,18.5625,18.0625,18.375,635600
BP,342887400,18.5625,19.5938,18.5625,19.5938,894800
BP,342973800,19.5938,19.8125,19.1875,19.6562,1.0964e+06
BP,343060200,19.6562,20.25,19.3125,20,1.0428e+06
BP,343319400,20,21.125,19.75,21,669200
BP,343405800,21,22,20.9375,21.75,1.014e+06
BP,343492200,21.75,22.875,21.625,21.875,922800
BP,343578600,21.875,22.5,21.5625,22.5,886000
BP,343665000,22.5,22.5938,21.875,22,612800
BP,343924200,21.9375,21.9375,21.5,21.9375,504400
BP,344010600,21.9375,22.125,21.375,21.7812,744800
BP,344097000,21.7812,22.5,21.5625,21.875,857600
BP,344269800,21.9375,22.4688,21.9375,22.25,546000
BP,344529000,22.25,22.4375,21.5625,21.7188,616800
BP,344615400,21.5625,21.5625,20.625,21.2812,1.0068e+06
BP,344701800,21.2812,21.4688,21,21.125,392800
BP,344788200,21.125,21.2812,20.375,20.4375,396000
BP,344874600,19.9375,19.9375,18.75,19.5,1.6984e+06
BP,345133800,19.375,19.375,18.7812,19.0625,669600
BP,345220200,19.0625,19.4375,18.75,19.0625,1.2348e+06
BP,345306600,19.0625,19.3125,18.375,18.5625,449600
BP,345393000,18.3125,18.3125,17.5,18.25,953200
BP,345479400,18.25,18.625,18.1562,18.4375,362800
BP,345738600,18.4375,18.875,18.4375,18.4688,403200
BP,345825000,18.4688,18.5625,18.1875,18.4375,639200
BP,345911400,18.5938,19.1875,18.5938,19,828000
BP,345997800,19.4375,20.0938,19.4375,19.75,1.4744e+06
