COG,1012228200,1.8033,1.8033,1.6958,1.7108,3.6728e+06
COG,1012314600,1.715,1.7208,1.6508,1.6792,4.8248e+06
COG,1012401000,1.6583,1.675,1.65,1.6708,2.4864e+06
COG,1012487400,1.6708,1.6833,1.6625,1.6708,4.5552e+06
COG,1012573800,1.67,1.6708,1.6558,1.665,3.4208e+06
COG,1012833000,1.6658,1.6658,1.6417,1.65,1.38e+06
COG,1012919400,1.6475,1.6575,1.6158,1.645,1.5224e+06
COG,1013005800,1.645,1.65,1.6292,1.6308,1.4096e+06
COG,1013092200,1.625,1.625,1.5575,1.565,1.8008e+06
COG,1013178600,1.565,1.5792,1.5575,1.5667,2.192e+06
COG,1013437800,1.5667,1.6,1.5625,1.5833,4.512e+06
COG,1013524200,1.5883,1.5917,1.5625,1.5917,1.424e+06
COG,1013610600,1.5833,1.5908,1.5608,1.5875,1.0512e+06
COG,1013697000,1.5875,1.6417,1.5875,1.6008,1.4744e+06
COG,1013783400,1.5833,1.6292,1.5833,1.61,2.6688e+06
COG,1014129000,1.6108,1.6333,1.6042,1.6092,2.3072e+06
COG,1014215400,1.61,1.6208,1.5417,1.5817,1.8296e+06
COG,1014301800,1.5825,1.5958,1.5792,1.5917,3.0224e+06
COG,1014388200,1.5917,1.6542,1.575,1.645,4.4768e+06
COG,1014647400,1.645,1.67,1.6417,1.6492,4.9464e+06
COG,1014733800,1.6542,1.675,1.6542,1.67,3.4472e+06
COG,1014820200,1.67,1.6917,1.665,1.6742,3.0768e+06
COG,1014906600,1.6667,1.675,1.65,1.675,3.924e+06
COG,1014993000,1.675,1.7367,1.6692,1.7333,4.4328e+06
COG,1015252200,1.7333,1.7667,1.7117,1.7492,2.616e+06
COG,1015338600,1.7375,1.7667,1.7233,1.725,2.148e+06
COG,1015425000,1.7167,1.825,1.7,1.8092,1.7648e+06
COG,1015511400,1.8167,1.875,1.8125,1.845,3.1688e+06
COG,1015597800,1.845,1.8792,1.8158,1.8417,3.1352e+06
COG,1015857000,1.8458,1.8658,1.8425,1.8625,1.748e+06
COG,1015943400,1.8625,1.9167,1.8625,1.9117,2.7368e+06
COG,1016029800,1.9167,1.9333,1.8883,1.9167,3.0776e+06
COG,1016116200,1.9175,1.945,1.8883,1.945,3.3024e+06
COG,1016202600,1.9,1.9683,1.9,1.945,1.6872e+06
COG,1016461800,1.9583,1.9833,1.9508,1.9767,1.1792e+06
COG,1016548200,1.9725,2.015,1.9642,2.015,653600
COG,1016634600,2.015,2.0667,1.99,2.0333,1.8864e+06
COG,1016721000,2.0342,2.0908,2.0258,2.0792,2.312e+06
COG,1016807400,2.0792,2.0792,1.995,2.025,2.2064e+06
COG,1017066600,2.025,2.0608,1.9942,1.9975,2.7992e+06
COG,1017153000,2.0083,2.0175,1.9667,1.9958,756000
COG,1017239400,2.0042,2.0683,2.0042,2.065,1.3496e+06
COG,1017325800,2.0583,2.0775,2.0508,2.0633,1.5216e+06
COG,1017671400,2.0833,2.1417,2.0792,2.1267,1.3824e+06
COG,1017757800,2.1292,2.1708,2.1292,2.1333,2.1696e+06
COG,1017844200,2.1342,2.1417,2.0417,2.0708,1.6376e+06
COG,1017930600,2.0708,2.0825,2.0133,2.035,1.4424e+06
COG,1018017000,2.035,2.0375,1.9925,2,1.3296e+06
COG,1018272600,2.0208,2.0458,2.005,2.0158,1.992e+06
COG,1018359000,2.0142,2.025,1.9483,1.9542,2.1296e+06
COG,1018445400,1.9542,2.0225,1.9542,2.02,1.3664e+06
COG,1018531800,2.02,2.0625,2,2.0067,984800
COG,1018618200,2.0067,2.0067,1.9342,1.9717,2.0424e+06
COG,1018877400,1.9833,2.035,1.9833,2.0125,1.6752e+06
COG,1018963800,1.9917,2.0467,1.9917,2.0375,3.6992e+06
COG,1019050200,2.0542,2.0608,1.9983,2.02,1.6428e+07
COG,1019136600,2.0308,2.08,2.0233,2.0625,2.8752e+06
COG,1019223000,2.0625,2.0875,2.0333,2.0833,1.7312e+06
COG,1019482200,2.075,2.0883,2.0517,2.0625,837600
COG,1019568600,2.0583,2.0917,2.0433,2.0875,1.304e+06
COG,1019655000,2.0875,2.0917,2.0283,2.0433,1.6928e+06
COG,1019741400,2.0458,2.0892,2.0375,2.0783,1.1496e+06
COG,1019827800,2.0917,2.1,2.0583,2.0792,1.4496e+06
COG,1020087000,2.075,2.0933,2.0675,2.0792,1.4432e+06
COG,1020173400,2.08,2.0958,2.08,2.0942,2.8208e+06
COG,1020259800,2.0942,2.1683,2.0917,2.1517,1.9152e+06
COG,1020346200,2.1517,2.1708,2.1225,2.125,2.46e+06
COG,1020432600,2.1167,2.1483,2.085,2.1042,3.084e+06
COG,1020691800,2.1042,2.1042,2.0467,2.0517,1.6352e+06
COG,1020778200,2.0542,2.0542,1.9842,1.9842,2.0256e+06
COG,1020864600,2,2.0775,2,2.0667,1.9176e+06
COG,1020951000,2.0667,2.0717,2.0333,2.0417,1.4088e+06
COG,1021037400,2.0458,2.0533,2.025,2.04,888800
COG,1021296600,2.0333,2.0667,2.0083,2.0617,674400
COG,1021383000,2.0708,2.0775,2.0375,2.0583,1.5008e+06
COG,1021469400,2.055,2.055,2.0008,2.0083,1.1808e+06
COG,1021555800,2.0083,2.0583,2.0042,2.0242,1.4072e+06
COG,1021642200,2.0333,2.0333,1.9342,1.9625,1.3544e+06
COG,1021901400,1.9625,1.9883,1.9542,1.9625,754400
COG,1021987800,1.9625,1.9958,1.9483,1.9583,1.8432e+06
COG,1022074200,1.9583,1.975,1.95,1.9592,658400
COG,1022160600,1.9633,2.0133,1.95,2.0067,1.2096e+06
COG,1022247000,2.0083,2.0083,1.9625,1.9833,916800
COG,1022592600,1.9792,1.9958,1.9583,1.975,939200
COG,1022679000,1.975,1.975,1.9375,1.9542,1.0728e+06
COG,1022765400,1.9483,1.9583,1.89,1.9,1.4904e+06
COG,1022851800,1.9125,1.9667,1.9058,1.9125,1.1064e+06
COG,1023111000,1.9125,1.9125,1.85,1.8667,1.676e+06
COG,1023197400,1.8708,1.8942,1.8308,1.8725,924000
COG,1023283800,1.8725,1.8725,1.8142,1.8375,1.1096e+06
COG,1023370200,1.8458,1.8708,1.7617,1.7617,1.86e+06
COG,1023456600,1.7408,1.8,1.7167,1.7992,3.5672e+06
COG,1023715800,1.8,1.81,1.7825,1.7825,2.0984e+06
COG,1023802200,1.775,1.7825,1.7417,1.7508,2.6384e+06
COG,1023888600,1.7717,1.7917,1.75,1.7917,773600
COG,1023975000,1.7917,1.8083,1.7542,1.7542,989600
COG,1024061400,1.7542,1.7858,1.7392,1.775,1.496e+06
COG,1024320600,1.7875,1.8333,1.7875,1.8333,879200
COG,1024407000,1.8292,1.8575,1.8167,1.8567,1.1576e+06
COG,1024493400,1.8667,1.8917,1.8292,1.8358,2.4152e+06
COG,1024579800,1.8542,1.8708,1.815,1.825,910400
COG,1024666200,1.8333,1.8392,1.8,1.8208,1.8792e+06
COG,1024925400,1.8208,1.8458,1.8042,1.8317,1.6536e+06
COG,1025011800,1.85,1.8633,1.8125,1.8333,1.1576e+06
COG,1025098200,1.825,1.845,1.8,1.8408,1.2608e+06
COG,1025184600,1.8333,1.8417,1.8125,1.835,900800
COG,1025271000,1.835,1.9042,1.835,1.9042,2.3072e+06
COG,1025530200,1.9,1.9,1.8325,1.8417,1.272e+06
COG,1025616600,1.8417,1.8425,1.7917,1.8042,2.1752e+06
COG,1025703000,1.8042,1.8375,1.7675,1.8,992000
COG,1025875800,1.8083,1.8408,1.8075,1.8258,278400
COG,1026135000,1.8208,1.825,1.7792,1.7917,1.1112e+06
COG,1026221400,1.7917,1.8192,1.7792,1.7958,2.036e+06
COG,1026307800,1.8167,1.8167,1.7458,1.7508,1.9032e+06
COG,1026394200,1.7375,1.7375,1.6967,1.7042,1.5032e+06
COG,1026480600,1.7075,1.7158,1.6958,1.7042,1.896e+06
COG,1026739800,1.7042,1.7042,1.6542,1.6683,2.7168e+06
COG,1026826200,1.6583,1.6875,1.6575,1.6725,1.5648e+06
COG,1026912600,1.6883,1.7133,1.6667,1.6917,3.5016e+06
COG,1026999000,1.6917,1.6958,1.6692,1.6692,1.688e+06
COG,1027085400,1.6667,1.68,1.6442,1.6458,3.0032e+06
COG,1027344600,1.6542,1.6767,1.59,1.6,3.6408e+06
COG,1027431000,1.6,1.6125,1.5275,1.5333,3.084e+06
COG,1027517400,1.515,1.6375,1.4792,1.6375,3.8688e+06
COG,1027603800,1.6375,1.6567,1.5625,1.6117,3.164e+06
COG,1027690200,1.6117,1.6567,1.6058,1.6567,1.6152e+06
COG,1027949400,1.6567,1.7625,1.6567,1.7625,1.4304e+06
COG,1028035800,1.7583,1.7583,1.67,1.7067,1.832e+06
COG,1028122200,1.7125,1.7892,1.7117,1.7417,2.396e+06
COG,1028208600,1.7417,1.7583,1.6783,1.6783,780000
COG,1028295000,1.6833,1.7167,1.6458,1.6567,835200
COG,1028554200,1.6625,1.6875,1.6192,1.6192,1.1232e+06
COG,1028640600,1.6292,1.7208,1.6292,1.7083,1.4552e+06
COG,1028727000,1.7292,1.7392,1.69,1.7275,1.0784e+06
COG,1028813400,1.7292,1.8,1.7208,1.8,1.076e+06
COG,1028899800,1.8,1.8283,1.7725,1.8225,2.8728e+06
COG,1029159000,1.8083,1.8492,1.7833,1.8392,1.0304e+06
COG,1029245400,1.835,1.875,1.8067,1.8075,1.4072e+06
COG,1029331800,1.825,1.87,1.805,1.87,861600
COG,1029418200,1.875,1.9233,1.875,1.8833,1.7912e+06
COG,1029504600,1.8833,1.9158,1.8742,1.9083,737600
COG,1029763800,1.9042,1.9108,1.825,1.8917,1.8728e+06
COG,1029850200,1.8917,1.8917,1.84,1.8667,1.2248e+06
COG,1029936600,1.8667,1.8892,1.8408,1.8742,1.8632e+06
COG,1030023000,1.8758,1.9283,1.87,1.9175,1.5672e+06
COG,1030109400,1.9167,1.9392,1.9083,1.925,1.7064e+06
COG,1030368600,1.9333,1.9542,1.92,1.95,2.0472e+06
COG,1030455000,1.9542,1.9858,1.9458,1.9733,3.032e+06
COG,1030541400,1.9692,1.9708,1.8842,1.8842,960800
COG,1030627800,1.8842,1.9117,1.8708,1.8858,657600
COG,1030714200,1.865,1.9258,1.8542,1.8542,1.3328e+06
COG,1031059800,1.85,1.8558,1.8,1.8258,1.928e+06
COG,1031146200,1.8267,1.8675,1.75,1.845,2.192e+06
COG,1031232600,1.8467,1.8567,1.7917,1.7917,1.848e+06
COG,1031319000,1.8208,1.875,1.8125,1.8558,1.2128e+06
COG,1031578200,1.8625,1.8892,1.8333,1.8417,1.1688e+06
COG,1031664600,1.8458,1.8867,1.8458,1.8625,1.5936e+06
COG,1031751000,1.8625,1.905,1.85,1.8525,1.6608e+06
COG,1031837400,1.8542,1.8542,1.8,1.8,908000
COG,1031923800,1.7958,1.8517,1.7842,1.8417,1.1328e+06
COG,1032183000,1.8375,1.8667,1.8083,1.8458,1.088e+06
COG,1032269400,1.8375,1.8458,1.8,1.8333,1.6088e+06
COG,1032355800,1.8417,1.85,1.8108,1.8375,759200
COG,1032442200,1.8333,1.8417,1.7583,1.7583,1.2552e+06
COG,1032528600,1.7792,1.7958,1.7292,1.7292,1.5536e+06
COG,1032787800,1.7417,1.7558,1.7125,1.7342,1.544e+06
COG,1032874200,1.7208,1.7225,1.6625,1.6667,2.0832e+06
COG,1032960600,1.6875,1.7208,1.6708,1.7058,4.7376e+06
COG,1033047000,1.7083,1.7917,1.7083,1.76,1.604e+06
COG,1033133400,1.7625,1.825,1.7583,1.7692,864000
COG,1033392600,1.7692,1.8125,1.7683,1.7917,2.4536e+06
COG,1033479000,1.7925,1.8508,1.7925,1.8508,1.0344e+06
COG,1033565400,1.8425,1.8875,1.8158,1.8158,1.2192e+06
COG,1033651800,1.8125,1.8675,1.805,1.8233,1.5e+06
COG,1033738200,1.8333,1.8333,1.7833,1.7933,1.0784e+06
COG,1033997400,1.8,1.8125,1.7208,1.7217,789600
COG,1034083800,1.7217,1.7433,1.7125,1.7208,1.2792e+06
COG,1034170200,1.7167,1.7375,1.6767,1.685,1.2128e+06
COG,1034256600,1.685,1.7167,1.6792,1.7142,1.9496e+06
COG,1034343000,1.735,1.7583,1.6875,1.7417,2.34e+06
COG,1034602200,1.7458,1.84,1.7458,1.8358,897600
COG,1034688600,1.8667,1.9075,1.8425,1.8908,1.2048e+06
COG,1034775000,1.8625,1.8667,1.8083,1.825,1.6256e+06
COG,1034861400,1.8333,1.8958,1.825,1.8725,759200
COG,1034947800,1.8767,1.8767,1.84,1.8408,734400
COG,1035207000,1.8408,1.8925,1.8408,1.8667,898400
COG,1035293400,1.8575,1.8617,1.79,1.7983,760800
COG,1035379800,1.79,1.8875,1.7775,1.87,1.4736e+06
COG,1035466200,1.8958,1.9033,1.7933,1.7975,756800
COG,1035552600,1.7967,1.7967,1.7583,1.775,992000
COG,1035815400,1.775,1.8083,1.7467,1.775,2.0168e+06
COG,1035901800,1.7833,1.7833,1.7275,1.7658,1.0736e+06
COG,1035988200,1.7658,1.8308,1.7658,1.83,975200
COG,1036074600,1.85,1.8625,1.8,1.8217,2.576e+06
COG,1036161000,1.8208,1.8792,1.82,1.8542,1.4808e+06
COG,1036420200,1.8675,1.875,1.8392,1.8458,2.436e+06
COG,1036506600,1.8542,1.8542,1.8233,1.8283,1.7928e+06
COG,1036593000,1.8333,1.8792,1.8333,1.8675,1.8504e+06
COG,1036679400,1.875,1.8825,1.8667,1.8767,737600
COG,1036765800,1.8708,1.8858,1.8642,1.8725,1.2552e+06
COG,1037025000,1.8758,1.8792,1.8625,1.8692,1.1888e+06
COG,1037111400,1.8775,1.8892,1.8675,1.8783,1.0056e+06
COG,1037197800,1.8792,1.8817,1.8042,1.8042,2.604e+06
COG,1037284200,1.8183,1.855,1.8183,1.8275,1.5048e+06
COG,1037370600,1.8283,1.855,1.8133,1.8333,751200
COG,1037629800,1.875,1.9092,1.845,1.8925,1.4312e+06
COG,1037716200,1.8958,1.9125,1.8667,1.875,1.764e+06
COG,1037802600,1.875,1.9242,1.8633,1.9217,1.0728e+06
COG,1037889000,1.9333,1.965,1.8933,1.9492,1.1144e+06
COG,1037975400,1.95,1.95,1.8917,1.9,852000
COG,1038234600,1.9008,1.9375,1.8958,1.9367,734400
COG,1038321000,1.9367,1.9417,1.895,1.905,609600
COG,1038407400,1.9125,1.9558,1.8958,1.9458,789600
COG,1038580200,1.9417,1.9475,1.925,1.925,432000
COG,1038839400,1.9375,1.985,1.9125,1.9792,629600
COG,1038925800,1.975,2.0092,1.9708,1.9883,1.0056e+06
COG,1039012200,1.9792,2.0025,1.9517,1.9875,1.0992e+06
COG,1039098600,1.9925,2.0417,1.9925,2.0267,790400
COG,1039185000,2.0167,2.0517,2.0158,2.0342,1.2624e+06
COG,1039444200,2.0425,2.0792,2.0217,2.0242,952800
COG,1039530600,2.0333,2.0942,2.0208,2.0875,1.308e+06
COG,1039617000,2.0883,2.12,2.0667,2.1083,1.1328e+06
COG,1039703400,2.1083,2.1758,2.1075,2.1675,1.2272e+06
COG,1039789800,2.1683,2.2033,2.1675,2.1683,1.4136e+06
COG,1040049000,2.175,2.2083,2.1467,2.1833,1.7712e+06
COG,1040135400,2.1833,2.2125,2.1292,2.1567,2.0304e+06
COG,1040221800,2.1525,2.1525,2.0667,2.0942,1.4936e+06
COG,1040308200,2.1042,2.1175,2.0783,2.0825,2.5904e+06
COG,1040394600,2.1033,2.1275,2.0725,2.0725,7.404e+06
COG,1040653800,2.0792,2.1325,2.0775,2.1267,2.7024e+06
COG,1040740200,2.1292,2.1417,2.0992,2.1042,1.016e+06
COG,1040913000,2.1125,2.1442,2.105,2.1058,682400
COG,1040999400,2.1167,2.1242,2.0533,2.0625,998400
COG,1041258600,2.0708,2.1,2.035,2.0633,1.0416e+06
COG,1041345000,2.0667,2.0917,2.0358,2.065,1.572e+06
COG,1041517800,2.0792,2.15,2.0792,2.1367,1.6472e+06
COG,1041604200,2.1417,2.155,2.11,2.11,1.1696e+06
COG,1041863400,2.1133,2.1542,2.1,2.1042,1.4096e+06
COG,1041949800,2.0917,2.1083,2.0283,2.0458,2.6376e+06
COG,1042036200,2.0467,2.0542,2.005,2.0142,1.9664e+06
COG,1042122600,2.035,2.0508,2.0083,2.0225,2.6624e+06
COG,1042209000,2.0475,2.055,2.0067,2.0083,2.7072e+06
COG,1042468200,2.0292,2.0308,1.975,2.0083,3.2312e+06
COG,1042554600,1.9917,2.0225,1.9917,2.0083,2.4648e+06
COG,1042641000,2.0167,2.0217,1.9917,2.0142,5.6328e+06
COG,1042727400,2.0142,2.0208,2.0042,2.0042,5.1888e+06
COG,1042813800,2.005,2.0242,2,2.0042,1.2296e+06
COG,1043159400,2.005,2.0092,1.9917,1.9967,2.688e+06
COG,1043245800,1.9975,2.0125,1.9592,1.9875,1.7936e+06
COG,1043332200,1.9833,2,1.9767,1.9908,1.4432e+06
COG,1043418600,1.9875,1.9875,1.9517,1.9625,2.2272e+06
COG,1043677800,1.9583,1.9708,1.9208,1.9208,1.9152e+06
COG,1043764200,1.925,1.9408,1.9,1.9158,2.4216e+06
COG,1043850600,1.9183,1.9792,1.9042,1.9542,2.936e+06
COG,1043937000,1.9667,1.9842,1.9492,1.9583,2.5256e+06
COG,1044023400,1.9542,1.9775,1.9433,1.9592,1.9928e+06
COG,1044282600,1.9625,1.9708,1.945,1.9583,2.9136e+06
COG,1044369000,1.96,2.0492,1.9517,2.0233,2.3088e+06
COG,1044455400,2.0375,2.0375,1.9592,1.9708,1.6856e+06
COG,1044541800,1.97,1.9783,1.925,1.9583,1.752e+06
COG,1044628200,2.0025,2.0025,1.9358,1.9417,1.9632e+06
COG,1044887400,1.9458,1.9833,1.9317,1.9767,1.9416e+06
COG,1044973800,1.9875,1.9875,1.9358,1.9508,1.2008e+06
COG,1045060200,1.9517,1.9517,1.8942,1.8942,1.824e+06
COG,1045146600,1.8983,1.9358,1.875,1.9342,1.9184e+06
COG,1045233000,1.9342,1.9342,1.8958,1.9183,2.18e+06
COG,1045578600,1.9167,1.9275,1.9017,1.9167,3.8792e+06
COG,1045665000,1.9167,1.945,1.9167,1.9292,1.5816e+06
COG,1045751400,1.9483,1.9892,1.9342,1.9667,2.3832e+06
COG,1045837800,1.975,2.0317,1.9667,2.015,1.9832e+06
COG,1046097000,2.02,2.0658,2.0125,2.0608,2.304e+06
COG,1046183400,2.0608,2.0942,2.0458,2.0583,3.1832e+06
COG,1046269800,2.0458,2.0733,2.045,2.0475,1.4696e+06
COG,1046356200,2.0475,2.0667,2.0033,2.0108,1.604e+06
COG,1046442600,2.0275,2.0517,2.0058,2.0058,752000
COG,1046701800,2.0267,2.0333,2.0017,2.0333,929600
COG,1046788200,2.0167,2.0567,2.0167,2.0458,847200
COG,1046874600,2.0542,2.0575,2.015,2.0367,1.1088e+06
COG,1046961000,2.02,2.0708,2.02,2.0667,1.9712e+06
COG,1047047400,2.0458,2.0642,2.0125,2.0292,1.9376e+06
COG,1047306600,2.025,2.0783,2.0242,2.0625,2.0784e+06
COG,1047393000,2.0583,2.0708,2.05,2.0592,2.1984e+06
COG,1047479400,2.0542,2.0542,2.0008,2.0208,1.7456e+06
COG,1047565800,2.0292,2.04,2,2.0167,1.6728e+06
COG,1047652200,2.0208,2.0217,1.97,1.9892,1.0424e+06
COG,1047911400,1.9833,2.0083,1.9567,1.98,1.1408e+06
COG,1047997800,1.98,1.9892,1.9008,1.9892,1.7168e+06
COG,1048084200,1.9992,2.005,1.9825,2,1.2968e+06
COG,1048170600,2,2.0225,1.9708,2.0217,1.1384e+06
COG,1048257000,2.025,2.025,1.9633,1.9833,2.508e+06
COG,1048516200,2,2,1.9575,1.9583,895200
COG,1048602600,1.9658,2,1.9658,1.9875,3.0576e+06
COG,1048689000,1.9792,1.9908,1.9533,1.955,725600
COG,1048775400,1.9508,2.01,1.95,2,672000
COG,1048861800,1.9917,2.035,1.9917,2.035,1.808e+06
COG,1049121000,2.0167,2.03,2,2,1.076e+06
COG,1049207400,2.0125,2.0208,1.9917,2.0167,1.4936e+06
COG,1049293800,2.0175,2.0308,1.9983,2.0225,1.1088e+06
COG,1049380200,2.025,2.0325,1.9708,1.9817,981600
COG,1049466600,1.9842,2.0092,1.97,2.0083,748800
COG,1049722200,2.05,2.05,1.9925,1.9925,1.5752e+06
COG,1049808600,1.9842,2.015,1.9758,1.9942,883200
COG,1049895000,1.9917,2.0358,1.9917,2.005,873600
COG,1049981400,2.0192,2.0375,2.01,2.0233,1.4712e+06
COG,1050067800,2.0292,2.03,2.0017,2.0258,1.02e+06
COG,1050327000,2.0417,2.0833,2.0375,2.0833,3.0944e+06
COG,1050413400,2.075,2.075,2.0517,2.0617,1.3736e+06
COG,1050499800,2.075,2.075,2.0325,2.0333,2.2776e+06
COG,1050586200,2.0458,2.0725,2.0417,2.0617,1.248e+06
COG,1050931800,2.0758,2.08,2.0558,2.0783,1.9344e+06
COG,1051018200,2.0683,2.125,2.0683,2.1167,856800
COG,1051104600,2.1175,2.1308,2.1008,2.1258,1.152e+06
COG,1051191000,2.125,2.1292,2.1075,2.1075,760800
COG,1051277400,2.1167,2.1183,2.0975,2.1,711200
COG,1051536600,2.1083,2.1125,2.0558,2.0592,1.3512e+06
COG,1051623000,2.06,2.0733,2.0492,2.0492,765600
COG,1051709400,2.0492,2.0533,2.0208,2.0417,784800
COG,1051795800,2.0375,2.0983,2.0375,2.0892,1.4904e+06
COG,1051882200,2.1,2.1142,2.0742,2.075,1.1448e+06
COG,1052141400,2.0833,2.1067,2.0792,2.0875,1.4264e+06
COG,1052227800,2.0917,2.1042,2.0733,2.0833,900800
COG,1052314200,2.08,2.095,2.0708,2.0792,2.1888e+06
COG,1052400600,2.0792,2.0917,2.0742,2.085,656000
COG,1052487000,2.0875,2.11,2.0833,2.1067,1.3896e+06
COG,1052746200,2.1125,2.12,2.0983,2.0992,2.1216e+06
COG,1052832600,2.0992,2.0992,2.0817,2.0833,1.8624e+06
COG,1052919000,2.0833,2.095,2.0667,2.0867,2.184e+06
COG,1053005400,2.0917,2.1042,2.0833,2.0933,2.3552e+06
COG,1053091800,2.0833,2.0958,2.0667,2.0667,1.5944e+06
COG,1053351000,2.0725,2.1025,2.0625,2.0625,1.0736e+06
COG,1053437400,2.0667,2.0758,2.0333,2.0517,1.7184e+06
COG,1053523800,2.0875,2.1242,2.0633,2.1083,1.9016e+06
COG,1053610200,2.1167,2.1358,2.105,2.135,965600
COG,1053696600,2.1308,2.185,2.1258,2.1625,764000
COG,1054042200,2.15,2.2058,2.15,2.1917,1.1144e+06
COG,1054128600,2.2,2.2025,2.1683,2.1742,1.8272e+06
COG,1054215000,2.1792,2.1975,2.1675,2.1975,2.972e+06
COG,1054301400,2.2058,2.2575,2.2042,2.2575,1.3808e+06
COG,1054560600,2.2667,2.325,2.2625,2.295,3.0384e+06
COG,1054647000,2.2792,2.3133,2.2667,2.3067,1.4888e+06
COG,1054733400,2.3167,2.3367,2.3025,2.3333,3.0032e+06
COG,1054819800,2.3333,2.3742,2.3292,2.3683,5.1456e+06
COG,1054906200,2.375,2.4183,2.3725,2.4017,5.8496e+06
COG,1055165400,2.4008,2.4058,2.375,2.3783,4.292e+06
COG,1055251800,2.3792,2.4508,2.3792,2.4508,3.0128e+06
COG,1055338200,2.5208,2.5208,2.4808,2.51,2.94e+06
COG,1055424600,2.5083,2.5267,2.4483,2.455,2.7072e+06
COG,1055511000,2.455,2.4567,2.4092,2.42,1.536e+06
COG,1055770200,2.4283,2.4333,2.3858,2.3883,2.0384e+06
COG,1055856600,2.3925,2.4,2.35,2.3625,1.7304e+06
COG,1055943000,2.3583,2.3625,2.3292,2.3358,1.7904e+06
COG,1056029400,2.3367,2.3683,2.3167,2.3583,3.1128e+06
COG,1056115800,2.3625,2.3667,2.3058,2.3083,1.4136e+06
COG,1056375000,2.315,2.3417,2.2858,2.3292,2.856e+06
COG,1056461400,2.3292,2.33,2.3117,2.3225,4.556e+06
COG,1056547800,2.3233,2.3542,2.315,2.3167,2.8464e+06
COG,1056634200,2.3192,2.3358,2.3008,2.3125,2.2472e+06
COG,1056720600,2.3133,2.3625,2.3133,2.325,1.3344e+06
COG,1056979800,2.325,2.3333,2.2808,2.3008,2.7744e+06
COG,1057066200,2.3125,2.3125,2.2083,2.3092,3.0776e+06
COG,1057152600,2.3133,2.3317,2.275,2.3125,2.5176e+06
COG,1057239000,2.3083,2.3125,2.2917,2.3058,1.1336e+06
COG,1057584600,2.3125,2.3125,2.2583,2.2783,1.964e+06
COG,1057671000,2.2783,2.2783,2.2342,2.2592,1.7016e+06
COG,1057757400,2.2708,2.305,2.2542,2.3033,2.3808e+06
COG,1057843800,2.3033,2.31,2.2592,2.2633,1.5848e+06
COG,1057930200,2.2633,2.2633,2.2375,2.2575,1.3232e+06
COG,1058189400,2.2625,2.2675,2.2333,2.2458,1.7288e+06
COG,1058275800,2.2583,2.2617,2.2167,2.2167,1.2912e+06
COG,1058362200,2.2167,2.2167,2.1708,2.1792,1.2816e+06
COG,1058448600,2.1783,2.18,2.1458,2.1792,2.2544e+06
COG,1058535000,2.1792,2.2417,2.175,2.2242,2.7144e+06
COG,1058794200,2.23,2.2483,2.1808,2.1833,1.448e+06
COG,1058880600,2.1833,2.2217,2.1833,2.1958,1.8944e+06
COG,1058967000,2.2083,2.2125,2.1458,2.1558,1.5672e+06
COG,1059053400,2.16,2.2325,2.1458,2.15,1.5464e+06
COG,1059139800,2.1583,2.1842,2.1208,2.1675,1.0344e+06
COG,1059399000,2.1675,2.1942,2.1667,2.175,2.6288e+06
COG,1059485400,2.1833,2.2,2.1208,2.1242,1.7448e+06
COG,1059571800,2.125,2.125,2.0792,2.0825,3.4344e+06
COG,1059658200,2.0917,2.1025,2.0675,2.0875,2.6808e+06
COG,1059744600,2.0792,2.0833,2.0458,2.0625,2.4272e+06
COG,1060003800,2.0725,2.0725,2.0067,2.0258,2.136e+06
COG,1060090200,2.0333,2.05,2.0175,2.0267,2.0352e+06
COG,1060176600,2.0233,2.1008,2.0233,2.0842,6.2576e+06
COG,1060263000,2.0833,2.1133,2.0433,2.0892,1.872e+06
COG,1060349400,2.0958,2.0958,2.0658,2.0667,1.0512e+06
COG,1060608600,2.075,2.14,2.075,2.1358,1.26e+06
COG,1060695000,2.1417,2.185,2.1417,2.185,2.0936e+06
COG,1060781400,2.1983,2.2083,2.1917,2.2058,1.5272e+06
COG,1060867800,2.2108,2.2167,2.18,2.2,1.6088e+06
COG,1060954200,2.2042,2.2417,2.2,2.2175,1.3992e+06
COG,1061213400,2.2292,2.235,2.2167,2.2292,2.372e+06
COG,1061299800,2.225,2.2408,2.2033,2.2408,2.2152e+06
COG,1061386200,2.245,2.25,2.1983,2.25,2.1984e+06
COG,1061472600,2.2567,2.2967,2.2517,2.2892,2.472e+06
COG,1061559000,2.2958,2.2958,2.2475,2.25,1.6872e+06
COG,1061818200,2.2583,2.2583,2.215,2.225,2.4936e+06
COG,1061904600,2.225,2.2325,2.1883,2.2233,1.9376e+06
COG,1061991000,2.2292,2.2492,2.2208,2.2383,1.244e+06
COG,1062077400,2.2375,2.2483,2.2058,2.2417,1.812e+06
COG,1062163800,2.2425,2.2492,2.2358,2.2458,854400
COG,1062509400,2.2458,2.2708,2.2317,2.2625,944000
COG,1062595800,2.25,2.25,2.2158,2.22,1.5792e+06
COG,1062682200,2.2242,2.2392,2.215,2.2292,1.8392e+06
COG,1062768600,2.2333,2.2458,2.2025,2.2258,1.4544e+06
COG,1063027800,2.225,2.2875,2.225,2.2708,1.056e+06
COG,1063114200,2.2667,2.2667,2.1875,2.1883,1.5464e+06
COG,1063200600,2.1883,2.2025,2.1583,2.1842,1.2984e+06
COG,1063287000,2.1883,2.1967,2.1517,2.1692,748800
COG,1063373400,2.1608,2.1633,2.125,2.155,1.2432e+06
COG,1063632600,2.1633,2.1808,2.1392,2.14,1.104e+06
COG,1063719000,2.1417,2.1767,2.1292,2.1708,4.2696e+06
COG,1063805400,2.1708,2.175,2.1467,2.155,1.7592e+06
COG,1063891800,2.1667,2.1667,2.1475,2.1517,1.8456e+06
COG,1063978200,2.1583,2.1925,2.1542,2.165,1.596e+06
COG,1064237400,2.1667,2.1667,2.1333,2.15,1.6664e+06
COG,1064323800,2.1583,2.1917,2.1525,2.18,2.5512e+06
COG,1064410200,2.1983,2.2342,2.1983,2.2083,1.2464e+06
COG,1064496600,2.2125,2.2225,2.1542,2.1542,1.896e+06
COG,1064583000,2.1583,2.1692,2.1,2.1625,3.2952e+06
COG,1064842200,2.1667,2.2008,2.15,2.1642,1.4496e+06
COG,1064928600,2.1667,2.2033,2.15,2.1667,3.0216e+06
COG,1065015000,2.1667,2.2183,2.1667,2.2158,1.2872e+06
COG,1065101400,2.2158,2.2525,2.2075,2.235,2.2512e+06
COG,1065187800,2.25,2.2792,2.2375,2.2792,1.0208e+06
COG,1065447000,2.2833,2.2942,2.255,2.29,1.124e+06
COG,1065533400,2.29,2.3067,2.26,2.2958,1.092e+06
COG,1065619800,2.3,2.325,2.2658,2.2683,1.9104e+06
COG,1065706200,2.2767,2.2867,2.2492,2.2583,2.4176e+06
COG,1065792600,2.2625,2.275,2.2558,2.2625,2.5208e+06
COG,1066051800,2.265,2.2667,2.2567,2.2667,1.6056e+06
COG,1066138200,2.2667,2.2667,2.2383,2.2667,2.4432e+06
COG,1066224600,2.2708,2.2708,2.2308,2.255,1.5096e+06
COG,1066311000,2.25,2.2667,2.2442,2.255,1.0344e+06
COG,1066397400,2.265,2.265,2.2342,2.2417,979200
COG,1066656600,2.2375,2.25,2.2267,2.24,1.5384e+06
COG,1066743000,2.2417,2.2483,2.2333,2.2392,2.3064e+06
COG,1066829400,2.2417,2.2467,2.2217,2.2258,1.496e+06
COG,1066915800,2.2258,2.2258,2.19,2.2033,1.368e+06
COG,1067002200,2.1958,2.1967,2.1667,2.1767,940800
COG,1067265000,2.1833,2.1983,2.1708,2.1733,668000
COG,1067351400,2.175,2.175,2.1375,2.1667,1.3872e+06
COG,1067437800,2.1708,2.205,2.1708,2.1883,1.1232e+06
COG,1067524200,2.1858,2.2175,2.1042,2.1125,2.3792e+06
COG,1067610600,2.1,2.1417,2.1,2.1292,3.1808e+06
COG,1067869800,2.1375,2.19,2.1375,2.1892,2.4624e+06
COG,1067956200,2.1792,2.1967,2.1783,2.1792,1.4432e+06
COG,1068042600,2.1958,2.1958,2.155,2.1792,1.0064e+06
COG,1068129000,2.1625,2.2075,2.155,2.2,1.3592e+06
COG,1068215400,2.2,2.2258,2.1933,2.2083,951200
COG,1068474600,2.2208,2.25,2.2158,2.2383,1.512e+06
COG,1068561000,2.25,2.25,2.1542,2.1608,1.88e+06
COG,1068647400,2.1817,2.2108,2.1667,2.2108,1.0136e+06
COG,1068733800,2.1958,2.2242,2.19,2.2167,700800
COG,1068820200,2.225,2.245,2.2092,2.2233,1.2032e+06
COG,1069079400,2.2083,2.2275,2.1892,2.2167,1.2608e+06
COG,1069165800,2.2167,2.2183,2.1967,2.2083,1.5408e+06
COG,1069252200,2.2,2.2042,2.1825,2.1875,2.9528e+06
COG,1069338600,2.1792,2.1892,2.1492,2.1625,1.6056e+06
COG,1069425000,2.1792,2.2025,2.175,2.1825,1.7192e+06
COG,1069684200,2.1833,2.195,2.15,2.1875,3.1496e+06
COG,1069770600,2.1917,2.2092,2.1867,2.1992,2.2016e+06
COG,1069857000,2.2083,2.2167,2.1983,2.2042,1.128e+06
COG,1070029800,2.2058,2.215,2.1967,2.2133,1.1568e+06
COG,1070289000,2.225,2.26,2.225,2.2542,1.6136e+06
COG,1070375400,2.2542,2.2875,2.2542,2.275,2.2104e+06
COG,1070461800,2.3125,2.3167,2.2658,2.2825,1.9416e+06
COG,1070548200,2.2917,2.3775,2.2792,2.3733,4.2768e+06
COG,1070634600,2.3958,2.3958,2.3625,2.3667,1.832e+06
COG,1070893800,2.3625,2.4183,2.3625,2.4175,2.8224e+06
COG,1070980200,2.425,2.4458,2.3975,2.4042,1.844e+06
COG,1071066600,2.3958,2.425,2.3875,2.4217,1.764e+06
COG,1071153000,2.4208,2.45,2.4,2.4475,2.2352e+06
COG,1071239400,2.4475,2.465,2.4458,2.45,1.5048e+06
COG,1071498600,2.4708,2.4792,2.4167,2.4167,1.3112e+06
COG,1071585000,2.4167,2.4583,2.4083,2.4583,2.2824e+06
COG,1071671400,2.4783,2.4958,2.4583,2.4692,2.3696e+06
COG,1071757800,2.475,2.5125,2.4683,2.5075,2.7056e+06
COG,1071844200,2.5075,2.5083,2.475,2.4875,2.2208e+06
COG,1072103400,2.4792,2.4908,2.4333,2.4733,2.7816e+06
COG,1072189800,2.4833,2.5042,2.45,2.4708,2.1072e+06
COG,1072276200,2.475,2.5083,2.475,2.4975,2.9024e+06
COG,1072449000,2.5,2.5,2.4892,2.495,777600
COG,1072708200,2.5,2.5275,2.4967,2.5217,2.732e+06
COG,1072794600,2.525,2.525,2.5017,2.5108,2.6672e+06
COG,1072881000,2.5292,2.5417,2.4417,2.4458,3.5072e+06
COG,1073053800,2.4458,2.4667,2.4133,2.4492,3.9056e+06
COG,1073313000,2.4583,2.525,2.4583,2.5,2.4968e+06
COG,1073399400,2.5,2.5542,2.4958,2.4958,2.4936e+06
COG,1073485800,2.4917,2.5375,2.4917,2.4958,3.6224e+06
COG,1073572200,2.4958,2.52,2.4917,2.4992,2.2448e+06
COG,1073658600,2.5833,2.6292,2.5583,2.6042,6.9392e+06
COG,1073917800,2.5917,2.6258,2.5917,2.6233,1.7592e+06
COG,1074004200,2.6333,2.6667,2.6117,2.63,2.2616e+06
COG,1074090600,2.6283,2.6658,2.6208,2.6442,1.5264e+06
COG,1074177000,2.6417,2.6583,2.575,2.5833,3.2472e+06
COG,1074263400,2.5833,2.5833,2.555,2.5808,1.272e+06
COG,1074609000,2.5808,2.6125,2.5792,2.6083,3.788e+06
COG,1074695400,2.6042,2.6467,2.6017,2.6467,1.5072e+06
COG,1074781800,2.6608,2.6658,2.625,2.6608,4.1792e+06
COG,1074868200,2.6542,2.7333,2.6442,2.7333,2.7672e+06
COG,1075127400,2.7125,2.7417,2.675,2.7417,2.816e+06
COG,1075213800,2.7208,2.7267,2.6733,2.6733,4.716e+06
COG,1075300200,2.6917,2.6958,2.6225,2.6333,1.4832e+06
COG,1075386600,2.6417,2.6433,2.565,2.5783,2.552e+06
COG,1075473000,2.5667,2.5708,2.5333,2.5417,1.6112e+06
COG,1075732200,2.545,2.5567,2.505,2.5417,2.1072e+06
COG,1075818600,2.5292,2.5408,2.5125,2.5208,1.668e+06
COG,1075905000,2.5175,2.525,2.4875,2.4875,3.596e+06
COG,1075991400,2.4958,2.4992,2.4458,2.4517,2.0816e+06
COG,1076077800,2.435,2.5158,2.435,2.5067,2.5632e+06
COG,1076337000,2.5067,2.5542,2.5042,2.5475,1.3472e+06
COG,1076423400,2.5475,2.6292,2.5475,2.6283,2.456e+06
COG,1076509800,2.62,2.6508,2.6033,2.6458,1.5656e+06
COG,1076596200,2.625,2.6792,2.625,2.6708,1.8048e+06
COG,1076682600,2.6667,2.6708,2.6533,2.6667,2.3952e+06
COG,1077028200,2.6667,2.7083,2.6642,2.6858,1.7456e+06
COG,1077114600,2.6833,2.6842,2.6342,2.6375,4.8896e+06
COG,1077201000,2.5417,2.5542,2.4833,2.495,9.1176e+06
COG,1077287400,2.5042,2.5083,2.4458,2.4892,2.4936e+06
COG,1077546600,2.4833,2.5025,2.4667,2.4792,2.8664e+06
COG,1077633000,2.4583,2.4875,2.4383,2.4458,3.8664e+06
COG,1077719400,2.4625,2.5258,2.4417,2.5208,2.0808e+06
COG,1077805800,2.5,2.5292,2.4933,2.5167,5.1552e+06
COG,1077892200,2.525,2.5458,2.5117,2.5308,2.4072e+06
COG,1078151400,2.5317,2.5542,2.5167,2.5542,4.5456e+06
COG,1078237800,2.5542,2.6075,2.55,2.5842,5.7312e+06
COG,1078324200,2.5667,2.5892,2.5542,2.5692,2.8184e+06
COG,1078410600,2.5667,2.5833,2.5333,2.5833,2.8104e+06
COG,1078497000,2.5667,2.6283,2.5667,2.6267,2.0744e+06
COG,1078756200,2.6333,2.6458,2.5417,2.5417,5.3832e+06
COG,1078842600,2.5333,2.5817,2.5217,2.5567,2.7552e+06
COG,1078929000,2.5542,2.5667,2.4925,2.5083,1.92e+06
COG,1079015400,2.4875,2.5017,2.4642,2.4792,1.8344e+06
COG,1079101800,2.475,2.5442,2.475,2.5375,3.4008e+06
COG,1079361000,2.5417,2.5808,2.5133,2.525,2.3936e+06
COG,1079447400,2.5242,2.5358,2.5008,2.5358,2.6288e+06
COG,1079533800,2.5292,2.5583,2.5167,2.55,2.4552e+06
COG,1079620200,2.5417,2.5875,2.5133,2.575,1.844e+06
COG,1079706600,2.5758,2.5758,2.5425,2.5542,2.5344e+06
COG,1079965800,2.5333,2.5408,2.5083,2.5083,2.0472e+06
COG,1080052200,2.5125,2.5375,2.5,2.5025,3.3936e+06
COG,1080138600,2.5025,2.5025,2.3933,2.3967,4.068e+06
COG,1080225000,2.4083,2.4208,2.3958,2.4125,2.072e+06
COG,1080311400,2.4125,2.4292,2.4083,2.4108,2.6976e+06
COG,1080570600,2.4117,2.4933,2.4108,2.4933,2.6592e+06
COG,1080657000,2.4833,2.5567,2.4808,2.51,3.2496e+06
COG,1080743400,2.525,2.56,2.515,2.5467,3.1208e+06
COG,1080829800,2.5542,2.5842,2.5025,2.5108,4.7136e+06
COG,1080916200,2.525,2.5658,2.5167,2.565,3.0096e+06
COG,1081171800,2.5458,2.585,2.5408,2.5833,3.1128e+06
COG,1081258200,2.5833,2.5908,2.55,2.5708,3.7856e+06
COG,1081344600,2.575,2.6125,2.5425,2.6125,4.5216e+06
COG,1081431000,2.65,2.6867,2.6417,2.6675,3.5264e+06
COG,1081776600,2.6708,2.7342,2.6708,2.725,3.044e+06
COG,1081863000,2.7167,2.7333,2.6958,2.7125,3.5192e+06
COG,1081949400,2.7133,2.7358,2.6975,2.7125,2.1008e+06
COG,1082035800,2.7375,2.8775,2.7375,2.8517,5.732e+06
COG,1082122200,2.8517,2.9258,2.8508,2.9017,2.8904e+06
COG,1082381400,2.9017,2.9425,2.9017,2.9308,2.1896e+06
COG,1082467800,2.9317,2.9317,2.8708,2.8833,3.5016e+06
COG,1082554200,2.8833,2.8833,2.8142,2.87,2.7024e+06
COG,1082640600,2.87,2.9625,2.8625,2.9625,2.264e+06
COG,1082727000,2.9583,2.9633,2.9142,2.9383,3.8936e+06
COG,1082986200,2.9383,3.0158,2.925,3.0042,2.5992e+06
COG,1083072600,3.005,3.0825,3.005,3.0667,2.8896e+06
COG,1083159000,3.0675,3.0675,2.9825,2.9842,2.2392e+06
COG,1083245400,2.9842,2.9842,2.8458,2.8542,5.0432e+06
COG,1083331800,2.8908,3.0375,2.8867,2.975,4.14e+06
COG,1083591000,2.975,3.0733,2.9583,3.0592,3.0152e+06
COG,1083677400,3.075,3.0792,3.0083,3.0375,3.044e+06
COG,1083763800,3.0342,3.0342,2.9583,3.0158,3.5216e+06
COG,1083850200,3.0042,3.0725,3,3.0508,3.828e+06
COG,1083936600,3.0583,3.0792,2.9825,3.0192,5.3408e+06
COG,1084195800,2.9792,2.9792,2.8883,2.8917,3.5376e+06
COG,1084282200,2.9042,2.9625,2.9042,2.9625,3.2912e+06
COG,1084368600,2.9833,3.0108,2.925,3.0033,3.1584e+06
COG,1084455000,3.0017,3.0308,2.9817,2.9992,3.7472e+06
COG,1084541400,3,3.07,2.9992,3.0208,2.0552e+06
COG,1084800600,3.0125,3.0208,2.98,2.98,4.0832e+06
COG,1084887000,3,3,2.9642,2.99,7.3632e+06
COG,1084973400,2.9917,3.0167,2.9708,2.9817,3.6384e+06
COG,1085059800,2.9817,3.0292,2.9817,3.0133,3.108e+06
COG,1085146200,3.015,3.0167,2.9833,2.9858,3.6344e+06
COG,1085405400,2.9792,3.0708,2.9792,3.0575,2.6904e+06
COG,1085491800,3.0667,3.1825,3.0667,3.1758,2.9576e+06
COG,1085578200,3.1758,3.2042,3.0975,3.11,2.0304e+06
COG,1085664600,3.11,3.11,3.0417,3.0417,1.7472e+06
COG,1085751000,3.0542,3.1042,3.0483,3.0667,1.6488e+06
COG,1086096600,3.08,3.1792,3.08,3.1775,2.2488e+06
COG,1086183000,3.1667,3.17,3.1142,3.1383,2.3696e+06
COG,1086269400,3.1383,3.1833,3.1167,3.1267,4.052e+06
COG,1086355800,3.125,3.1567,3.0917,3.1517,2.9312e+06
COG,1086615000,3.1583,3.25,3.1383,3.2458,2.82e+06
COG,1086701400,3.2475,3.275,3.1567,3.1675,1.856e+06
COG,1086787800,3.1667,3.1667,3.0875,3.1108,2.8688e+06
COG,1086874200,3.1167,3.185,3.1025,3.185,2.7672e+06
COG,1087219800,3.2125,3.2217,3.1808,3.1808,3.4184e+06
COG,1087306200,3.225,3.3325,3.2242,3.3258,3.2432e+06
COG,1087392600,3.3333,3.38,3.3208,3.3567,3.8048e+06
COG,1087479000,3.3575,3.36,3.325,3.3375,5.1672e+06
COG,1087565400,3.3383,3.3658,3.335,3.3625,3.0744e+06
COG,1087824600,3.3633,3.3933,3.35,3.3617,2.2544e+06
COG,1087911000,3.3542,3.4075,3.3408,3.4075,1.8576e+06
COG,1087997400,3.3958,3.5125,3.385,3.5125,2.0456e+06
COG,1088083800,3.5133,3.5433,3.4592,3.4717,1.9224e+06
COG,1088170200,3.4717,3.5042,3.4583,3.4792,4.7088e+06
COG,1088429400,3.4875,3.4875,3.4,3.4358,3.2792e+06
COG,1088515800,3.4458,3.48,3.4433,3.4533,2.8152e+06
COG,1088602200,3.4583,3.5292,3.4583,3.525,2.3904e+06
COG,1088688600,3.53,3.5608,3.5125,3.5417,1.788e+06
COG,1088775000,3.5625,3.565,3.49,3.5258,2.5904e+06
COG,1089120600,3.5425,3.6042,3.5375,3.5558,4.3064e+06
COG,1089207000,3.5583,3.565,3.5258,3.5542,3.084e+06
COG,1089293400,3.5583,3.5725,3.5142,3.525,3.3056e+06
COG,1089379800,3.5275,3.5292,3.4725,3.4808,6.8144e+06
COG,1089639000,3.4792,3.495,3.4508,3.4642,3.5664e+06
COG,1089725400,3.4642,3.525,3.4408,3.5025,2.0232e+06
COG,1089811800,3.4958,3.5733,3.4942,3.55,2.1584e+06
COG,1089898200,3.55,3.5925,3.5467,3.5583,2.1272e+06
COG,1089984600,3.5625,3.5708,3.5292,3.5425,3.4328e+06
COG,1090243800,3.5542,3.6333,3.5333,3.6175,3.7656e+06
COG,1090330200,3.6167,3.6167,3.5433,3.5625,2.016e+06
COG,1090416600,3.5708,3.5833,3.4442,3.445,2.2944e+06
COG,1090503000,3.4433,3.4708,3.3958,3.4167,3.14e+06
COG,1090589400,3.4083,3.4158,3.3742,3.3942,1.7744e+06
COG,1090848600,3.4042,3.4342,3.38,3.3917,3.7056e+06
COG,1090935000,3.4,3.5208,3.3917,3.5133,2.4248e+06
COG,1091021400,3.5175,3.5708,3.4708,3.5458,2.7048e+06
COG,1091107800,3.5583,3.6167,3.5175,3.6167,3.824e+06
COG,1091194200,3.6167,3.6858,3.5975,3.6642,4.6256e+06
COG,1091453400,3.6642,3.6642,3.5742,3.6475,3.3984e+06
COG,1091539800,3.6475,3.69,3.6283,3.6417,3.624e+06
COG,1091626200,3.6333,3.6333,3.4825,3.4875,2.6168e+06
COG,1091712600,3.4875,3.5017,3.2917,3.3583,5.6568e+06
COG,1091799000,3.3583,3.3675,3.3325,3.3383,3.8616e+06
COG,1092058200,3.335,3.3975,3.335,3.375,2.9088e+06
COG,1092144600,3.375,3.4158,3.3608,3.3825,1.6584e+06
COG,1092231000,3.375,3.4025,3.35,3.3875,5.3544e+06
COG,1092317400,3.3792,3.4125,3.3267,3.3275,4.0272e+06
COG,1092403800,3.3458,3.3792,3.3167,3.3692,3.1248e+06
COG,1092663000,3.3683,3.3758,3.2392,3.2733,7.1688e+06
COG,1092749400,3.2733,3.2733,3.1833,3.2333,4.8912e+06
COG,1092835800,3.24,3.2883,3.24,3.2767,3.548e+06
COG,1092922200,3.2775,3.3067,3.2625,3.2742,2.6424e+06
COG,1093008600,3.2917,3.345,3.2708,3.3275,3.7032e+06
COG,1093267800,3.3167,3.325,3.2383,3.2442,3.8216e+06
COG,1093354200,3.25,3.2933,3.2208,3.2808,3.5936e+06
COG,1093440600,3.2792,3.31,3.24,3.2542,3.1896e+06
COG,1093527000,3.2542,3.2742,3.2117,3.2675,3.3512e+06
COG,1093613400,3.2758,3.3125,3.2667,3.3117,1.2552e+06
COG,1093872600,3.3,3.3217,3.25,3.28,1.5968e+06
COG,1093959000,3.2917,3.3675,3.285,3.3675,1.9896e+06
COG,1094045400,3.3875,3.4583,3.3833,3.43,2.0768e+06
COG,1094131800,3.4383,3.47,3.4083,3.4692,1.7808e+06
COG,1094218200,3.4692,3.4967,3.4525,3.4675,2.8968e+06
COG,1094563800,3.4675,3.4933,3.45,3.4933,3.368e+06
COG,1094650200,3.4983,3.5075,3.4708,3.4758,3.1608e+06
COG,1094736600,3.4875,3.5533,3.4875,3.5408,3.0192e+06
COG,1094823000,3.5333,3.55,3.5075,3.5208,1.8168e+06
COG,1095082200,3.5167,3.575,3.5008,3.5458,2.0208e+06
COG,1095168600,3.5667,3.5767,3.5242,3.5525,1.9424e+06
COG,1095255000,3.5442,3.5958,3.5442,3.5708,2.8632e+06
COG,1095341400,3.5792,3.6092,3.5658,3.5958,1.4472e+06
COG,1095427800,3.6083,3.6383,3.575,3.6292,1.6496e+06
COG,1095687000,3.625,3.6667,3.6117,3.6233,994400
COG,1095773400,3.6375,3.7433,3.625,3.7133,2.7072e+06
COG,1095859800,3.7133,3.7133,3.65,3.6667,1.844e+06
COG,1095946200,3.6667,3.7242,3.6292,3.6967,1.3352e+06
COG,1096032600,3.705,3.8,3.7,3.7558,2.072e+06
COG,1096291800,3.735,3.7808,3.675,3.675,1.9128e+06
COG,1096378200,3.6958,3.7808,3.6958,3.7567,3.452e+06
COG,1096464600,3.7525,3.7917,3.7008,3.715,3.032e+06
COG,1096551000,3.7158,3.7633,3.7008,3.7417,3.1704e+06
COG,1096637400,3.7425,3.7758,3.7275,3.7692,3.2984e+06
COG,1096896600,3.775,3.815,3.7683,3.7958,2.1024e+06
COG,1096983000,3.7917,3.895,3.7917,3.875,2.1776e+06
COG,1097069400,3.8758,3.9317,3.8758,3.915,3.1208e+06
COG,1097155800,3.9192,4.0225,3.8658,3.88,4.104e+06
COG,1097242200,3.8808,3.9292,3.86,3.8658,4.268e+06
COG,1097501400,3.8792,3.8942,3.7883,3.8042,2.6408e+06
COG,1097587800,3.8042,3.8408,3.7492,3.7492,2.5536e+06
COG,1097674200,3.6875,3.6917,3.5208,3.5342,4.8456e+06
COG,1097760600,3.5583,3.6,3.535,3.5792,3.4992e+06
COG,1097847000,3.5875,3.6017,3.5542,3.5792,1.9424e+06
COG,1098106200,3.575,3.5883,3.4958,3.5125,2.9504e+06
COG,1098192600,3.5042,3.54,3.4883,3.4992,2.6768e+06
COG,1098279000,3.5058,3.6083,3.5058,3.6008,3.3576e+06
COG,1098365400,3.6125,3.6217,3.58,3.6075,5.0496e+06
COG,1098451800,3.6083,3.7067,3.6008,3.6242,2.828e+06
COG,1098711000,3.6208,3.6458,3.5783,3.5908,2.8352e+06
COG,1098797400,3.5875,3.6417,3.5575,3.6133,3.2024e+06
COG,1098883800,3.6142,3.6875,3.5167,3.5858,5.2584e+06
COG,1098970200,3.5542,3.6008,3.4892,3.51,3.08e+06
COG,1099056600,3.5,3.5875,3.4825,3.5258,2.688e+06
COG,1099319400,3.5583,3.61,3.4758,3.4917,3.2072e+06
COG,1099405800,3.4833,3.4917,3.3917,3.4083,3.7728e+06
COG,1099492200,3.4383,3.5675,3.4383,3.5625,3.768e+06
COG,1099578600,3.5583,3.6208,3.5583,3.61,3.396e+06
COG,1099665000,3.6225,3.6475,3.5867,3.6083,2.912e+06
COG,1099924200,3.5833,3.6175,3.55,3.5725,3.776e+06
COG,1100010600,3.5725,3.6292,3.5325,3.5667,3.9336e+06
COG,1100097000,3.575,3.6667,3.54,3.6467,2.8776e+06
COG,1100183400,3.6467,3.6467,3.5958,3.6333,1.8792e+06
COG,1100269800,3.6317,3.6875,3.6275,3.6583,1.9472e+06
COG,1100529000,3.6492,3.6492,3.5308,3.5725,1.992e+06
COG,1100615400,3.5758,3.6083,3.5042,3.5108,4.82e+06
COG,1100701800,3.5167,3.6192,3.5167,3.5933,2.4296e+06
COG,1100788200,3.5967,3.63,3.5858,3.6033,3.0384e+06
COG,1100874600,3.6083,3.7092,3.6067,3.6558,1.8384e+06
COG,1101133800,3.6767,3.7433,3.675,3.735,2.5232e+06
COG,1101220200,3.7267,3.9042,3.7192,3.8692,3.996e+06
COG,1101306600,3.8875,3.9717,3.8483,3.9333,3.1616e+06
COG,1101479400,3.9542,4.0208,3.9458,3.9842,677600
COG,1101738600,3.9842,4.0392,3.9367,3.9933,2.204e+06
COG,1101825000,3.9933,4.0692,3.9933,4.0317,1.3856e+06
COG,1101911400,4.0317,4.0742,3.9475,3.955,3.3816e+06
COG,1101997800,3.9167,3.9167,3.6567,3.7208,6.6488e+06
COG,1102084200,3.7125,3.8483,3.7017,3.8417,3.9968e+06
COG,1102343400,3.8625,3.875,3.7533,3.8,2.0808e+06
COG,1102429800,3.8,3.8,3.6217,3.6258,2.4096e+06
COG,1102516200,3.6267,3.7375,3.5883,3.7075,3.6512e+06
COG,1102602600,3.7083,3.725,3.6408,3.6792,2.3504e+06
COG,1102689000,3.6708,3.6758,3.6017,3.625,2.2784e+06
COG,1102948200,3.6667,3.7175,3.6417,3.7175,1.6464e+06
COG,1103034600,3.7358,3.8042,3.7217,3.7933,1.74e+06
COG,1103121000,3.8017,3.8492,3.7542,3.8025,2.136e+06
COG,1103207400,3.8325,3.8325,3.7158,3.7325,2.5632e+06
COG,1103293800,3.7325,3.8017,3.7317,3.8,1.9344e+06
COG,1103553000,3.7917,3.8275,3.7583,3.7775,1.1496e+06
COG,1103639400,3.7817,3.8058,3.7667,3.7958,2.9184e+06
COG,1103725800,3.79,3.8083,3.6858,3.7125,3.944e+06
COG,1103812200,3.725,3.7592,3.7008,3.7042,1.7352e+06
COG,1104157800,3.6792,3.6917,3.6167,3.6217,1.8264e+06
COG,1104244200,3.6208,3.6825,3.6175,3.675,1.5872e+06
COG,1104330600,3.6833,3.6992,3.6408,3.6742,1.4936e+06
COG,1104417000,3.6492,3.6608,3.625,3.64,1.4264e+06
COG,1104503400,3.6383,3.7192,3.63,3.6875,1.8384e+06
COG,1104762600,3.6792,3.6792,3.5417,3.5758,3.068e+06
COG,1104849000,3.59,3.6142,3.5208,3.5225,2.6376e+06
COG,1104935400,3.5225,3.5542,3.4692,3.4792,2.8616e+06
COG,1105021800,3.48,3.6258,3.4792,3.5283,2.3064e+06
COG,1105108200,3.5375,3.5375,3.4292,3.4725,2.9184e+06
COG,1105367400,3.5017,3.5708,3.4892,3.5042,2.8256e+06
COG,1105453800,3.5042,3.5375,3.4575,3.5133,1.6752e+06
COG,1105540200,3.5133,3.5667,3.465,3.5633,2.2488e+06
COG,1105626600,3.5767,3.6067,3.5408,3.5625,1.9016e+06
COG,1105713000,3.5708,3.6225,3.5408,3.6008,1.3352e+06
COG,1106058600,3.6333,3.71,3.6333,3.7067,2.5896e+06
COG,1106145000,3.7,3.7317,3.6192,3.6333,2.88e+06
COG,1106231400,3.6167,3.6633,3.5375,3.6408,1.7904e+06
COG,1106317800,3.6575,3.7767,3.6558,3.7117,3.0632e+06
COG,1106577000,3.75,3.7808,3.7417,3.75,1.8488e+06
COG,1106663400,3.7792,3.85,3.7267,3.775,3.2624e+06
COG,1106749800,3.7817,3.8775,3.76,3.8775,2.4008e+06
COG,1106836200,3.8775,3.9742,3.8617,3.9117,2.3504e+06
COG,1106922600,3.895,3.9083,3.8225,3.8375,1.7328e+06
COG,1107181800,3.8383,3.98,3.8017,3.9233,2.8464e+06
COG,1107268200,3.9667,4.1208,3.9667,4.1,4.4792e+06
COG,1107354600,4.1008,4.19,4.09,4.1667,3.852e+06
COG,1107441000,4.15,4.1675,4.0592,4.1367,2.7072e+06
COG,1107527400,4.145,4.1708,4.085,4.1708,2.196e+06
COG,1107786600,4.1542,4.1958,4.0642,4.1042,2.1248e+06
COG,1107873000,4.0875,4.1683,4.0767,4.105,1.9112e+06
COG,1107959400,4.105,4.2175,4.0783,4.1492,4.2416e+06
COG,1108045800,4.16,4.3842,4.155,4.2833,5.1056e+06
COG,1108132200,4.2833,4.3867,4.1775,4.3525,2.8328e+06
COG,1108391400,4.3525,4.3908,4.3292,4.375,2.6568e+06
COG,1108477800,4.375,4.3833,4.305,4.3342,3.1736e+06
COG,1108564200,4.3433,4.44,4.3175,4.4042,3.6456e+06
COG,1108650600,4.4125,4.4333,4.305,4.3075,2.8944e+06
COG,1108737000,4.4042,4.4833,4.3333,4.4208,4.3224e+06
COG,1109082600,4.5417,4.5742,4.4317,4.4383,4.0424e+06
COG,1109169000,4.4458,4.565,4.4458,4.5117,3.4952e+06
COG,1109255400,4.5167,4.56,4.45,4.5033,3.9e+06
COG,1109341800,4.5242,4.6817,4.5242,4.6483,2.4336e+06
COG,1109601000,4.7083,4.8883,4.545,4.6658,3.6312e+06
COG,1109687400,4.6658,4.7075,4.5625,4.6333,3.8072e+06
COG,1109773800,4.6383,4.7083,4.5875,4.645,5.1192e+06
COG,1109860200,4.6875,4.7283,4.6375,4.6917,5.6864e+06
COG,1109946600,4.7025,4.7625,4.6258,4.755,4.2368e+06
COG,1110205800,4.755,4.755,4.6667,4.7008,4.2408e+06
COG,1110292200,4.7125,4.8008,4.7108,4.725,2.7024e+06
COG,1110378600,4.7333,4.825,4.6475,4.6525,4.7144e+06
COG,1110465000,4.6525,4.6525,4.3417,4.4142,6.4032e+06
COG,1110551400,4.4133,4.5025,4.4083,4.4717,4.5648e+06
COG,1110810600,4.4717,4.5083,4.3292,4.4167,4.1816e+06
COG,1110897000,4.4375,4.45,4.3333,4.3375,3.8744e+06
COG,1110983400,4.3417,4.4592,4.2958,4.3775,4.5192e+06
COG,1111069800,4.425,4.485,4.4083,4.4792,3.8808e+06
COG,1111156200,4.5125,4.5833,4.465,4.5583,4.1376e+06
COG,1111415400,4.5583,4.5642,4.4625,4.5292,2.5088e+06
COG,1111501800,4.5417,4.6475,4.5408,4.5458,5.3048e+06
COG,1111588200,4.5208,4.5208,4.3008,4.3342,4.5264e+06
COG,1111674600,4.3958,4.475,4.3258,4.3875,3.4968e+06
COG,1112020200,4.4083,4.5208,4.4083,4.4825,4.5872e+06
COG,1112106600,4.4917,4.56,4.3975,4.4167,4.0712e+06
COG,1112193000,4.4167,4.4575,4.325,4.4333,3.512e+06
COG,1112279400,4.475,4.625,4.4625,4.5958,3.3296e+06
COG,1112365800,4.75,4.77,4.6275,4.6975,5.484e+06
COG,1112621400,4.7812,4.8438,4.6125,4.7225,5.4952e+06
COG,1112707800,4.75,4.7863,4.68,4.6875,5.0928e+06
COG,1112794200,4.6875,4.7925,4.6625,4.7663,4.5416e+06
COG,1112880600,4.8063,4.8362,4.6425,4.6975,3.0352e+06
COG,1112967000,4.6875,4.6937,4.5375,4.5475,2.9184e+06
COG,1113226200,4.5475,4.5887,4.4375,4.5338,4.024e+06
COG,1113312600,4.4875,4.4938,4.3038,4.3612,6.2568e+06
COG,1113399000,4.345,4.3463,4.1188,4.1375,5.9552e+06
COG,1113485400,4.1687,4.28,4.15,4.17,6.0056e+06
COG,1113571800,4.1712,4.1712,3.9688,4.0275,3.0976e+06
COG,1113831000,4.015,4.0963,3.9275,4.0538,3.8088e+06
COG,1113917400,4.1225,4.1875,4.1188,4.1663,4.0224e+06
COG,1114003800,4.165,4.2213,4.035,4.0437,3.6504e+06
COG,1114090200,4.1,4.215,4.06,4.1975,2.8624e+06
COG,1114176600,4.1912,4.2137,4.0938,4.1588,2.488e+06
COG,1114435800,4.1813,4.2112,4.1425,4.1875,2.816e+06
COG,1114522200,4.1887,4.2,4.065,4.0813,3.08e+06
COG,1114608600,4.0875,4.1075,3.915,4.015,4.7576e+06
COG,1114695000,3.9875,3.9875,3.8375,3.865,3.0688e+06
COG,1114781400,3.865,3.865,3.5213,3.68,1.06216e+07
COG,1115040600,3.6788,3.74,3.595,3.7,7.4112e+06
COG,1115127000,3.7313,3.745,3.6537,3.7088,6.304e+06
COG,1115213400,3.6875,3.7687,3.6562,3.7525,3.9432e+06
COG,1115299800,3.7838,3.82,3.72,3.7725,2.6656e+06
COG,1115386200,3.8563,3.8563,3.7638,3.805,4.0688e+06
COG,1115645400,3.8125,3.8737,3.7838,3.8737,3.7576e+06
COG,1115731800,3.8563,3.8825,3.765,3.775,4.0256e+06
COG,1115818200,3.7762,3.81,3.7275,3.7987,3.6856e+06
COG,1115904600,3.7987,3.7987,3.5363,3.5663,6.2472e+06
COG,1115991000,3.5838,3.625,3.5062,3.5363,3.0776e+06
COG,1116250200,3.5375,3.5538,3.445,3.5438,7.6432e+06
COG,1116336600,3.7375,3.85,3.6875,3.8163,6.9832e+06
COG,1116423000,3.8563,3.9,3.7125,3.7413,4.2024e+06
COG,1116509400,3.7513,3.8525,3.74,3.8412,3.1296e+06
COG,1116595800,3.8438,3.845,3.7238,3.7287,2.1592e+06
COG,1116855000,3.75,3.8375,3.7275,3.8163,3.1264e+06
COG,1116941400,3.8063,3.8425,3.765,3.8375,2.2944e+06
COG,1117027800,3.8187,3.8875,3.76,3.8475,2.976e+06
COG,1117114200,3.8775,3.8775,3.8125,3.8588,1.9416e+06
COG,1117200600,3.8875,3.9375,3.8688,3.925,2.3448e+06
COG,1117546200,3.9062,3.9688,3.8387,3.9188,3.864e+06
COG,1117632600,3.9938,4.165,3.9813,4.165,4.3672e+06
COG,1117719000,4.175,4.2937,4.15,4.1875,6.2032e+06
COG,1117805400,4.1975,4.25,4.1588,4.2275,3.6776e+06
COG,1118064600,4.2562,4.2688,4.1838,4.185,4.208e+06
COG,1118151000,4.1937,4.265,4.1062,4.125,3.8752e+06
COG,1118237400,4.125,4.2438,4.105,4.1675,3.9128e+06
COG,1118323800,4.1863,4.3025,4.175,4.3,2.7072e+06
COG,1118410200,4.3113,4.395,4.3012,4.3375,4.364e+06
COG,1118669400,4.3375,4.4563,4.325,4.4288,5.1112e+06
COG,1118755800,4.4313,4.4563,4.3863,4.4,4.52e+06
COG,1118842200,4.455,4.4563,4.405,4.4212,5.864e+06
COG,1118928600,4.4212,4.485,4.4,4.4812,3e+06
COG,1119015000,4.4938,4.545,4.4437,4.5125,3.4104e+06
COG,1119274200,4.5125,4.57,4.4688,4.5087,1.7216e+06
COG,1119360600,4.5075,4.5338,4.37,4.3825,1.7296e+06
COG,1119447000,4.3938,4.4462,4.3288,4.4088,2.0176e+06
COG,1119533400,4.4062,4.4938,4.345,4.3575,2.7808e+06
COG,1119619800,4.37,4.4313,4.2937,4.3775,2.924e+06
COG,1119879000,4.3875,4.4363,4.3812,4.3875,2.184e+06
COG,1119965400,4.3875,4.4,4.305,4.3113,1.7752e+06
COG,1120051800,4.2987,4.3875,4.28,4.3738,1.824e+06
COG,1120138200,4.3725,4.4662,4.3337,4.3375,2.0624e+06
COG,1120224600,4.36,4.5938,4.36,4.575,4.3112e+06
COG,1120570200,4.6,4.7375,4.5887,4.7,2.8856e+06
COG,1120656600,4.7312,4.7425,4.6125,4.6487,3.7992e+06
COG,1120743000,4.5938,4.705,4.5312,4.7038,2.9872e+06
COG,1120829400,4.775,4.8313,4.7063,4.7663,2.8048e+06
COG,1121088600,4.7663,4.8738,4.725,4.86,3.0128e+06
COG,1121175000,4.875,4.96,4.8162,4.905,2.948e+06
COG,1121261400,4.8625,4.9187,4.8,4.8525,3.3296e+06
COG,1121347800,4.9375,4.9375,4.6775,4.695,3.1632e+06
COG,1121434200,4.695,4.75,4.5862,4.63,1.6312e+06
COG,1121693400,4.63,4.63,4.4788,4.5062,1.716e+06
COG,1121779800,4.5437,4.6687,4.5312,4.6675,1.4304e+06
COG,1121866200,4.6675,4.7188,4.575,4.6813,1.4736e+06
COG,1121952600,4.6863,4.7275,4.625,4.685,2.5824e+06
COG,1122039000,4.735,4.8875,4.735,4.8812,2.6768e+06
COG,1122298200,4.8562,4.9163,4.8225,4.8738,2.168e+06
COG,1122384600,4.875,4.9125,4.82,4.8962,2.7184e+06
COG,1122471000,4.9062,4.9125,4.7913,4.875,963200
COG,1122557400,4.9062,4.925,4.795,4.8825,2.116e+06
COG,1122643800,4.9338,5.1112,4.9187,5.065,3.8016e+06
COG,1122903000,5.1125,5.1625,5.0837,5.1087,3.2184e+06
COG,1122989400,5.175,5.325,5.1737,5.3187,4.4e+06
COG,1123075800,5.3187,5.37,5.2562,5.2562,3.0112e+06
COG,1123162200,5.2562,5.3738,5.2475,5.3325,1.9008e+06
COG,1123248600,5.3325,5.3387,5.1725,5.2812,2.0536e+06
COG,1123507800,5.3175,5.3875,5.29,5.3225,2.3224e+06
COG,1123594200,5.3375,5.3438,5.1775,5.2387,2.136e+06
COG,1123680600,5.2812,5.405,5.275,5.4037,2.2488e+06
COG,1123767000,5.3875,5.4913,5.3875,5.475,3.6352e+06
COG,1123853400,5.4837,5.5138,5.3612,5.435,1.6752e+06
COG,1124112600,5.425,5.425,5.3187,5.3412,2.3752e+06
COG,1124199000,5.3125,5.3212,5.155,5.1638,2.22e+06
COG,1124285400,5.1388,5.2688,4.9237,4.9763,5.2288e+06
COG,1124371800,4.95,4.9637,4.805,4.9387,3.06e+06
COG,1124458200,5.0012,5.15,4.9875,5.0912,1.7248e+06
COG,1124717400,5.175,5.245,5.1175,5.18,1.9024e+06
COG,1124803800,5.2125,5.2625,5.0837,5.1737,2.1784e+06
COG,1124890200,5.1988,5.3125,5.1925,5.2413,1.704e+06
COG,1124976600,5.2238,5.26,5.195,5.2225,1.5712e+06
COG,1125063000,5.21,5.2375,5.075,5.11,2.024e+06
COG,1125322200,5.1875,5.2325,5.0825,5.1762,2.348e+06
COG,1125408600,5.2137,5.3738,5.2087,5.295,2.8376e+06
COG,1125495000,5.2962,5.4725,5.2962,5.3987,5.036e+06
COG,1125581400,5.4475,5.5125,5.4163,5.5037,3.8968e+06
COG,1125667800,5.4763,5.4763,5.2625,5.3463,2.6896e+06
COG,1126013400,5.375,5.4925,5.3325,5.4925,3.048e+06
COG,1126099800,5.51,5.5312,5.3938,5.4462,2.576e+06
COG,1126186200,5.5125,5.6638,5.5125,5.6363,6.596e+06
COG,1126272600,5.7438,5.7438,5.6112,5.725,5.5976e+06
COG,1126531800,5.8125,5.8162,5.6813,5.76,6.36e+06
COG,1126618200,5.765,5.8125,5.6737,5.6912,3.4224e+06
COG,1126704600,5.7375,5.775,5.6375,5.6825,2.54e+06
COG,1126791000,5.72,5.7775,5.6775,5.7225,4.644e+06
COG,1126877400,5.7225,5.7812,5.6975,5.76,4.1816e+06
COG,1127136600,5.8625,5.9425,5.8625,5.9187,3.5584e+06
COG,1127223000,5.8925,5.925,5.81,5.8463,3.2304e+06
COG,1127309400,5.935,6.025,5.875,5.895,4.172e+06
COG,1127395800,5.9875,5.9925,5.7112,5.895,5.2936e+06
COG,1127482200,5.8438,5.8475,5.725,5.77,3.5536e+06
COG,1127741400,5.7712,5.9738,5.7275,5.9538,5.2792e+06
COG,1127827800,5.9412,5.9812,5.8538,5.93,5.476e+06
COG,1127914200,5.975,6.1025,5.9175,6.1025,5.9032e+06
COG,1128000600,6.1363,6.3575,6.125,6.3513,6.316e+06
COG,1128087000,6.3513,6.3925,6.2787,6.3137,6.256e+06
COG,1128346200,6.375,6.5375,6.355,6.4425,3.8768e+06
COG,1128432600,6.6863,6.6863,6.2512,6.2675,8.4536e+06
COG,1128519000,6.275,6.2987,5.8975,5.8975,7.0728e+06
COG,1128605400,5.8863,5.8863,5.4713,5.545,8.5808e+06
COG,1128691800,5.625,5.755,5.525,5.675,3.048e+06
COG,1128951000,5.7937,5.7937,5.5225,5.5525,2.8304e+06
COG,1129037400,5.65,5.9688,5.65,5.9375,5.4064e+06
COG,1129123800,5.9313,5.9325,5.6613,5.7125,4.8472e+06
COG,1129210200,5.6487,5.6487,5.3275,5.49,6.2176e+06
COG,1129296600,5.4913,5.8075,5.4913,5.7787,7.0888e+06
COG,1129555800,5.9688,5.9975,5.7925,5.89,3.452e+06
COG,1129642200,5.93,6.0325,5.6125,5.6125,7.596e+06
COG,1129728600,5.5625,5.765,5.3888,5.7625,5.276e+06
COG,1129815000,5.7125,5.7137,5.2888,5.3775,5.6264e+06
COG,1129901400,5.4,5.57,5.3513,5.425,3.5008e+06
COG,1130160600,5.425,5.795,5.4125,5.795,4.4728e+06
COG,1130247000,5.8,6.0837,5.7812,6.05,5.1512e+06
COG,1130333400,6.0512,6.215,5.9812,5.995,4.0984e+06
COG,1130419800,6.0563,6.1,5.75,5.75,3.192e+06
COG,1130506200,5.6875,5.8562,5.4688,5.8012,7.172e+06
COG,1130769000,5.825,5.9513,5.6562,5.7238,6.6056e+06
COG,1130855400,5.7238,5.725,5.55,5.6712,5.2152e+06
COG,1130941800,5.65,5.7625,5.625,5.725,5.2736e+06
COG,1131028200,5.775,5.9525,5.7038,5.86,4.3992e+06
COG,1131114600,5.8612,5.8612,5.5662,5.6238,2.8208e+06
COG,1131373800,5.5625,5.5775,5.3475,5.375,8.1888e+06
COG,1131460200,5.3825,5.4163,5.2525,5.375,7.9456e+06
COG,1131546600,5.4375,5.4825,5.2725,5.3475,5.148e+06
COG,1131633000,5.3162,5.3162,5.05,5.13,4.5704e+06
COG,1131719400,5.1363,5.1975,5.07,5.1512,2.7696e+06
COG,1131978600,5.225,5.245,5.055,5.095,4.1864e+06
COG,1132065000,5.05,5.1825,5.0413,5.06,4.08e+06
COG,1132151400,5.075,5.3187,5.075,5.315,4.72e+06
COG,1132237800,5.4625,5.4625,5.225,5.2663,3.8512e+06
COG,1132324200,5.2663,5.325,5.2188,5.2737,3.7648e+06
COG,1132583400,5.2438,5.3938,5.2188,5.3725,3.284e+06
COG,1132669800,5.4375,5.5862,5.3962,5.5462,3.6056e+06
COG,1132756200,5.5462,5.5625,5.4375,5.4625,2.6504e+06
COG,1132929000,5.4713,5.52,5.4538,5.4862,1.1632e+06
COG,1133188200,5.425,5.4425,5.19,5.19,5.644e+06
COG,1133274600,5.2937,5.3187,5.1838,5.21,3.7128e+06
COG,1133361000,5.1937,5.325,5.1937,5.2762,4.388e+06
COG,1133447400,5.3438,5.53,5.32,5.485,3.8736e+06
COG,1133533800,5.485,5.5813,5.425,5.5388,3.2936e+06
COG,1133793000,5.6013,5.6475,5.525,5.5363,4.1424e+06
COG,1133879400,5.5363,5.62,5.5075,5.6013,2.708e+06
COG,1133965800,5.6188,5.66,5.4575,5.5113,3.344e+06
COG,1134052200,5.5437,5.7463,5.4875,5.725,4.4208e+06
COG,1134138600,5.6687,5.6788,5.5675,5.6337,2.7912e+06
COG,1134397800,5.775,5.7937,5.6712,5.7438,3.0936e+06
COG,1134484200,5.8063,6.0087,5.785,5.8663,4.5288e+06
COG,1134570600,5.85,6.0087,5.7863,5.9887,5.7248e+06
COG,1134657000,6.02,6.0287,5.8387,5.8787,6.7144e+06
COG,1134743400,5.9037,5.9325,5.8175,5.8175,8.3072e+06
COG,1135002600,5.7625,5.93,5.7625,5.795,6.0056e+06
COG,1135089000,5.825,5.995,5.82,5.9437,3.248e+06
COG,1135175400,5.9963,6.1475,5.9225,5.9862,5.244e+06
COG,1135261800,6.0012,6.065,5.9338,5.96,4.1184e+06
COG,1135348200,5.96,5.96,5.775,5.8975,2.8e+06
COG,1135693800,5.8975,5.8975,5.5875,5.6163,3.3264e+06
COG,1135780200,5.6638,5.7625,5.6,5.7337,2.816e+06
COG,1135866600,5.705,5.7725,5.5975,5.6087,3.0688e+06
COG,1135953000,5.61,5.67,5.49,5.6375,3.7664e+06
COG,1136298600,5.7,5.9625,5.6625,5.9488,6.8024e+06
COG,1136385000,5.9387,6.095,5.88,6.0825,5.7256e+06
COG,1136471400,6.0512,6.0512,5.7812,5.865,5.6648e+06
COG,1136557800,5.9375,6.1337,5.9375,6,3.888e+06
COG,1136817000,5.9688,6.16,5.9387,6.0925,4.1224e+06
COG,1136903400,6,6.2275,6,6.1762,2.6328e+06
COG,1136989800,6.1762,6.33,6.0625,6.3012,4.9624e+06
COG,1137076200,6.3513,6.3513,6.195,6.2063,4.6456e+06
COG,1137162600,6.2063,6.2725,6.1737,6.24,2.9288e+06
COG,1137508200,6.325,6.3987,6.2613,6.32,3.8624e+06
COG,1137594600,6.32,6.3787,6.105,6.2425,2.9544e+06
COG,1137681000,6.2537,6.5062,6.2162,6.5012,3.944e+06
COG,1137767400,6.54,6.6838,6.465,6.485,3.4768e+06
COG,1138026600,6.4862,6.5,6.3787,6.445,4.104e+06
COG,1138113000,6.4437,6.4913,6.3438,6.4313,5.1056e+06
COG,1138199400,6.4625,6.4625,6.11,6.1375,4.0312e+06
COG,1138285800,6.1375,6.1675,5.8888,6.1675,5.4632e+06
COG,1138372200,6.1687,6.31,6.1475,6.23,3.0112e+06
COG,1138631400,6.275,6.4262,6.275,6.3125,2.7368e+06
COG,1138717800,6.3,6.4725,6.2913,6.4462,3.2368e+06
COG,1138804200,6.415,6.525,6.2375,6.2587,4.156e+06
COG,1138890600,6.2488,6.25,5.9375,6.0875,4.7712e+06
COG,1138977000,6.1075,6.2,5.9363,6.0725,4.9784e+06
COG,1139236200,6.15,6.2312,6.0525,6.2075,3.5392e+06
COG,1139322600,6.2075,6.2075,5.8837,5.9325,5.2432e+06
COG,1139409000,5.96,5.96,5.6937,5.8675,3.9576e+06
COG,1139495400,5.9375,6.0237,5.5212,5.5312,5.772e+06
COG,1139581800,5.5312,5.6238,5.385,5.55,7.1752e+06
COG,1139841000,5.5,5.56,5.38,5.3975,5.3944e+06
COG,1139927400,5.2625,5.57,5.2562,5.5687,9.264e+06
COG,1140013800,5.625,5.7762,5.5325,5.6337,5.9392e+06
COG,1140100200,5.7188,5.835,5.6887,5.8088,3.7088e+06
COG,1140186600,5.875,6.0613,5.7913,5.8125,4.9664e+06
COG,1140532200,5.925,6.0262,5.81,5.8863,3.8032e+06
COG,1140618600,5.8863,5.8863,5.705,5.8012,3.0704e+06
COG,1140705000,5.875,6.0875,5.8113,5.8637,9.7536e+06
COG,1140791400,5.9225,6.07,5.9062,5.9525,4.2416e+06
COG,1141050600,5.8875,5.9288,5.7737,5.7737,2.9192e+06
COG,1141137000,5.725,5.7587,5.645,5.6575,5.3464e+06
COG,1141223400,5.6875,5.865,5.67,5.8575,4.712e+06
COG,1141309800,5.9,6.135,5.8987,6.0788,6.9896e+06
COG,1141396200,6.08,6.2337,6.075,6.2075,6.4368e+06
COG,1141655400,6.0388,6.2075,5.8313,5.8325,5.228e+06
COG,1141741800,5.8325,5.84,5.66,5.7013,5.1584e+06
COG,1141828200,5.7013,5.8075,5.5175,5.6425,5.456e+06
COG,1141914600,5.685,5.705,5.4837,5.5212,5.108e+06
COG,1142001000,5.5625,5.635,5.4325,5.5588,2.9296e+06
COG,1142260200,5.6375,5.765,5.6163,5.695,3.276e+06
COG,1142346600,5.7525,5.875,5.6125,5.8587,3.2456e+06
COG,1142433000,5.86,5.9062,5.7787,5.9062,2.7624e+06
COG,1142519400,5.875,6.0675,5.8438,6.0138,3.1568e+06
COG,1142605800,6.015,6.0413,5.8863,5.9375,8.9352e+06
COG,1142865000,5.875,5.9575,5.665,5.7,3.4136e+06
COG,1142951400,5.6588,5.7512,5.5975,5.6588,4.2504e+06
COG,1143037800,5.6588,5.8612,5.6487,5.7962,3.5928e+06
COG,1143124200,5.8625,5.9913,5.8412,5.9375,3.3208e+06
COG,1143210600,5.9387,6.055,5.895,5.99,2.3232e+06
COG,1143469800,5.965,6.0375,5.7888,6.0075,2.5608e+06
COG,1143556200,6.0613,6.1887,6.0375,6.095,4.6368e+06
COG,1143642600,6.215,6.27,6.0613,6.2038,3.084e+06
COG,1143729000,6.25,6.2787,6.1275,6.195,5.4216e+06
COG,1143815400,6.1375,6.1375,5.9488,5.9913,4.628e+06
COG,1144071000,6.0525,6.2762,6.0188,6.1487,4.8624e+06
COG,1144157400,6.075,6.1487,6.0375,6.0875,2.5944e+06
COG,1144243800,6.0875,6.1863,6.0512,6.1087,2.7944e+06
COG,1144330200,6.1687,6.3425,6.1038,6.3225,4.1512e+06
COG,1144416600,6.3113,6.3525,6.13,6.1588,2.9792e+06
COG,1144675800,6.23,6.3825,6.2188,6.3438,2.9016e+06
COG,1144762200,6.4212,6.4288,6.1575,6.1825,2.9776e+06
COG,1144848600,6.1525,6.2075,6.0563,6.1275,2.2336e+06
COG,1144935000,6.0963,6.2425,6.01,6.1775,3.0208e+06
COG,1145280600,6.225,6.365,6.2,6.3438,2.1784e+06
COG,1145367000,6.405,6.5912,6.405,6.5825,2.304e+06
COG,1145453400,6.5825,6.6462,6.4363,6.6462,4.5152e+06
COG,1145539800,6.5875,6.595,6.205,6.385,5.0232e+06
COG,1145626200,6.5625,6.705,6.4462,6.6213,4.5896e+06
COG,1145885400,6.6213,6.6213,6.3675,6.3812,3.292e+06
COG,1145971800,6.4637,6.4988,6.1675,6.2825,3.4904e+06
COG,1146058200,6.2512,6.4113,6.1312,6.1413,3.3208e+06
COG,1146144600,6.0425,6.22,5.955,6.0613,4.3648e+06
COG,1146231000,6.0988,6.2562,6.025,6.1575,3.276e+06
COG,1146490200,6.2087,6.3463,6.2025,6.245,3.7376e+06
COG,1146576600,6.2987,6.4725,6.2987,6.4275,2.696e+06
COG,1146663000,6.4,6.4575,6.2675,6.4012,3.764e+06
COG,1146749400,6.3875,6.4788,6.2263,6.3975,3.9792e+06
COG,1146835800,6.5,6.7775,6.4938,6.59,5.7752e+06
COG,1147095000,6.59,6.6462,6.465,6.6462,3.524e+06
COG,1147181400,6.6462,6.84,6.6238,6.7512,5.2016e+06
COG,1147267800,6.7512,6.8562,6.6737,6.805,3.2696e+06
COG,1147354200,6.95,6.96,6.5675,6.5763,4.4984e+06
COG,1147440600,6.545,6.545,6.205,6.2475,6.0872e+06
COG,1147699800,6.1125,6.1887,5.9012,6.0212,5.3912e+06
COG,1147786200,6.1175,6.1512,5.9675,6.03,4.0264e+06
COG,1147872600,6.03,6.1125,5.7587,5.845,5.1368e+06
COG,1147959000,5.9062,5.9075,5.6625,5.6762,4.456e+06
COG,1148045400,5.6762,5.7875,5.5212,5.7438,5.3224e+06
COG,1148304600,5.575,5.5963,5.36,5.52,1.09512e+07
COG,1148391000,5.625,5.65,5.375,5.3975,8.8016e+06
COG,1148477400,5.3975,5.475,5.15,5.2638,8.1272e+06
COG,1148563800,5.375,5.4812,5.325,5.4425,5.4816e+06
COG,1148650200,5.4688,5.5563,5.4425,5.5312,3.3536e+06
COG,1148995800,5.5988,5.6125,5.3525,5.3562,5.2968e+06
COG,1149082200,5.375,5.4875,5.2962,5.4837,4.8752e+06
COG,1149168600,5.375,5.5413,5.3288,5.5363,4.8408e+06
COG,1149255000,5.6125,5.6687,5.4788,5.6512,4.3936e+06
COG,1149514200,5.7812,5.8212,5.43,5.4338,5.7448e+06
COG,1149600600,5.375,5.4913,5.3125,5.3913,6.184e+06
COG,1149687000,5.36,5.3612,5.18,5.1875,7.1832e+06
COG,1149773400,5.1125,5.2238,4.9625,5.2175,8.02e+06
COG,1149859800,5.2562,5.2562,4.9437,5.005,7.1824e+06
COG,1150119000,5.0237,5.0437,4.8875,4.8875,7.0504e+06
COG,1150205400,4.8888,4.9625,4.7825,4.8025,7.8616e+06
COG,1150291800,4.8438,5.0163,4.8375,4.965,6.4296e+06
COG,1150378200,5.0312,5.2213,5.0312,5.1912,6.6728e+06
COG,1150464600,5.1925,5.3275,5.1438,5.2888,1.0476e+07
COG,1150723800,5.2575,5.2587,5.0012,5.0325,6.1176e+06
COG,1150810200,5.0837,5.195,5.005,5.0312,5.3712e+06
COG,1150896600,5.0625,5.3162,5.0625,5.2013,5.5936e+06
COG,1150983000,5.1887,5.2312,5.11,5.195,6.6208e+06
COG,1151069400,5.375,5.56,5.375,5.5,6.0888e+06
COG,1151328600,5.5012,5.6013,5.3938,5.59,5.032e+06
COG,1151415000,5.6137,5.735,5.525,5.5375,4.864e+06
COG,1151501400,5.5575,5.6413,5.5175,5.6075,5.124e+06
COG,1151587800,5.65,5.8275,5.6312,5.8225,5.1008e+06
COG,1151674200,5.8475,6.125,5.7337,6.125,2.1204e+07
COG,1151933400,6.0938,6.1638,5.97,6.1425,5.3504e+06
COG,1152106200,6.1,6.135,5.915,6.0813,4.6648e+06
COG,1152192600,6.0813,6.1413,5.9862,6,4.1376e+06
COG,1152279000,6.0625,6.1275,5.8675,5.89,2.588e+06
COG,1152538200,5.89,5.9988,5.8387,5.9175,2.3208e+06
COG,1152624600,5.9563,6.0475,5.9375,6.025,3.36e+06
COG,1152711000,6.025,6.0925,5.8962,5.9375,3.844e+06
COG,1152797400,5.9587,5.9862,5.8025,5.8225,4.7792e+06
COG,1152883800,5.8538,5.8938,5.6925,5.8738,4.3464e+06
COG,1153143000,5.8113,5.8438,5.6312,5.655,3.372e+06
COG,1153229400,5.7,5.7562,5.5575,5.655,3.6992e+06
COG,1153315800,5.6575,5.7987,5.6375,5.7863,2.948e+06
COG,1153402200,5.7863,5.8212,5.625,5.6388,4.4568e+06
COG,1153488600,5.6388,5.6388,5.4812,5.5188,4.0816e+06
COG,1153747800,5.5375,5.9037,5.5375,5.8612,6.0336e+06
COG,1153834200,5.9625,6.2737,5.9288,6.2225,7.6848e+06
COG,1153920600,6.2238,6.5875,6.2238,6.5262,6.5568e+06
COG,1154007000,6.5437,6.5512,6.2288,6.31,6.1448e+06
COG,1154093400,6.3113,6.4538,6.2275,6.4313,4.4576e+06
COG,1154352600,6.48,6.6487,6.4575,6.5938,4.7024e+06
COG,1154439000,6.595,6.7762,6.5375,6.7125,5.7128e+06
COG,1154525400,6.8,6.97,6.7863,6.8513,8.372e+06
COG,1154611800,6.6875,6.8625,6.68,6.8088,4.6616e+06
COG,1154698200,6.8625,6.9412,6.7413,6.7987,4.0944e+06
COG,1154957400,6.8675,6.9375,6.77,6.8938,5.3256e+06
COG,1155043800,6.8938,6.9862,6.8175,6.87,5.9304e+06
COG,1155130200,6.9375,7.0312,6.8362,6.8612,5.7432e+06
COG,1155216600,6.8612,6.8625,6.675,6.8125,4.3192e+06
COG,1155303000,6.825,6.8675,6.7175,6.7838,1.756e+06
COG,1155562200,6.7838,6.7838,6.595,6.6287,3.3152e+06
COG,1155648600,6.7188,6.8438,6.7,6.8175,3.3344e+06
COG,1155735000,6.7875,6.9037,6.6737,6.7175,3.3536e+06
COG,1155821400,6.6912,6.6925,6.4913,6.5475,4.4184e+06
COG,1155907800,6.5912,6.725,6.5312,6.7,2.904e+06
COG,1156167000,6.75,6.8513,6.6937,6.7438,2.7624e+06
COG,1156253400,6.7737,6.8088,6.6975,6.76,1.7984e+06
COG,1156339800,6.7737,6.7812,6.5637,6.6038,1.928e+06
COG,1156426200,6.5825,6.7663,6.5662,6.75,3.5112e+06
COG,1156512600,6.8088,6.985,6.8088,6.8587,3.7712e+06
COG,1156771800,6.8587,6.865,6.715,6.7675,2.8736e+06
COG,1156858200,6.65,6.74,6.61,6.6875,4.152e+06
COG,1156944600,6.6487,6.675,6.3375,6.4125,8.1432e+06
COG,1157031000,6.4125,6.4575,6.3375,6.3825,5.6496e+06
COG,1157117400,6.3825,6.5275,6.3612,6.5225,3.3208e+06
COG,1157463000,6.4913,6.5375,6.4138,6.435,4.1344e+06
COG,1157549400,6.35,6.35,6.205,6.2175,4.6304e+06
COG,1157635800,6.1712,6.2888,6.1312,6.2537,4.58e+06
COG,1157722200,6.2587,6.265,5.985,5.985,4.8872e+06
COG,1157981400,5.9538,5.9538,5.7512,5.7712,5.284e+06
COG,1158067800,5.7712,5.825,5.6163,5.675,5.2448e+06
COG,1158154200,5.7125,5.7925,5.6287,5.74,7.7648e+06
COG,1158240600,5.7587,5.7913,5.56,5.5837,6.4584e+06
COG,1158327000,5.5938,5.6588,5.5388,5.6325,5.1008e+06
COG,1158586200,5.7125,5.9163,5.7125,5.89,7.1712e+06
COG,1158672600,5.9412,5.995,5.74,5.8275,7.3616e+06
COG,1158759000,5.7812,5.835,5.6188,5.6275,3.6056e+06
COG,1158845400,5.7475,5.7838,5.65,5.725,4.9504e+06
COG,1158931800,5.7375,5.7613,5.5425,5.625,6.7568e+06
COG,1159191000,5.5375,5.6737,5.4513,5.62,3.5864e+06
COG,1159277400,5.6213,5.77,5.5912,5.7625,4.3208e+06
COG,1159363800,5.825,5.9437,5.7587,5.875,5.8184e+06
COG,1159450200,5.9375,6.0237,5.8938,5.945,4.816e+06
COG,1159536600,5.945,6.0287,5.8575,5.9913,4.5328e+06
COG,1159795800,6.01,6.01,5.8137,5.8337,3.3376e+06
COG,1159882200,5.7812,5.7812,5.5487,5.5662,3.9368e+06
COG,1159968600,5.5325,5.5487,5.3212,5.5475,7.5768e+06
COG,1160055000,5.6687,5.7688,5.635,5.7125,4.1256e+06
COG,1160141400,5.6925,5.7975,5.6137,5.7663,2.6584e+06
COG,1160400600,5.825,5.925,5.7688,5.7962,3.608e+06
COG,1160487000,5.7688,5.975,5.7688,5.9313,5.3792e+06
COG,1160573400,5.9313,6.0212,5.905,5.95,5.5056e+06
COG,1160659800,5.9688,6.1013,5.95,6.1,3.6336e+06
COG,1160746200,6.1425,6.2425,6.1312,6.2112,3.4896e+06
COG,1161005400,6.2188,6.415,6.2188,6.415,2.8536e+06
COG,1161091800,6.3962,6.3975,6.2175,6.3125,2.8472e+06
COG,1161178200,6.3438,6.4163,6.23,6.2375,5.2736e+06
COG,1161264600,6.2725,6.4225,6.26,6.4212,2.8608e+06
COG,1161351000,6.4212,6.43,6.3063,6.3775,2.2528e+06
COG,1161610200,6.35,6.43,6.305,6.3863,1.5704e+06
COG,1161696600,6.355,6.6575,6.355,6.645,3.9232e+06
COG,1161783000,6.5363,6.7375,6.5363,6.6188,3.5768e+06
COG,1161869400,6.6687,6.6912,6.4575,6.55,4.8784e+06
COG,1161955800,6.535,6.7888,6.535,6.61,4.152e+06
COG,1162218600,6.6112,6.6125,6.4875,6.5125,3.7272e+06
COG,1162305000,6.5125,6.625,6.4062,6.6137,2.5816e+06
COG,1162391400,6.6137,6.6262,6.405,6.4237,3.4976e+06
COG,1162477800,6.3925,6.56,6.3362,6.4763,2.7656e+06
COG,1162564200,6.5487,6.8337,6.5125,6.7587,4.3456e+06
COG,1162823400,6.7587,6.8288,6.6512,6.8212,2.9432e+06
COG,1162909800,6.825,6.825,6.6663,6.7087,1.7512e+06
COG,1162996200,6.6875,6.8888,6.6762,6.835,2.568e+06
COG,1163082600,6.8875,6.9513,6.8212,6.8612,3.384e+06
COG,1163169000,6.815,6.815,6.6925,6.7587,1.9984e+06
COG,1163428200,6.7875,7.0837,6.7875,6.9488,5.6016e+06
COG,1163514600,6.9637,7.0237,6.8538,7.0012,2.3824e+06
COG,1163601000,7,7.2137,6.9475,7.1813,3.4352e+06
COG,1163687400,7.2125,7.3412,7.1188,7.1375,8.5896e+06
COG,1163773800,7.1388,7.4363,7.1225,7.3625,6.3936e+06
COG,1164033000,7.3637,7.5113,7.3187,7.4775,6.7752e+06
COG,1164119400,7.5087,7.5287,7.4375,7.5062,5.9136e+06
COG,1164205800,7.5475,7.5775,7.4187,7.5087,4.6224e+06
COG,1164378600,7.54,7.6163,7.485,7.485,1.8896e+06
COG,1164637800,7.5262,7.575,7.3663,7.3688,4.0896e+06
COG,1164724200,7.3787,7.46,7.3575,7.42,4.464e+06
COG,1164810600,7.4525,7.7413,7.425,7.7162,4.0144e+06
COG,1164897000,7.7312,7.8463,7.6813,7.7663,3.6912e+06
COG,1164983400,7.725,7.8825,7.5912,7.8575,5.1352e+06
COG,1165242600,7.8575,7.8812,7.7025,7.7613,5.2384e+06
COG,1165329000,7.7925,7.865,7.68,7.7812,2.2928e+06
COG,1165415400,7.75,7.7925,7.6875,7.7562,4.9288e+06
COG,1165501800,7.7875,8.1525,7.7875,8.08,6.7968e+06
COG,1165588200,8.1438,8.16,7.8637,8.0087,7.2336e+06
COG,1165847400,7.985,8.1775,7.9738,8.105,4.8744e+06
COG,1165933800,8.0887,8.25,8.0813,8.1225,5.028e+06
COG,1166020200,8.1225,8.2188,8.0675,8.1425,2.4936e+06
COG,1166106600,8.1875,8.2487,8.0975,8.2137,2.6536e+06
COG,1166193000,8.2475,8.315,8.12,8.12,3.1504e+06
COG,1166452200,8.1213,8.125,7.8812,7.89,3.8912e+06
COG,1166538600,7.8663,8.1637,7.7712,8.115,4.8072e+06
COG,1166625000,8.115,8.27,8.0363,8.0363,3.356e+06
COG,1166711400,8.1462,8.1488,7.8162,7.86,6.9232e+06
COG,1166797800,7.835,7.855,7.6875,7.7413,2.7352e+06
COG,1167143400,7.6638,7.7937,7.6,7.6663,3.8416e+06
COG,1167229800,7.6675,7.69,7.6038,7.6687,4.7336e+06
COG,1167316200,7.675,7.7475,7.6175,7.6588,2.0632e+06
COG,1167402600,7.6588,7.6687,7.5237,7.5813,3.1408e+06
COG,1167834600,7.4938,7.495,7.0975,7.1975,6.292e+06
COG,1167921000,7.125,7.2087,7.0363,7.0763,5.852e+06
COG,1168007400,7.0763,7.185,7.025,7.1475,4.3896e+06
COG,1168266600,7.8562,7.8562,7.0875,7.26,4.396e+06
COG,1168353000,7.0813,7.2775,6.97,7.17,5.8104e+06
COG,1168439400,7.1,7.11,6.9662,7.0138,4.784e+06
COG,1168525800,7.0138,7.2925,6.99,7.0212,4.0712e+06
COG,1168612200,7.06,7.375,7.06,7.3587,3.704e+06
COG,1168957800,7.3125,7.37,7.1788,7.2562,4.596e+06
COG,1169044200,7.2125,7.3663,7.2063,7.3362,4.624e+06
COG,1169130600,7.365,7.4563,7.1875,7.26,3.624e+06
COG,1169217000,7.3713,7.5012,7.3275,7.4812,4.2592e+06
COG,1169476200,7.5325,7.605,7.42,7.5262,4.3696e+06
COG,1169562600,7.5487,7.8538,7.5487,7.8337,4.076e+06
COG,1169649000,7.765,7.9275,7.6613,7.905,3.4488e+06
COG,1169735400,7.8738,7.8775,7.6188,7.6638,3.7592e+06
COG,1169821800,7.7063,7.8025,7.6762,7.7925,2.8872e+06
COG,1170081000,7.7925,7.915,7.7375,7.7812,4.0832e+06
COG,1170167400,7.795,8.045,7.7525,7.98,5.3976e+06
COG,1170253800,7.95,8.1812,7.8975,8.1075,6.4768e+06
COG,1170340200,8.1625,8.2463,8.0575,8.1613,6.6872e+06
COG,1170426600,8.1862,8.2413,8.0075,8.1062,4.028e+06
COG,1170685800,8.1625,8.32,8.1425,8.2487,3.5208e+06
COG,1170772200,8.2662,8.3488,8.125,8.17,6.5712e+06
COG,1170858600,8.205,8.2575,7.975,8.0813,4.2616e+06
COG,1170945000,8.0625,8.305,8.0487,8.2487,3.776e+06
COG,1171031400,8.2925,8.3075,8.1775,8.2325,2.0568e+06
COG,1171290600,8.1575,8.1825,7.9475,8.0238,2.9416e+06
COG,1171377000,8.0525,8.285,8.0525,8.2487,3.576e+06
COG,1171463400,8.2575,8.2875,8.1125,8.2,2.9128e+06
COG,1171549800,8.17,8.225,8.0638,8.2125,2.852e+06
COG,1171636200,8.2,8.5,8.2,8.3962,4.568e+06
COG,1171981800,8.375,8.4625,8.315,8.4625,5.6136e+06
COG,1172068200,8.4688,8.7362,8.46,8.7125,6.1888e+06
COG,1172154600,8.7125,8.9012,8.7075,8.8162,5.5648e+06
COG,1172241000,8.86,8.9788,8.7662,8.8212,6.5984e+06
COG,1172500200,8.8625,8.9425,8.6737,8.75,6.1632e+06
COG,1172586600,8.75,8.75,8.3912,8.4788,5.2256e+06
COG,1172673000,8.5312,8.57,8.3512,8.4613,4.8272e+06
COG,1172759400,8.3875,8.6012,8.2338,8.51,4.2656e+06
COG,1172845800,8.51,8.525,8.2775,8.2812,2.8392e+06
COG,1173105000,8.2625,8.3237,8.0913,8.135,4.6944e+06
COG,1173191400,8.305,8.3425,8.1412,8.1663,7.2576e+06
COG,1173277800,8.1562,8.5538,8.0837,8.395,8.5272e+06
COG,1173364200,8.4275,8.47,8.325,8.3663,4.272e+06
COG,1173450600,8.41,8.4587,8.295,8.38,3.2024e+06
COG,1173706200,8.3088,8.4288,8.2712,8.3663,3.0624e+06
COG,1173792600,8.35,8.4963,8.2,8.2113,2.4768e+06
COG,1173879000,8.2487,8.3562,8.1663,8.3363,2.6072e+06
COG,1173965400,8.3775,8.4312,8.305,8.3588,2.536e+06
COG,1174051800,8.3938,8.4525,8.2338,8.3188,3.4032e+06
COG,1174311000,8.4362,8.515,8.3475,8.49,2.5384e+06
COG,1174397400,8.46,8.4738,8.1538,8.46,4.1376e+06
COG,1174483800,8.4788,8.6388,8.4388,8.58,3.508e+06
COG,1174570200,8.6412,8.8075,8.61,8.775,3.5592e+06
COG,1174656600,8.7775,8.8638,8.5662,8.7075,3.7608e+06
COG,1174915800,8.7188,8.7463,8.5425,8.6687,3.7768e+06
COG,1175002200,8.6687,8.6838,8.5487,8.6012,2.5784e+06
COG,1175088600,8.62,8.6475,8.5188,8.6237,2.6464e+06
COG,1175175000,8.625,8.6462,8.4412,8.5625,8.1304e+06
COG,1175261400,8.4812,8.5138,8.2863,8.415,7.6648e+06
COG,1175520600,8.4375,8.75,8.41,8.7175,5.9624e+06
COG,1175607000,8.64,8.6925,8.585,8.6375,4.1548e+06
COG,1175693400,8.64,8.695,8.555,8.6875,2.684e+06
COG,1175779800,8.705,8.7475,8.615,8.6875,2.5704e+06
COG,1176125400,8.65,8.78,8.61,8.665,2.3996e+06
COG,1176211800,8.6375,8.8875,8.6375,8.875,4.7204e+06
COG,1176298200,8.875,8.9375,8.81,8.855,5.6424e+06
COG,1176384600,8.96,8.9975,8.7975,8.9875,4.9636e+06
COG,1176471000,8.96,8.96,8.8225,8.8975,2.7372e+06
COG,1176730200,8.9,8.915,8.7675,8.8525,2.9716e+06
COG,1176816600,8.855,8.93,8.64,8.6775,2.9716e+06
COG,1176903000,8.6775,8.8175,8.53,8.775,5.2544e+06
COG,1176989400,8.75,8.8275,8.595,8.665,5.9648e+06
COG,1177075800,8.685,8.88,8.495,8.87,4.9124e+06
COG,1177335000,8.8325,9.04,8.735,9,4.9508e+06
COG,1177421400,9,9.0925,8.9525,8.98,4.2652e+06
COG,1177507800,9.085,9.2375,9.005,9.175,2.6436e+06
COG,1177594200,9.1425,9.315,9.025,9.1975,5.4628e+06
COG,1177680600,9.145,9.2625,9.065,9.22,3.86e+06
COG,1177939800,9.15,9.3675,9.09,9.105,3.918e+06
COG,1178026200,8.8825,9.31,8.8775,9.235,7.2916e+06
COG,1178112600,9.2725,9.4525,9.2375,9.4025,5.4688e+06
COG,1178199000,9.35,9.4575,9.245,9.3925,4.0344e+06
COG,1178285400,9.45,9.4825,9.34,9.4,4.5024e+06
COG,1178544600,9.4,9.44,9.33,9.3975,2.0412e+06
COG,1178631000,9.345,9.4325,9.2525,9.405,2.5232e+06
COG,1178717400,9.405,9.405,9.11,9.25,3.7268e+06
COG,1178803800,9.2625,9.3375,9.115,9.145,3.2956e+06
COG,1178890200,9.195,9.315,9.16,9.285,1.2548e+06
COG,1179149400,9.28,9.3825,9.235,9.3425,1.8768e+06
COG,1179235800,9.3425,9.545,9.245,9.3125,4.8612e+06
COG,1179322200,9.2825,9.3675,9.1375,9.3675,2.3316e+06
COG,1179408600,9.31,9.5375,9.2275,9.5125,4.032e+06
COG,1179495000,9.5625,9.6525,9.54,9.6075,2.9504e+06
COG,1179754200,9.5875,9.71,9.4825,9.6475,3.6968e+06
COG,1179840600,9.6475,9.8875,9.6175,9.815,5.9972e+06
COG,1179927000,9.7675,9.9825,9.72,9.7275,3.4396e+06
COG,1180013400,9.73,9.9275,9.5,9.56,3.3224e+06
COG,1180099800,9.655,9.76,9.6075,9.7225,1.8092e+06
COG,1180445400,9.725,9.725,9.5375,9.6125,1.5068e+06
COG,1180531800,9.6125,9.7925,9.5575,9.785,2.6132e+06
COG,1180618200,9.81,9.9,9.6925,9.75,1.9e+06
COG,1180704600,9.8125,9.8475,9.6225,9.6375,3.5204e+06
COG,1180963800,9.5925,9.8725,9.5925,9.8725,6.6988e+06
COG,1181050200,9.87,9.9625,9.7825,9.945,2.1884e+06
COG,1181136600,9.945,9.95,9.6725,9.7125,2.7728e+06
COG,1181223000,9.7125,9.8225,9.4575,9.4575,3.5144e+06
COG,1181309400,9.395,9.4375,9.2175,9.4375,3.5088e+06
COG,1181568600,9.4275,9.5425,9.385,9.385,2.32e+06
COG,1181655000,9.3875,9.8525,9.3875,9.7275,6.2296e+06
COG,1181741400,9.75,10.3025,9.75,10.2225,7.9172e+06
COG,1181827800,10.3225,10.5225,10.32,10.4375,3.7792e+06
COG,1181914200,10.4775,10.5425,10.4325,10.46,2.8208e+06
COG,1182173400,10.6,10.625,10.4325,10.47,2.494e+06
COG,1182259800,10.42,10.425,10.2875,10.3275,2.828e+06
COG,1182346200,10.315,10.4725,9.9525,9.9975,3.4116e+06
COG,1182432600,10.06,10.3225,10.0025,10.3225,2.7512e+06
COG,1182519000,10.3375,10.3625,10.0175,10.0375,5.9908e+06
COG,1182778200,9.975,9.985,9.6825,9.735,4.206e+06
COG,1182864600,9.705,9.7575,9.3325,9.36,5.1572e+06
COG,1182951000,9.2575,9.47,9.1275,9.435,5.9132e+06
COG,1183037400,9.4525,9.5675,9.12,9.1625,4.946e+06
COG,1183123800,9.2375,9.3725,9.1575,9.22,3.6268e+06
COG,1183383000,9.2525,9.3525,9.15,9.3175,3.5832e+06
COG,1183469400,9.4,9.4975,9.3275,9.405,1.7536e+06
COG,1183642200,9.475,9.4775,9.295,9.44,2.5352e+06
COG,1183728600,9.4975,9.565,9.33,9.37,2.2816e+06
COG,1183987800,9.43,9.5775,9.41,9.495,2.44e+06
COG,1184074200,9.425,9.5025,9.3225,9.395,2.7224e+06
COG,1184160600,9.385,9.51,9.285,9.5,2.7364e+06
COG,1184247000,9.5625,9.61,9.2775,9.3825,3.2052e+06
COG,1184333400,9.3425,9.54,9.3425,9.4575,2.206e+06
COG,1184592600,9.4025,9.4725,9.205,9.285,2.9504e+06
COG,1184679000,9.3475,9.59,9.2875,9.2975,3.2312e+06
COG,1184765400,9.26,9.4275,9.1525,9.3525,3.3008e+06
COG,1184851800,9.41,9.5975,9.3425,9.5975,2.5912e+06
COG,1184938200,9.61,9.615,9.2725,9.285,2.1372e+06
COG,1185197400,9.3925,9.3925,9.1525,9.1925,2.6536e+06
COG,1185283800,9.065,9.085,8.695,8.74,3.9032e+06
COG,1185370200,8.8175,8.8575,8.485,8.795,3.4548e+06
COG,1185456600,8.3425,8.5975,7.845,8.4825,7.6176e+06
COG,1185543000,8.7475,8.7475,8.2775,8.41,5.57e+06
COG,1185802200,8.4625,8.7,8.41,8.59,4.5764e+06
COG,1185888600,8.75,8.9525,8.55,8.55,3.4196e+06
COG,1185975000,8.625,8.7875,8.3725,8.63,5.1808e+06
COG,1186061400,8.6725,8.8125,8.475,8.635,3.2904e+06
COG,1186147800,8.5675,8.7075,8.2375,8.3,3.8532e+06
COG,1186407000,8.24,8.2625,7.85,8.205,4.0432e+06
COG,1186493400,8.08,8.2525,7.8525,8.195,5.2792e+06
COG,1186579800,8.29,8.33,8.025,8.1875,7.6496e+06
COG,1186666200,8.115,8.4,7.9075,7.9675,6.4908e+06
COG,1186752600,7.875,7.9775,7.4975,7.8975,7.636e+06
COG,1187011800,8.005,8.385,8.005,8.1725,5.3916e+06
COG,1187098200,8.5,8.5725,8.215,8.3225,8.24e+06
COG,1187184600,8.39,8.5875,8.215,8.265,6.1552e+06
COG,1187271000,8.1375,8.205,7.75,8.085,4.7428e+06
COG,1187357400,8.2,8.3125,7.8875,8.245,4.328e+06
COG,1187616600,8.0875,8.25,7.95,8.16,2.1024e+06
COG,1187703000,8.06,8.2425,7.995,8.1225,2.576e+06
COG,1187789400,8.17,8.215,8.02,8.15,2.8668e+06
COG,1187875800,8.2525,8.415,8.22,8.3275,3.8028e+06
COG,1187962200,8.3725,8.425,8.2525,8.4125,1.8004e+06
COG,1188221400,8.305,8.375,8.0975,8.21,1.8184e+06
COG,1188307800,8.1475,8.1825,7.86,7.8875,3.1372e+06
COG,1188394200,7.95,8.1975,7.92,8.1825,1.8912e+06
COG,1188480600,8.1125,8.3075,7.9525,8.01,2.9804e+06
COG,1188567000,8.1575,8.35,8.0725,8.335,2.0012e+06
COG,1188912600,8.2725,8.605,8.235,8.52,2.4544e+06
COG,1188999000,8.405,8.5425,8.405,8.495,2.3052e+06
COG,1189085400,8.5475,8.625,8.4175,8.5175,1.7428e+06
COG,1189171800,8.44,8.44,8.2325,8.2925,1.4204e+06
COG,1189431000,8.255,8.35,8.125,8.315,2.1504e+06
COG,1189517400,8.3775,8.6325,8.3375,8.6125,2.4308e+06
COG,1189603800,8.6225,8.96,8.6125,8.9,3.974e+06
COG,1189690200,8.9,8.9475,8.8,8.89,3.2144e+06
COG,1189776600,8.815,8.935,8.8075,8.9225,1.656e+06
COG,1190035800,8.89,8.9775,8.795,8.8325,2.2212e+06
COG,1190122200,8.7975,8.9975,8.605,8.9875,2.1228e+06
COG,1190208600,9.0475,9.235,8.985,9.11,2.7456e+06
COG,1190295000,9.155,9.415,9.06,9.195,4.298e+06
COG,1190381400,9.2075,9.3425,9.1225,9.135,2.0548e+06
COG,1190640600,9.05,9.1325,8.8275,8.91,2.968e+06
COG,1190727000,8.8525,8.8725,8.67,8.745,3.1612e+06
COG,1190813400,8.8,8.86,8.68,8.75,2.4804e+06
COG,1190899800,8.775,8.8125,8.665,8.735,3.5276e+06
COG,1190986200,8.7525,8.8925,8.7525,8.79,3.2116e+06
COG,1191245400,8.7625,8.975,8.7625,8.97,2.4848e+06
COG,1191331800,8.925,9.0725,8.9225,9.0575,3.0828e+06
COG,1191418200,9.0375,9.065,8.8375,8.895,4.5496e+06
COG,1191504600,8.825,9.0575,8.7075,9.0375,4.2528e+06
COG,1191591000,9.025,9.3525,8.99,9.3075,5.3236e+06
COG,1191850200,9.285,9.345,9.035,9.0775,2.8232e+06
COG,1191936600,9.125,9.26,9.085,9.2575,3.9512e+06
COG,1192023000,9.1625,9.1925,9.0675,9.1475,2.7272e+06
COG,1192109400,9.275,9.5325,9.165,9.245,3.5092e+06
COG,1192195800,9.24,9.3975,9.1825,9.305,2.4612e+06
COG,1192455000,9.425,9.65,9.425,9.5625,2.6272e+06
COG,1192541400,9.515,9.57,9.4175,9.4675,3.3e+06
COG,1192627800,9.61,9.69,9.4375,9.5725,3.2552e+06
COG,1192714200,9.5725,9.84,9.5075,9.79,2.7932e+06
COG,1192800600,9.74,9.74,9.3425,9.375,2.7552e+06
COG,1193059800,9.235,9.3175,9.015,9.175,2.7472e+06
COG,1193146200,9.335,9.3675,9.12,9.185,3.0464e+06
COG,1193232600,9.1125,9.3075,9.0325,9.25,3.8724e+06
COG,1193319000,9.3375,9.3775,9.075,9.2825,3.7864e+06
COG,1193405400,9.3975,9.5325,9.3325,9.445,3.6272e+06
COG,1193664600,9.565,9.8125,9.565,9.645,5.7552e+06
COG,1193751000,9.59,9.635,9.4125,9.5,2.7372e+06
COG,1193837400,9.56,9.9625,9.53,9.9225,4.1144e+06
COG,1193923800,9.8,10.0425,9.745,9.825,2.7652e+06
COG,1194010200,9.875,9.9925,9.77,9.885,2.2736e+06
COG,1194273000,9.785,9.8775,9.69,9.8025,2.2464e+06
COG,1194359400,9.75,9.8975,9.7125,9.785,4.8796e+06
COG,1194445800,9.7875,9.7875,9.45,9.455,3.55e+06
COG,1194532200,9.5225,9.63,9.25,9.48,4.468e+06
COG,1194618600,9.4825,9.4825,9.175,9.21,3.35e+06
COG,1194877800,9.045,9.095,8.6875,8.6875,3.1712e+06
COG,1194964200,8.695,8.885,8.5875,8.8075,5.1312e+06
COG,1195050600,8.87,9,8.785,8.785,2.1964e+06
COG,1195137000,8.75,8.9625,8.6825,8.785,3.1944e+06
COG,1195223400,8.805,8.9325,8.765,8.8175,3.1256e+06
COG,1195482600,8.7,8.7575,8.4875,8.54,3.19e+06
COG,1195569000,8.71,8.9575,8.6575,8.7625,5.1836e+06
COG,1195655400,8.7475,8.7625,8.48,8.5,2.9096e+06
COG,1195828200,8.5875,8.805,8.5275,8.7725,768000
COG,1196087400,8.795,8.9075,8.585,8.6125,2.2108e+06
COG,1196173800,8.595,8.6,8.295,8.415,3.9636e+06
COG,1196260200,8.47,8.55,8.2575,8.46,2.948e+06
COG,1196346600,8.46,8.6775,8.4225,8.5125,2.6548e+06
COG,1196433000,8.605,8.6525,8.5125,8.605,2.5388e+06
COG,1196692200,8.5225,8.6425,8.5,8.5325,1.8772e+06
COG,1196778600,8.465,8.575,8.3675,8.3975,2.6772e+06
COG,1196865000,8.5,8.7025,8.5,8.7,2.9368e+06
COG,1196951400,8.6575,9.1625,8.615,9.1225,4.686e+06
COG,1197037800,9.1025,9.3075,9.05,9.2,5.232e+06
COG,1197297000,9.2,9.5525,9.2,9.47,6.8896e+06
COG,1197383400,9.5225,9.55,9.12,9.1575,3.2136e+06
COG,1197469800,9.37,9.4725,9.265,9.38,3.518e+06
COG,1197556200,9.3325,9.41,9.16,9.23,5.5264e+06
COG,1197642600,9.275,9.3375,9.125,9.315,6.7684e+06
COG,1197901800,9.3125,9.42,9.225,9.255,4.2552e+06
COG,1197988200,9.3075,9.555,9.2975,9.49,4.8632e+06
COG,1198074600,9.5,9.68,9.5,9.64,3.624e+06
COG,1198161000,9.65,9.7825,9.5975,9.7525,4.5524e+06
COG,1198247400,9.86,9.925,9.7925,9.8625,3.7872e+06
COG,1198506600,9.81,9.965,9.8075,9.925,1.1772e+06
COG,1198679400,9.975,10.1675,9.87,10.1275,2.2492e+06
COG,1198765800,10.085,10.135,9.96,9.9825,2.1608e+06
COG,1198852200,10.0425,10.2875,9.9975,10.225,2.4224e+06
COG,1199111400,10.17,10.205,10.0675,10.0925,2.2664e+06
COG,1199284200,10.07,10.4325,10.07,10.3675,3.0064e+06
COG,1199370600,10.29,10.555,10.29,10.5275,3.5768e+06
COG,1199457000,10.48,10.48,10.255,10.35,4.3072e+06
COG,1199716200,10.1625,10.4925,10.1425,10.3175,4.1832e+06
COG,1199802600,10.3975,10.445,10.095,10.1375,4.738e+06
COG,1199889000,10.175,10.475,10.0325,10.4375,3.7968e+06
COG,1199975400,10.345,10.59,10.225,10.515,4.8824e+06
COG,1200061800,10.525,10.625,10.36,10.485,4.2252e+06
COG,1200321000,10.6125,10.9475,10.595,10.895,4.6336e+06
COG,1200407400,10.745,10.845,10.5575,10.5625,5.3956e+06
COG,1200493800,10.455,10.49,9.9475,10.1775,4.8744e+06
COG,1200580200,10.2125,10.4225,9.62,9.6325,4.8392e+06
COG,1200666600,9.6825,9.875,9.425,9.78,4.2376e+06
COG,1201012200,9.34,9.655,9.1375,9.51,5.8848e+06
COG,1201098600,9.3525,9.4775,8.725,9.465,8.4932e+06
COG,1201185000,9.435,9.8075,9.435,9.7125,4.2804e+06
COG,1201271400,9.7825,9.9025,9.365,9.4375,3.9324e+06
COG,1201530600,9.5,9.74,9.3725,9.7025,4.1252e+06
COG,1201617000,9.7725,9.865,9.4925,9.615,3.6224e+06
COG,1201703400,9.6175,9.7675,9.52,9.5775,5.2816e+06
COG,1201789800,9.45,9.68,9.3325,9.67,5.1056e+06
COG,1201876200,9.65,9.8525,9.6,9.8,2.7148e+06
COG,1202135400,9.75,10.0375,9.6425,9.975,3.0192e+06
COG,1202221800,9.7375,9.8475,9.5675,9.585,3.3844e+06
COG,1202308200,9.655,9.77,9.395,9.4175,3.2856e+06
COG,1202394600,9.3925,9.6325,9.2675,9.5825,3.598e+06
COG,1202481000,9.7125,10.285,9.7125,10.255,9.7064e+06
COG,1202740200,10.31,10.7125,10.2575,10.6525,5.0128e+06
COG,1202826600,10.6775,10.915,10.5375,10.735,5.0116e+06
COG,1202913000,10.7075,11.0475,10.695,10.875,4.6224e+06
COG,1202999400,11.065,11.7075,11.065,11.5125,1.3106e+07
COG,1203085800,11.57,11.7,11.32,11.5325,1.04608e+07
COG,1203431400,11.68,12.2,11.68,11.965,6.4208e+06
COG,1203517800,11.87,12.45,11.79,12.3425,6.512e+06
COG,1203604200,12.43,12.43,12.05,12.14,5.444e+06
COG,1203690600,12.175,12.3325,11.9175,12.2125,3.6772e+06
COG,1203949800,12.2375,12.8425,12.2375,12.6375,8.8876e+06
COG,1204036200,12.6925,13.0425,12.53,12.8375,9.606e+06
COG,1204122600,12.7225,12.8375,12.2825,12.365,8.7816e+06
COG,1204209000,12.4825,12.875,12.44,12.7875,8.378e+06
COG,1204295400,12.81,12.81,12.2775,12.4375,4.7208e+06
COG,1204554600,12.51,12.9125,12.335,12.625,4.5824e+06
COG,1204641000,12.635,12.875,12.125,12.52,4.8864e+06
COG,1204727400,12.6475,12.8525,12.565,12.7525,4.638e+06
COG,1204813800,12.625,12.885,12.445,12.585,5.5124e+06
COG,1204900200,12.5375,12.5775,12.17,12.3575,5.1052e+06
COG,1205155800,12.2625,12.3775,11.96,12.115,4.0112e+06
COG,1205242200,12.3525,12.45,11.98,12.2375,6.8848e+06
COG,1205328600,12.11,12.3575,12,12.0725,3.7e+06
COG,1205415000,11.9675,12.8375,11.8775,12.7275,6.8924e+06
COG,1205501400,13.1425,13.9675,12.645,13.3525,1.0674e+07
COG,1205760600,13.06,13.12,12.1975,12.245,8.8664e+06
COG,1205847000,12.48,12.765,12.31,12.7575,4.362e+06
COG,1205933400,12.78,12.78,11.665,11.6925,6.3104e+06
COG,1206019800,11.4975,11.51,10.74,11.41,9.2616e+06
COG,1206365400,11.525,11.9975,11.4325,11.8475,4.6128e+06
COG,1206451800,11.895,12.465,11.895,12.295,8.0124e+06
COG,1206538200,12.32,12.905,12.32,12.8275,5.6344e+06
COG,1206624600,12.8625,13.0925,12.7175,12.7175,4.7468e+06
COG,1206711000,12.825,12.8825,12.5875,12.6625,2.292e+06
COG,1206970200,12.775,12.875,12.395,12.71,4.068e+06
COG,1207056600,12.865,13.0575,12.4725,12.87,6.1744e+06
COG,1207143000,13.0025,13.5725,12.925,13.41,4.7732e+06
COG,1207229400,13.125,13.645,13.1,13.4,3.566e+06
COG,1207315800,13.5475,13.8775,13.5475,13.71,3.9156e+06
COG,1207575000,13.8725,14.245,13.7275,13.92,4.4772e+06
COG,1207661400,13.8525,14.3875,13.8525,14.245,4.5108e+06
COG,1207747800,14.485,14.75,14.345,14.51,6.2368e+06
COG,1207834200,14.6025,14.7275,14.105,14.355,4.692e+06
COG,1207920600,14.4275,14.5175,14.08,14.4025,3.1176e+06
COG,1208179800,14.51,14.75,14.325,14.48,2.6512e+06
COG,1208266200,14.72,14.9675,14.39,14.8525,4.3124e+06
COG,1208352600,15,15.3675,14.855,15.3375,4.4188e+06
COG,1208439000,15.485,15.62,14.8475,15.06,3.8488e+06
COG,1208525400,15.175,15.37,14.8125,15.315,3.4804e+06
COG,1208784600,15.315,15.4675,14.975,15.3275,3.6004e+06
COG,1208871000,15.385,15.5375,14.775,14.84,5.9432e+06
COG,1208957400,14.7625,14.8,14.165,14.3875,8.4132e+06
COG,1209043800,14.2725,14.3025,13.855,14.0575,5.706e+06
COG,1209130200,14.2875,14.615,14.1625,14.51,3.9148e+06
COG,1209389400,14.44,14.815,14.17,14.26,3.564e+06
COG,1209475800,14.1625,14.23,13.9375,14,4.1932e+06
COG,1209562200,14.16,14.4825,13.85,14.2425,4.248e+06
COG,1209648600,14.1625,14.3,13.5575,13.815,8.222e+06
COG,1209735000,13.85,14.4625,13.82,14.455,4.5072e+06
COG,1209994200,14.4125,14.815,14.305,14.62,3.9832e+06
COG,1210080600,14.6225,15.1425,14.6225,15.0725,3.966e+06
COG,1210167000,15.3625,15.545,15.19,15.2675,4.8808e+06
COG,1210253400,15.3775,15.7175,15.2425,15.58,5.0872e+06
COG,1210339800,15.6175,15.69,14.97,15.3275,4.588e+06
COG,1210599000,15.115,15.26,14.825,15.1375,2.8796e+06
COG,1210685400,15.1425,15.5925,14.9175,15.5925,4.1856e+06
COG,1210771800,15.505,16.0025,15.505,15.5875,5.9724e+06
COG,1210858200,15.6925,15.765,15.04,15.4975,3.7472e+06
COG,1210944600,15.73,15.9575,15.4625,15.6925,2.75e+06
COG,1211203800,15.7725,15.86,15.4075,15.49,3.5076e+06
COG,1211290200,15.4875,16.0325,15.4875,15.885,3.1544e+06
COG,1211376600,15.8375,16.0325,15.355,15.3925,4.5044e+06
COG,1211463000,15.4675,15.555,14.9625,15.285,5.2724e+06
COG,1211549400,15.3625,15.78,14.85,15.04,5.2732e+06
COG,1211895000,15.0025,15.3325,14.695,14.81,5.6648e+06
COG,1211981400,14.8025,14.98,14.5925,14.81,7.5312e+06
COG,1212067800,14.7175,14.9425,14.3875,14.495,8.1036e+06
COG,1212154200,14.83,15.355,14.83,15.0625,2.167e+07
COG,1212413400,14.9875,15.38,14.85,15.1575,7.5828e+06
COG,1212499800,15.21,15.6375,15.06,15.3375,8.2024e+06
COG,1212586200,15.34,15.435,14.7325,14.7675,4.8332e+06
COG,1212672600,15.2475,16.6675,15.2475,16.6425,1.26832e+07
COG,1212759000,17.0675,18,17.0075,17.0075,1.31308e+07
COG,1213018200,17.1575,17.9725,17.15,17.745,7.0284e+06
COG,1213104600,17.935,18,16.5125,16.8275,8.2256e+06
COG,1213191000,17.03,17.48,16.7375,17.25,6.3272e+06
COG,1213277400,16.825,16.8825,16.285,16.4425,6.206e+06
COG,1213363800,16.6875,16.9,16.2975,16.605,9.512e+06
COG,1213623000,17.125,17.3425,16.8075,17.3025,7.9116e+06
COG,1213709400,17.1675,17.81,17.1675,17.7775,5.5104e+06
COG,1213795800,17.515,17.7525,16.8325,17.06,1.0178e+07
COG,1213882200,17.335,17.3675,16.3875,16.775,6.9016e+06
COG,1213968600,17.0275,17.105,16.245,16.35,4.0094e+07
COG,1214227800,16.3025,17.0325,16.3025,16.89,1.317e+07
COG,1214314200,16.9625,17.0025,16.2,16.2575,1.06784e+07
COG,1214400600,16.495,16.495,15.5025,16.025,1.13492e+07
COG,1214487000,16.2375,16.4025,15.675,16.1575,9.8996e+06
COG,1214573400,16.08,16.53,15.93,16.2975,8.78e+06
COG,1214832600,16.855,17.21,16.61,16.9325,7.5456e+06
COG,1214919000,16.8375,17.25,16.5175,17.145,7.214e+06
COG,1215005400,17.45,18.23,16.4825,16.5525,1.23408e+07
COG,1215091800,16.4325,16.515,15.515,15.855,8.4804e+06
COG,1215437400,15.8325,16.0325,15.05,15.38,8.6716e+06
COG,1215523800,15.1125,15.25,13.8025,15.025,1.54532e+07
COG,1215610200,15.0725,15.4575,14.28,14.3825,1.04052e+07
COG,1215696600,14.4025,15.235,14.375,15.235,7.562e+06
COG,1215783000,15.4575,15.6875,14.7625,15.0475,5.8328e+06
