FCX,973521000,3.7812,3.9062,3.6875,3.7188,791800
FCX,973607400,3.7812,3.8125,3.6875,3.7188,631200
FCX,973693800,3.75,3.8438,3.7188,3.8125,752800
FCX,973780200,3.8125,3.875,3.7188,3.75,528600
FCX,973866600,3.75,3.8125,3.625,3.6562,678600
FCX,974125800,3.625,3.625,3.5,3.5625,741800
FCX,974212200,3.5312,3.625,3.4375,3.5312,1.2038e+06
FCX,974298600,3.5,3.5938,3.5,3.5625,575600
FCX,974385000,3.5625,3.5625,3.4375,3.4688,1.3788e+06
FCX,974471400,3.5,3.5,3.375,3.375,1.7296e+06
FCX,974730600,3.375,3.5312,3.375,3.5312,710800
FCX,974817000,3.5312,3.75,3.5,3.5312,1.2214e+06
FCX,974903400,3.5625,3.6875,3.5312,3.625,804800
FCX,975076200,3.5938,3.7188,3.5938,3.6875,524800
FCX,975335400,3.75,3.875,3.7188,3.8125,916000
FCX,975421800,3.8438,3.9375,3.7812,3.875,745600
FCX,975508200,3.9062,4.0625,3.875,3.9062,604000
FCX,975594600,3.9062,4.0625,3.9062,4.0312,1.1292e+06
FCX,975681000,4.0625,4.25,4.0312,4.1875,947600
FCX,975940200,4.1562,4.5625,4.125,4.5,1.6714e+06
FCX,976026600,4.5625,4.5625,4.3438,4.375,1.7692e+06
FCX,976113000,4.375,4.4062,4.2812,4.4062,719200
FCX,976199400,4.4062,4.5,4.375,4.4375,697200
FCX,976285800,4.4062,4.4375,4.3125,4.4062,657400
FCX,976545000,4.4375,4.4375,4.0938,4.1562,1.0104e+06
FCX,976631400,4.1562,4.1562,4.0938,4.125,625600
FCX,976717800,4.125,4.125,3.8438,3.9375,734200
FCX,976804200,3.9375,4.0938,3.9375,4.0625,609600
FCX,976890600,4.0625,4.1562,4,4,2.4254e+06
FCX,977149800,4,4.2188,4,4.125,1.0744e+06
FCX,977236200,4.1562,4.1562,4,4.0625,1.0458e+06
FCX,977322600,4.0625,4.2188,4.0625,4.1562,1.217e+06
FCX,977409000,4.1875,4.4375,4.125,4.4062,1.2562e+06
FCX,977495400,4.4375,4.4688,4.3438,4.4375,715800
FCX,977841000,4.4062,4.5,4.375,4.4688,603000
FCX,977927400,4.4062,4.4062,4.1562,4.375,1.5964e+06
FCX,978013800,4.3438,4.5625,4.3438,4.5625,2.0584e+06
FCX,978100200,4.5,4.5312,4.25,4.2812,813200
FCX,978445800,4.2812,4.5,4.1562,4.1562,775600
FCX,978532200,4.1875,4.4062,4.1562,4.4062,808600
FCX,978618600,4.4062,4.4375,4.1562,4.1562,1.1512e+06
FCX,978705000,4.1562,4.3438,4.1562,4.1562,836200
FCX,978964200,4.2188,4.3438,4.2188,4.3438,568200
FCX,979050600,4.3438,4.375,4.2812,4.3125,1.2694e+06
FCX,979137000,4.3125,4.4375,4.2812,4.375,1.7798e+06
FCX,979223400,4.375,4.4062,4.2188,4.4062,773800
FCX,979309800,4.4062,4.5,4.2812,4.4688,496400
FCX,979655400,4.4688,4.5312,4.4062,4.5,1.3622e+06
FCX,979741800,4.5312,4.5625,4.4375,4.5312,705000
FCX,979828200,4.5625,5.375,4.5625,5.3125,7.9648e+06
FCX,979914600,5.4688,5.5,5.2812,5.4375,3.307e+06
FCX,980173800,5.4062,5.9375,5.4062,5.9375,5.2678e+06
FCX,980260200,5.875,5.9375,5.6875,5.9375,2.1684e+06
FCX,980346600,5.8125,5.8438,5.6562,5.7812,1.3892e+06
FCX,980433000,5.7188,6.0625,5.7188,5.75,1.9228e+06
FCX,980519400,5.6562,5.6875,5.4688,5.5625,1.9046e+06
FCX,980778600,5.56,5.665,5.555,5.61,749400
FCX,980865000,5.61,5.735,5.575,5.72,1.0654e+06
FCX,980951400,5.74,5.94,5.73,5.85,1.1206e+06
FCX,981037800,5.855,6.27,5.85,6.27,1.7208e+06
FCX,981124200,6.225,6.47,6.115,6.39,1.479e+06
FCX,981383400,6.35,6.44,6.25,6.415,1.6888e+06
FCX,981469800,6.375,6.375,6.225,6.325,740200
FCX,981556200,6.26,6.45,6.21,6.405,1.107e+06
FCX,981642600,6.405,6.475,6.29,6.41,987000
FCX,981729000,6.4,6.465,6.38,6.445,482400
FCX,981988200,6.465,6.47,6.35,6.365,709600
FCX,982074600,6.375,6.535,6.285,6.285,1.2824e+06
FCX,982161000,6.31,6.365,6.095,6.17,1.0798e+06
FCX,982247400,6.125,6.34,6.115,6.305,1.38e+06
FCX,982333800,6.35,6.42,6.23,6.23,1.1488e+06
FCX,982679400,6.235,6.265,6.005,6.005,1.169e+06
FCX,982765800,6.025,6.25,6.025,6.145,1.8078e+06
FCX,982852200,6.16,6.81,6.16,6.68,2.648e+06
FCX,982938600,6.675,6.87,6.52,6.575,2.6156e+06
FCX,983197800,6.6,7.1,6.58,7.045,2.2906e+06
FCX,983284200,6.975,7.125,6.9,7,2.134e+06
FCX,983370600,6.975,7.025,6.83,7.025,1.8498e+06
FCX,983457000,7.1,7.1,6.885,7.02,1.5326e+06
FCX,983543400,6.975,7.045,6.94,7.02,1.3446e+06
FCX,983802600,6.995,7.275,6.5,7.275,1.2252e+06
FCX,983889000,7.24,7.24,7.025,7.135,1.1546e+06
FCX,983975400,7.15,7.2,7.025,7.125,1.2356e+06
FCX,984061800,7.125,7.275,7.125,7.225,1.8402e+06
FCX,984148200,7.25,7.345,7.175,7.175,2.2496e+06
FCX,984407400,7.18,7.24,6.81,6.84,1.784e+06
FCX,984493800,6.8,6.8,6.4,6.58,1.56e+06
FCX,984580200,6.54,6.54,6.325,6.405,975800
FCX,984666600,6.405,6.405,6.15,6.375,1.0656e+06
FCX,984753000,6.36,6.36,6.065,6.225,2.4676e+06
FCX,985012200,6.215,6.375,6.215,6.325,934200
FCX,985098600,6.325,6.445,6.3,6.33,864800
FCX,985185000,6.475,6.475,6.255,6.33,1.5108e+06
FCX,985271400,6.375,6.375,5.985,6.205,1.2022e+06
FCX,985357800,6.225,6.285,6.15,6.265,951800
FCX,985617000,6.26,6.31,6.21,6.305,891200
FCX,985703400,6.3,6.57,6.25,6.505,867600
FCX,985789800,6.475,6.48,6.1,6.215,576800
FCX,985876200,6.2,6.5,6.2,6.38,1.173e+06
FCX,985962600,6.425,6.525,6.42,6.525,1.526e+06
FCX,986218200,6.525,6.53,6.3,6.35,1.0522e+06
FCX,986304600,6.345,6.35,6.12,6.245,1.298e+06
FCX,986391000,6.24,6.825,6.24,6.745,2.3868e+06
FCX,986477400,6.745,6.905,6.715,6.795,956800
FCX,986563800,6.775,6.89,6.55,6.56,805600
FCX,986823000,6.66,6.915,6.66,6.8,689000
FCX,986909400,6.8,6.925,6.8,6.85,1.008e+06
FCX,986995800,6.8,6.89,6.705,6.89,1.1622e+06
FCX,987082200,6.89,6.975,6.8,6.975,604000
FCX,987427800,7.1,7.15,7.035,7.09,1.6286e+06
FCX,987514200,7.085,7.115,6.97,7.115,621200
FCX,987600600,7.115,7.115,6.955,7,4.0518e+06
FCX,987687000,7,7,6.945,6.95,2.4974e+06
FCX,987773400,6.9,6.95,6.9,6.945,1.0906e+06
FCX,988032600,6.95,7.02,6.915,6.95,958600
FCX,988119000,6.925,7,6.89,7,919600
FCX,988205400,7,7.05,6.975,6.99,1.7414e+06
FCX,988291800,7,7.175,6.975,7.165,1.5906e+06
FCX,988378200,7.2,7.2,7.045,7.125,982000
FCX,988637400,7.175,7.175,7.025,7.08,785200
FCX,988723800,7.175,7.22,7.1,7.22,957200
FCX,988810200,7.22,7.25,7.17,7.2,1.1602e+06
FCX,988896600,7.15,7.15,6.95,7,1.5062e+06
FCX,988983000,6.975,7,6.94,7,533400
FCX,989242200,7.025,7.05,6.925,6.95,1.3282e+06
FCX,989328600,6.945,7,6.93,6.985,1.3624e+06
FCX,989415000,6.975,7.135,6.95,7.065,2.8384e+06
FCX,989501400,7.125,7.25,7.12,7.25,3.5956e+06
FCX,989587800,7.29,7.295,7.125,7.19,1.4568e+06
FCX,989847000,7.2,7.275,7.09,7.25,868200
FCX,989933400,7.25,7.275,7.2,7.25,1.9624e+06
FCX,990019800,7.225,7.71,7.225,7.705,3.0272e+06
FCX,990106200,7.76,7.9,7.655,7.825,1.4406e+06
FCX,990192600,7.82,8.3,7.82,8.1,2.3124e+06
FCX,990451800,8.575,8.575,8.29,8.49,2.7084e+06
FCX,990538200,8.35,8.35,8.1,8.23,2.7842e+06
FCX,990624600,8.24,8.24,7.9,7.99,1.5814e+06
FCX,990711000,8.05,8.25,7.915,8.03,2.0972e+06
FCX,990797400,8.015,8.17,7.925,8.085,1.1182e+06
FCX,991143000,8.05,8.05,7.925,7.99,1.203e+06
FCX,991229400,8,8,7.665,7.84,1.8266e+06
FCX,991315800,7.84,8.05,7.83,7.835,1.2142e+06
FCX,991402200,7.825,8.015,7.755,7.99,784400
FCX,991661400,8.04,8.15,7.98,8.145,696600
FCX,991747800,8.15,8.2,7.95,8.195,807000
FCX,991834200,8.175,8.175,7.795,7.815,705800
FCX,991920600,7.82,7.85,7.595,7.695,830400
FCX,992007000,7.65,8.05,7.575,7.975,722400
FCX,992266200,7.9,7.9,7.65,7.655,1.0038e+06
FCX,992352600,7.66,7.8,7.565,7.585,1.6356e+06
FCX,992439000,7.585,7.585,7.285,7.49,1.7072e+06
FCX,992525400,7.46,7.495,7.325,7.34,1.4746e+06
FCX,992611800,7.3,7.5,7.125,7.5,2.5468e+06
FCX,992871000,7.475,7.545,7.425,7.485,916000
FCX,992957400,7.5,7.585,7.295,7.33,642200
FCX,993043800,7.3,7.305,6.95,7,1.0244e+06
FCX,993130200,7.025,7.065,6.745,6.85,1.4412e+06
FCX,993216600,6.84,6.92,6.55,6.555,1.106e+06
FCX,993475800,6.75,6.8,6.45,6.465,1.2004e+06
FCX,993562200,6.465,6.5,6.255,6.39,1.6168e+06
FCX,993648600,6.44,6.45,6.2,6.23,1.1868e+06
FCX,993735000,5.8,6.225,5.8,6.095,1.4364e+06
FCX,993821400,6.045,6.2,5.525,5.525,5.0434e+06
FCX,994080600,5.55,5.67,5.3,5.36,2.9676e+06
FCX,994167000,5.26,5.45,5.26,5.36,1.2932e+06
FCX,994339800,5.175,5.3,5.12,5.21,1.3888e+06
FCX,994426200,5.2,5.3,5.115,5.2,1.0216e+06
FCX,994685400,5.21,5.455,5.13,5.36,2.6918e+06
FCX,994771800,5.465,5.77,5.425,5.77,3.5362e+06
FCX,994858200,5.78,5.955,5.78,5.945,2.2516e+06
FCX,994944600,5.895,5.99,5.785,5.95,1.727e+06
FCX,995031000,5.95,6.025,5.9,5.945,1.0942e+06
FCX,995290200,5.975,5.99,5.8,5.84,876800
FCX,995376600,5.84,6.125,5.835,6.125,1.9102e+06
FCX,995463000,6.15,6.36,6.15,6.29,1.396e+06
FCX,995549400,6.29,6.49,6.265,6.375,1.3424e+06
FCX,995635800,6.425,6.44,6.26,6.325,1.034e+06
FCX,995895000,6.29,6.3,6.005,6.01,945400
FCX,995981400,6.05,6.135,5.93,5.95,691400
FCX,996067800,5.95,6,5.815,5.905,977600
FCX,996154200,5.925,5.93,5.82,5.85,800400
FCX,996240600,5.85,6.06,5.83,6.05,1.5898e+06
FCX,996499800,5.95,5.95,5.135,5.25,6.1466e+06
FCX,996586200,5.375,5.515,5.28,5.38,1.3884e+07
FCX,996672600,5.6,5.685,5.48,5.5,1.24172e+07
FCX,996759000,5.495,5.5,5.405,5.445,1.49694e+07
FCX,996845400,5.475,5.475,5.34,5.46,5.2318e+06
FCX,997104600,5.5,5.5,5.45,5.485,3.1816e+06
FCX,997191000,5.495,5.5,5.45,5.49,3.6104e+06
FCX,997277400,5.485,5.495,5.46,5.485,4.1722e+06
FCX,997363800,5.49,5.625,5.49,5.545,4.1328e+06
FCX,997450200,5.56,5.59,5.395,5.455,2.1428e+06
FCX,997709400,5.475,5.52,5.375,5.51,1.8554e+06
FCX,997795800,5.54,5.57,5.48,5.565,1.4114e+06
FCX,997882200,5.56,5.65,5.41,5.595,2.2396e+06
FCX,997968600,5.615,5.645,5.575,5.64,1.5082e+06
FCX,998055000,5.665,6.065,5.66,5.895,6.0286e+06
FCX,998314200,5.975,5.975,5.755,5.93,2.3966e+06
FCX,998400600,5.95,6.035,5.91,6.01,1.6288e+06
FCX,998487000,6.035,6.115,5.855,5.89,2.685e+06
FCX,998573400,5.925,6.05,5.9,6.035,1.6858e+06
FCX,998659800,5.99,6.29,5.975,6.26,1.8418e+06
FCX,998919000,6.26,6.29,6.135,6.17,1.6864e+06
FCX,999005400,6.17,6.295,6.025,6.2,1.5652e+06
FCX,999091800,6.25,6.32,6.15,6.195,1.864e+06
FCX,999178200,6.15,6.195,5.95,6.115,1.3056e+06
FCX,999264600,6.125,6.225,6.105,6.19,849600
FCX,999610200,6.2,6.25,6.025,6.025,2.442e+06
FCX,999696600,6.025,6.175,5.955,6.125,1.4902e+06
FCX,999783000,6.1,6.145,6.01,6.01,1.5318e+06
FCX,999869400,6.05,6.12,6,6.04,1.4258e+06
FCX,1000128600,6.015,6.025,5.9,5.985,1.0352e+06
FCX,1000733400,5.975,5.975,5.655,5.655,1.6908e+06
FCX,1000819800,5.7,5.825,5.675,5.75,2.5046e+06
FCX,1000906200,5.8,5.98,5.75,5.815,3.495e+06
FCX,1000992600,5.815,5.925,5.765,5.91,2.1368e+06
FCX,1001079000,5.915,5.995,5.875,5.98,4.6096e+06
FCX,1001338200,6,6.1,5.575,5.735,2.8386e+06
FCX,1001424600,5.64,5.65,5.2,5.35,3.5322e+06
FCX,1001511000,5.4,5.45,5.2,5.37,2.301e+06
FCX,1001597400,5.36,5.465,5.23,5.275,1.0008e+06
FCX,1001683800,5.425,5.55,5.37,5.495,1.2082e+06
FCX,1001943000,5.425,5.43,5.24,5.265,1.6856e+06
FCX,1002029400,5.35,5.375,5.225,5.31,1.347e+06
FCX,1002115800,5.075,5.31,5.075,5.31,1.301e+06
FCX,1002202200,5.3,5.31,5.125,5.14,1.5588e+06
FCX,1002288600,5.05,5.29,5.05,5.225,1.338e+06
FCX,1002547800,5.175,5.22,4.875,4.94,2.48e+06
FCX,1002634200,4.95,4.95,4.83,4.84,1.6296e+06
FCX,1002720600,4.885,4.985,4.8,4.965,1.3452e+06
FCX,1002807000,4.95,4.95,4.7,4.75,2.0516e+06
FCX,1002893400,4.755,5,4.755,4.995,2.1876e+06
FCX,1003152600,4.995,5.075,4.995,5.015,1.0778e+06
FCX,1003239000,5.005,5.4,5.005,5.39,1.7384e+06
FCX,1003325400,5.39,5.4,5.12,5.14,2.2696e+06
FCX,1003411800,5.15,5.165,5.02,5.08,900000
FCX,1003498200,5.085,5.14,4.85,5,1.7798e+06
FCX,1003757400,5,5.05,4.955,5.005,1.5786e+06
FCX,1003843800,5.005,5.35,5,5.25,2.6762e+06
FCX,1003930200,5.3,5.375,5.215,5.375,1.3126e+06
FCX,1004016600,5.35,5.505,5.255,5.425,1.3146e+06
FCX,1004103000,5.36,5.43,5.275,5.3,698200
FCX,1004365800,5.31,5.31,4.75,5.07,1.1624e+06
FCX,1004452200,5.075,5.125,5.025,5.11,1.7754e+06
FCX,1004538600,5.12,5.55,5.105,5.55,1.8666e+06
FCX,1004625000,5.465,5.75,5.275,5.57,2.0178e+06
FCX,1004711400,5.505,5.58,5.405,5.545,908400
FCX,1004970600,5.545,5.585,5.505,5.54,849600
FCX,1005057000,5.5,5.7,5.5,5.595,959200
FCX,1005143400,5.595,5.655,5.59,5.645,1.1766e+06
FCX,1005229800,5.675,5.875,5.675,5.765,1.8264e+06
FCX,1005316200,5.8,6.02,5.8,6.01,3.6208e+06
FCX,1005575400,6,6.05,5.88,5.885,2.2034e+06
FCX,1005661800,5.925,5.96,5.635,5.65,1.7882e+06
FCX,1005748200,6.5,6.5,6.035,6.06,3.3726e+06
FCX,1005834600,6.125,6.15,5.835,5.955,1.374e+06
FCX,1005921000,5.91,5.975,5.7,5.78,1.8076e+06
FCX,1006180200,5.78,5.955,5.775,5.895,1.104e+06
FCX,1006266600,5.875,5.95,5.8,5.815,1.0836e+06
FCX,1006353000,5.815,5.915,5.72,5.905,717200
FCX,1006525800,5.855,5.86,5.74,5.81,136800
FCX,1006785000,5.9,6.075,5.86,5.905,1.2024e+06
FCX,1006871400,6.025,6.25,6.025,6.17,4.2374e+06
FCX,1006957800,6.17,6.565,6.17,6.36,3.0636e+06
FCX,1007044200,6.35,6.37,6.19,6.28,1.5578e+06
FCX,1007130600,6.28,6.72,6.275,6.675,3.1608e+06
FCX,1007389800,6.55,6.73,6.525,6.66,2.58e+06
FCX,1007476200,6.655,6.905,6.535,6.895,2.9334e+06
FCX,1007562600,6.975,7.12,6.85,7.025,2.7166e+06
FCX,1007649000,7,7.02,6.775,6.965,2.3864e+06
FCX,1007735400,6.99,7.09,6.875,6.9,1.3198e+06
FCX,1007994600,6.75,6.825,6.5,6.55,2.3752e+06
FCX,1008081000,6.54,6.77,6.475,6.495,1.4684e+06
FCX,1008167400,6.525,6.67,6.47,6.495,1.3522e+06
FCX,1008253800,6.5,6.5,6.175,6.24,1.5518e+06
FCX,1008340200,6.315,6.5,6.315,6.38,1.2674e+06
FCX,1008599400,6.45,6.495,6.025,6.11,1.5074e+06
FCX,1008685800,6.15,6.675,6.125,6.555,1.5738e+06
FCX,1008772200,6.44,6.65,6.25,6.285,2.465e+06
FCX,1008858600,6.4,6.625,6.4,6.575,2.315e+06
FCX,1008945000,6.55,6.57,6.225,6.25,2.4168e+06
FCX,1009204200,6.2,6.415,6.2,6.355,425400
FCX,1009377000,6.4,6.515,6.35,6.475,628000
FCX,1009463400,6.475,6.55,6.435,6.5,1.4232e+06
FCX,1009549800,6.5,6.55,6.44,6.48,737000
FCX,1009809000,6.475,6.85,6.45,6.695,1.2704e+06
FCX,1009981800,6.625,6.675,6.55,6.64,980800
FCX,1010068200,6.675,6.685,6.53,6.59,1.362e+06
FCX,1010154600,6.6,6.76,6.555,6.625,1.3576e+06
FCX,1010413800,6.625,6.94,6.625,6.875,1.7302e+06
FCX,1010500200,6.875,6.9,6.66,6.675,1.1814e+06
FCX,1010586600,6.79,7.025,6.79,6.925,2.355e+06
FCX,1010673000,7.04,7.05,6.775,6.8,1.553e+06
FCX,1010759400,6.805,6.975,6.765,6.845,830000
FCX,1011018600,6.875,6.935,6.7,6.77,1.676e+06
FCX,1011105000,6.765,6.92,6.75,6.87,2.048e+06
FCX,1011191400,6.87,7.005,6.725,6.725,2.8278e+06
FCX,1011277800,6.85,6.85,6.54,6.745,1.9622e+06
FCX,1011364200,6.75,6.9,6.575,6.8,1.7356e+06
FCX,1011709800,6.9,6.95,6.775,6.815,1.485e+06
FCX,1011796200,6.89,6.965,6.75,6.965,2.4476e+06
FCX,1011882600,7,7.25,6.995,7.08,2.5246e+06
FCX,1011969000,7.09,7.4,7.075,7.4,1.3426e+06
FCX,1012228200,7.4,7.4,7.15,7.22,1.4994e+06
FCX,1012314600,7.21,7.56,7.21,7.525,3.2134e+06
FCX,1012401000,7.525,7.6,7.44,7.525,2.5912e+06
FCX,1012487400,7.5,7.79,7.4,7.775,3.2744e+06
FCX,1012573800,7.775,7.99,7.745,7.925,1.6414e+06
FCX,1012833000,7.81,7.84,7.62,7.755,3.4112e+06
FCX,1012919400,7.76,7.84,7.665,7.745,3.4712e+06
FCX,1013005800,7.79,7.875,7.655,7.705,3.2248e+06
FCX,1013092200,7.7,7.79,7.645,7.66,2.876e+06
FCX,1013178600,7.7,7.975,7.675,7.775,2.4966e+06
FCX,1013437800,7.725,7.85,7.655,7.75,1.8174e+06
FCX,1013524200,7.75,7.79,7.6,7.68,1.8958e+06
FCX,1013610600,7.7,7.995,7.675,7.98,1.9944e+06
FCX,1013697000,8,8.045,7.735,7.735,8.0218e+06
FCX,1013783400,7.735,7.95,7.735,7.85,3.5938e+06
FCX,1014129000,7.75,7.77,7.415,7.46,2.6774e+06
FCX,1014215400,7.325,7.375,7.16,7.215,2.6836e+06
FCX,1014301800,7.2,7.325,7.125,7.15,3.4124e+06
FCX,1014388200,7.15,7.225,6.875,6.99,1.9358e+06
FCX,1014647400,7.025,7.195,7.025,7.095,2.7106e+06
FCX,1014733800,7.125,7.29,7.08,7.22,4.7252e+06
FCX,1014820200,7.3,7.44,7.295,7.35,1.9012e+06
FCX,1014906600,7.375,7.425,7.31,7.325,4.2482e+06
FCX,1014993000,7.325,7.715,7.285,7.715,3.061e+06
FCX,1015252200,7.715,8.02,7.7,7.93,8.872e+06
FCX,1015338600,7.825,7.875,7.53,7.595,2.3262e+06
FCX,1015425000,7.55,7.92,7.55,7.815,5.8152e+06
FCX,1015511400,7.9,7.94,7.695,7.725,3.1284e+06
FCX,1015597800,7.735,7.79,7.485,7.65,1.6652e+06
FCX,1015857000,7.65,7.77,7.65,7.725,3.1262e+06
FCX,1015943400,7.73,7.92,7.73,7.89,2.8208e+06
FCX,1016029800,7.89,7.99,7.73,7.76,5.173e+06
FCX,1016116200,7.66,7.78,7.635,7.695,2.2338e+06
FCX,1016202600,7.71,7.725,7.575,7.62,2.1378e+06
FCX,1016461800,7.62,7.795,7.62,7.745,2.7868e+06
FCX,1016548200,7.875,8.2,7.875,8.05,3.773e+06
FCX,1016634600,8,8.255,7.975,8.235,2.2408e+06
FCX,1016721000,8.24,8.265,8.055,8.065,2.457e+06
FCX,1016807400,8.065,8.26,8.05,8.09,1.1636e+06
FCX,1017066600,8.1,8.225,8.025,8.1,2.2488e+06
FCX,1017153000,8.125,8.4,8.125,8.225,2.4816e+06
FCX,1017239400,8.385,8.875,8.36,8.85,5.5916e+06
FCX,1017325800,8.9,8.92,8.74,8.81,2.0272e+06
FCX,1017671400,8.8,9.07,8.725,8.975,3.555e+06
FCX,1017757800,9,9,8.8,8.875,1.6596e+06
FCX,1017844200,8.76,8.79,8.465,8.575,1.8016e+06
FCX,1017930600,8.575,8.88,8.3,8.63,2.4666e+06
FCX,1018017000,8.63,8.69,8.4,8.57,1.3578e+06
FCX,1018272600,8.575,8.775,8.57,8.7,1.906e+06
FCX,1018359000,8.705,8.85,8.7,8.785,1.693e+06
FCX,1018445400,8.78,8.92,8.76,8.875,1.663e+06
FCX,1018531800,8.875,8.89,8.7,8.73,1.0138e+06
FCX,1018618200,8.74,8.82,8.7,8.775,1.8982e+06
FCX,1018877400,8.8,8.81,8.66,8.705,1.0718e+06
FCX,1018963800,8.69,8.84,8.51,8.81,1.6814e+06
FCX,1019050200,8.875,9.25,8.84,9.215,3.662e+06
FCX,1019136600,9.25,9.3,9.1,9.155,9.2486e+06
FCX,1019223000,9.15,9.155,9.045,9.105,2.5096e+06
FCX,1019482200,9.15,9.245,9.125,9.165,2.2402e+06
FCX,1019568600,9.15,9.17,9.085,9.105,1.9196e+06
FCX,1019655000,9.105,9.21,8.785,8.815,2.8654e+06
FCX,1019741400,8.89,9.075,8.585,8.665,2.6666e+06
FCX,1019827800,8.65,9.05,8.54,9.045,2.029e+06
FCX,1020087000,9,9.265,9,9.2,2.2262e+06
FCX,1020173400,9.2,9.2,8.85,8.88,2.3506e+06
FCX,1020259800,8.825,8.965,8.805,8.91,2.1568e+06
FCX,1020346200,8.75,8.955,8.685,8.8,1.8132e+06
FCX,1020432600,8.805,9.085,8.8,8.94,1.3164e+06
FCX,1020691800,9,9,8.765,8.845,5.6064e+06
FCX,1020778200,8.925,9.115,8.825,8.84,2.2706e+06
FCX,1020864600,8.885,9.075,8.83,9.015,1.2402e+06
FCX,1020951000,8.8,9.085,8.8,9.085,1.3704e+06
FCX,1021037400,9.075,9.215,9.07,9.16,2.5738e+06
FCX,1021296600,9.175,9.375,9.04,9.375,2.5258e+06
FCX,1021383000,9.315,9.315,8.875,8.975,3.871e+06
FCX,1021469400,9.175,9.3,9.025,9.125,3.8104e+06
FCX,1021555800,9.145,9.265,9.025,9.12,1.0584e+06
FCX,1021642200,9.075,9.35,9.075,9.3,1.9354e+06
FCX,1021901400,9.375,9.685,9.25,9.55,3.069e+06
FCX,1021987800,9.585,9.8,9.395,9.79,3.882e+06
FCX,1022074200,9.85,10.075,9.74,9.875,8.13e+06
FCX,1022160600,9.85,10.22,9.7,10.12,3.36e+06
FCX,1022247000,10.075,10.125,10,10.025,2.5706e+06
FCX,1022592600,10.025,10.415,10,10.4,4.581e+06
FCX,1022679000,10.4,10.4,9.925,9.93,5.6522e+06
FCX,1022765400,9.775,9.945,9.57,9.57,7.8924e+06
FCX,1022851800,9.725,10.025,9.63,9.875,2.6198e+06
FCX,1023111000,9.88,10.175,9.875,10.08,3.3246e+06
FCX,1023197400,10.15,10.35,9.94,9.945,3.1838e+06
FCX,1023283800,9.825,10.05,9.7,10.05,2.933e+06
FCX,1023370200,10.01,10.195,9.9,9.92,3.2902e+06
FCX,1023456600,9.99,10.145,9.57,9.575,3.7876e+06
FCX,1023715800,9.525,9.575,9.155,9.3,2.7644e+06
FCX,1023802200,9.15,9.32,9.075,9.25,3.9518e+06
FCX,1023888600,9.325,9.495,9.215,9.22,3.5196e+06
FCX,1023975000,9.125,9.23,9.05,9.08,1.8306e+06
FCX,1024061400,9.2,9.5,9.2,9.4,3.4878e+06
FCX,1024320600,9.3,9.3,9.15,9.21,2.517e+06
FCX,1024407000,9.21,9.325,9.2,9.305,5.5938e+06
FCX,1024493400,9.375,9.5,9.285,9.435,4.2382e+06
FCX,1024579800,9.435,9.635,9.385,9.63,4.057e+06
FCX,1024666200,9.625,9.745,9.5,9.63,2.9078e+06
FCX,1024925400,9.645,9.645,9.4,9.59,3.7406e+06
FCX,1025011800,9.525,9.53,9.4,9.53,2.4422e+06
FCX,1025098200,9.675,9.72,9.255,9.45,1.9054e+06
FCX,1025184600,9.45,9.455,9.085,9.255,4.6218e+06
FCX,1025271000,9.15,9.16,8.88,8.925,2.6836e+06
FCX,1025530200,8.875,9.11,8.8,9.11,2.2722e+06
FCX,1025616600,8.9,8.97,8.475,8.525,3.3242e+06
FCX,1025703000,8.275,8.345,8.1,8.31,3.14e+06
FCX,1025875800,8.325,8.625,8.255,8.55,582000
FCX,1026135000,8.475,8.795,8.45,8.735,2.1028e+06
FCX,1026221400,8.8,9.25,8.8,9.11,2.2946e+06
FCX,1026307800,9.085,9.085,8.755,9.02,3.1058e+06
FCX,1026394200,8.975,9.025,8.68,8.88,3.0362e+06
FCX,1026480600,8.88,9.005,8.59,8.615,2.841e+06
FCX,1026739800,8.74,8.94,8.25,8.675,2.0078e+06
FCX,1026826200,8.55,8.6,8.245,8.31,1.5662e+06
FCX,1026912600,8.31,8.5,8.105,8.13,1.7994e+06
FCX,1026999000,8.13,8.49,8,8.035,3.0698e+06
FCX,1027085400,8.225,8.25,7.675,7.865,3.1926e+06
FCX,1027344600,7.9,7.925,7.295,7.295,1.9228e+06
FCX,1027431000,7.125,7.285,6.445,6.475,4.7386e+06
FCX,1027517400,6.25,6.94,6.21,6.94,6.77e+06
FCX,1027603800,7.05,7.4,6.76,7.28,6.3656e+06
FCX,1027690200,7.28,7.3,7,7.25,3.5096e+06
FCX,1027949400,7.25,7.745,7.25,7.665,2.276e+06
FCX,1028035800,8,8,7.625,7.775,3.4526e+06
FCX,1028122200,7.775,7.81,7.5,7.635,1.3852e+06
FCX,1028208600,7.5,7.82,7.375,7.45,1.8916e+06
FCX,1028295000,7.45,7.575,7.225,7.35,2.2938e+06
FCX,1028554200,7.475,7.55,7.01,7.025,2.3124e+06
FCX,1028640600,7.03,7.345,7.03,7.3,2.951e+06
FCX,1028727000,7.55,7.6,7.325,7.525,1.686e+06
FCX,1028813400,7.6,7.615,7.5,7.605,1.2472e+06
FCX,1028899800,7.6,8.12,7.55,8.095,1.6192e+06
FCX,1029159000,7.85,8.15,7.825,7.93,1.8102e+06
FCX,1029245400,7.725,8.15,7.725,7.79,1.6812e+06
FCX,1029331800,7.825,7.965,7.575,7.855,3.6254e+06
FCX,1029418200,7.865,8.125,7.865,8.1,1.6042e+06
FCX,1029504600,8.075,8.125,7.855,7.95,1.1954e+06
FCX,1029763800,7.87,7.925,7.6,7.795,1.617e+06
FCX,1029850200,7.785,7.95,7.73,7.9,3.1166e+06
FCX,1029936600,7.915,8.045,7.765,8.02,2.6384e+06
FCX,1030023000,8.025,8.35,8.025,8.315,2.3024e+06
FCX,1030109400,8.3,8.3,8,8.075,1.2772e+06
FCX,1030368600,8.09,8.365,8.09,8.35,1.364e+06
FCX,1030455000,8.35,8.635,8.31,8.585,2.3806e+06
FCX,1030541400,8.425,8.575,8.3,8.3,1.536e+06
FCX,1030627800,8.3,8.335,8.06,8.2,3.0558e+06
FCX,1030714200,8.19,8.3,8.16,8.195,1.1472e+06
FCX,1031059800,7.4,7.545,7.15,7.35,6.789e+06
FCX,1031146200,7.375,7.375,7.05,7.12,3.5878e+06
FCX,1031232600,7.12,7.37,7.1,7.2,2.7704e+06
FCX,1031319000,7.2,7.5,7.075,7.495,2.5584e+06
FCX,1031578200,7.5,7.81,7.5,7.695,2.7388e+06
FCX,1031664600,7.67,7.675,7.1,7.17,3.417e+06
FCX,1031751000,7.42,7.5,7.25,7.49,3.021e+06
FCX,1031837400,7.325,7.375,7.095,7.25,2.9522e+06
FCX,1031923800,7.235,7.325,7.045,7.2,2.2274e+06
FCX,1032183000,7.1,7.275,6.925,7.125,1.8438e+06
FCX,1032269400,6.9,7.045,6.65,6.655,2.3994e+06
FCX,1032355800,6.64,6.905,6.535,6.605,3.4156e+06
FCX,1032442200,6.59,6.82,6.495,6.765,1.5442e+06
FCX,1032528600,6.765,6.805,6.675,6.75,2.4608e+06
FCX,1032787800,6.6,6.6,6.35,6.4,2.485e+06
FCX,1032874200,6.275,6.3,5.875,6.1,4.5056e+06
FCX,1032960600,6.25,6.395,6.1,6.22,4.8712e+06
FCX,1033047000,6.275,6.47,6.225,6.355,5.142e+06
FCX,1033133400,6.355,6.515,6.355,6.48,3.6178e+06
FCX,1033392600,6.9,6.9,6.525,6.73,4.7622e+06
FCX,1033479000,6.61,6.75,6.505,6.75,1.8086e+06
FCX,1033565400,6.75,6.8,6.45,6.45,1.9132e+06
FCX,1033651800,6.505,6.54,6.3,6.305,2.6208e+06
FCX,1033738200,6.225,6.35,5.975,5.995,2.3524e+06
FCX,1033997400,5.94,6.1,5.6,5.61,3.9388e+06
FCX,1034083800,5.6,5.715,5.375,5.54,2.9016e+06
FCX,1034170200,5.3,5.54,5.235,5.24,4.156e+06
FCX,1034256600,5.25,5.505,5.125,5.505,6.3736e+06
FCX,1034343000,5.545,6.225,5.5,6.175,3.5352e+06
FCX,1034602200,5.95,5.95,4.975,5.455,1.48216e+07
FCX,1034688600,5.625,6.115,5.55,6.115,7.6934e+06
FCX,1034775000,6.2,6.2,5.77,5.77,3.7162e+06
FCX,1034861400,5.915,6.075,5.775,6.035,2.0794e+06
FCX,1034947800,6.085,6.275,6.01,6.05,3.1364e+06
FCX,1035207000,6.05,6.25,6.035,6.07,2.2658e+06
FCX,1035293400,6.1,6.43,6.1,6.36,1.7052e+06
FCX,1035379800,6.365,6.475,6.16,6.36,1.7892e+06
FCX,1035466200,6.3,6.575,6.3,6.37,2.8022e+06
FCX,1035552600,6.185,6.39,6.105,6.125,1.5896e+06
FCX,1035815400,6.175,6.43,6.175,6.3,1.6116e+06
FCX,1035901800,6.325,6.34,6.125,6.225,1.3852e+06
FCX,1035988200,6.175,6.29,6.05,6.27,2.0248e+06
FCX,1036074600,6.27,6.3,6.1,6.1,1.596e+06
FCX,1036161000,6.15,6.4,6.15,6.39,3.949e+06
FCX,1036420200,6.425,6.725,6.4,6.7,2.348e+06
FCX,1036506600,6.75,6.85,6.575,6.785,2.9598e+06
FCX,1036593000,6.975,6.975,6.5,6.945,3.1334e+06
FCX,1036679400,7.15,7.15,6.71,6.785,1.8646e+06
FCX,1036765800,6.79,6.89,6.44,6.505,2.7346e+06
FCX,1037025000,6.505,6.505,6.35,6.43,2.3562e+06
FCX,1037111400,6.4,6.505,6.275,6.34,2.2298e+06
FCX,1037197800,6.345,6.545,6.325,6.4,1.12e+06
FCX,1037284200,6.55,6.825,6.475,6.68,1.2232e+06
FCX,1037370600,6.575,6.885,6.575,6.885,1.105e+06
FCX,1037629800,6.895,7.05,6.825,6.93,1.6956e+06
FCX,1037716200,6.85,7.08,6.85,6.875,1.6674e+06
FCX,1037802600,6.875,7.2,6.85,7.1,2.1672e+06
FCX,1037889000,7.235,7.675,7.15,7.65,3.3486e+06
FCX,1037975400,7.6,7.65,7.445,7.475,2.0824e+06
FCX,1038234600,7.425,7.43,7.085,7.3,2.5352e+06
FCX,1038321000,7.285,7.475,7.175,7.39,1.9914e+06
FCX,1038407400,7.425,7.8,7.35,7.795,2.0512e+06
FCX,1038580200,7.795,7.85,7.665,7.75,785200
FCX,1038839400,7.75,7.83,7.475,7.55,2.538e+06
FCX,1038925800,7.525,7.615,7.45,7.545,2.1174e+06
FCX,1039012200,7.55,7.6,7.44,7.6,2.8744e+06
FCX,1039098600,7.615,7.66,7.36,7.435,3.116e+06
FCX,1039185000,7.4,7.5,7.165,7.325,2.8846e+06
FCX,1039444200,7.285,7.285,7.1,7.2,1.7334e+06
FCX,1039530600,7.25,7.33,7.13,7.19,2.1272e+06
FCX,1039617000,7.175,7.185,7,7.17,1.4696e+06
FCX,1039703400,7.22,7.665,7.18,7.635,4.7288e+06
FCX,1039789800,7.625,7.775,7.6,7.735,2.6654e+06
FCX,1040049000,7.82,8.03,7.77,8.005,3.1366e+06
FCX,1040135400,8.25,8.38,8.015,8.06,4.1414e+06
FCX,1040221800,7.99,8.15,7.845,8.095,5.5782e+06
FCX,1040308200,8.175,8.26,8.09,8.2,3.3072e+06
FCX,1040394600,8.225,8.255,8.075,8.175,2.2736e+06
FCX,1040653800,8.25,8.34,8.21,8.29,1.3202e+06
FCX,1040740200,8.25,8.325,8.235,8.24,576800
FCX,1040913000,8.245,8.44,8.24,8.425,1.4652e+06
FCX,1040999400,8.4,8.445,8.315,8.35,1.681e+06
FCX,1041258600,8.35,8.4,8.28,8.34,2.304e+06
FCX,1041345000,8.37,8.48,8.33,8.39,1.7598e+06
FCX,1041517800,8.225,8.725,8.225,8.725,1.7828e+06
FCX,1041604200,8.65,8.84,8.505,8.805,2.2266e+06
FCX,1041863400,8.875,8.95,8.775,8.8,4.2002e+06
FCX,1041949800,8.79,8.79,8.5,8.535,2.2342e+06
FCX,1042036200,8.55,8.55,8.285,8.315,5.14e+06
FCX,1042122600,8.55,8.625,8.4,8.5,2.6184e+06
FCX,1042209000,8.5,8.975,8.475,8.945,3.7108e+06
FCX,1042468200,8.94,8.945,8.65,8.65,2.5656e+06
FCX,1042554600,8.7,8.715,8.49,8.49,1.6658e+06
FCX,1042641000,8.5,8.665,8.465,8.5,2.2482e+06
FCX,1042727400,8.6,9.17,8.55,9.165,9.925e+06
FCX,1042813800,9.175,9.515,9.125,9.15,4.9086e+06
FCX,1043159400,9.125,9.15,8.795,8.815,3.387e+06
FCX,1043245800,8.8,9.25,8.795,9.12,3.7198e+06
FCX,1043332200,9.12,9.465,9.12,9.44,2.7844e+06
FCX,1043418600,9.44,9.6,9.225,9.29,5.2536e+06
FCX,1043677800,9.33,9.65,9.33,9.405,4.7126e+06
FCX,1043764200,9.405,9.45,9.255,9.37,4.0174e+06
FCX,1043850600,9.42,9.47,9.325,9.425,6.2262e+06
FCX,1043937000,9.425,9.5,9.325,9.465,3.0294e+06
FCX,1044023400,9.435,9.45,9.275,9.385,2.1226e+06
FCX,1044282600,9.365,9.4,9.06,9.165,3.5144e+06
FCX,1044369000,9.325,9.56,9.325,9.485,3.7246e+06
FCX,1044455400,9.465,9.5,9.06,9.08,3.065e+06
FCX,1044541800,8.5,8.635,8.375,8.42,2.69254e+07
FCX,1044628200,8.5,8.545,8.45,8.47,8.0158e+06
FCX,1044887400,8.5,8.525,8.34,8.36,5.7114e+06
FCX,1044973800,8.375,8.495,8.375,8.405,5.5846e+06
FCX,1045060200,8.375,8.435,8.23,8.23,4.6128e+06
FCX,1045146600,8.375,8.415,8.24,8.41,4.9996e+06
FCX,1045233000,8.45,8.495,8.335,8.45,2.8184e+06
FCX,1045578600,8.45,8.45,8.23,8.32,2.7828e+06
FCX,1045665000,8.32,8.725,8.32,8.56,3.6542e+06
FCX,1045751400,8.675,8.75,8.635,8.635,3.347e+06
FCX,1045837800,8.725,8.75,8.575,8.62,2.8708e+06
FCX,1046097000,8.65,8.735,8.45,8.45,2.4332e+06
FCX,1046183400,8.425,8.675,8.295,8.415,3.536e+06
FCX,1046269800,8.39,8.525,8.21,8.495,2.9382e+06
FCX,1046356200,8.49,8.565,8.355,8.535,5.7328e+06
FCX,1046442600,8.53,8.585,8.455,8.51,2.1196e+06
FCX,1046701800,8.515,8.6,8.42,8.485,2.075e+06
FCX,1046788200,8.535,8.575,8.45,8.475,5.2398e+06
FCX,1046874600,8.48,8.55,8.45,8.525,2.0598e+06
FCX,1046961000,8.625,8.625,8.445,8.465,4.0116e+06
FCX,1047047400,8.615,8.625,8.425,8.515,3.0376e+06
FCX,1047306600,8.49,8.49,8.005,8.005,7.1014e+06
FCX,1047393000,8.055,8.285,8.04,8.09,3.3712e+06
FCX,1047479400,8.025,8.22,8.01,8.125,2.4242e+06
FCX,1047565800,8.155,8.46,8.075,8.405,3.5632e+06
FCX,1047652200,8.405,8.63,8.375,8.55,1.809e+06
FCX,1047911400,8.59,8.69,8.505,8.625,1.7288e+06
FCX,1047997800,8.575,8.835,8.575,8.835,2.0174e+06
FCX,1048084200,8.835,8.845,8.495,8.66,3.2422e+06
FCX,1048170600,8.65,8.69,8.505,8.56,1.7434e+06
FCX,1048257000,8.625,8.8,8.475,8.745,3.4552e+06
FCX,1048516200,8.75,8.77,8.36,8.36,1.6776e+06
FCX,1048602600,8.3,8.46,8.3,8.405,2.133e+06
FCX,1048689000,8.45,8.57,8.395,8.49,2.4116e+06
FCX,1048775400,8.425,8.5,8.205,8.21,3.3916e+06
FCX,1048861800,8.175,8.735,8.17,8.67,2.1312e+06
FCX,1049121000,8.68,8.745,8.465,8.525,2.3774e+06
FCX,1049207400,8.525,8.54,8.36,8.52,2.1686e+06
FCX,1049293800,8.52,8.765,8.485,8.755,1.9854e+06
FCX,1049380200,8.755,8.795,8.625,8.675,2.3492e+06
FCX,1049466600,8.675,8.905,8.675,8.705,4.094e+06
FCX,1049722200,8.765,8.89,8.635,8.85,2.4136e+06
FCX,1049808600,8.85,9.09,8.775,9.045,3.492e+06
FCX,1049895000,9.045,9.3,9.025,9.225,4.1728e+06
FCX,1049981400,9.29,9.41,9.225,9.29,2.9632e+06
FCX,1050067800,9.245,9.325,9.1,9.245,5.2776e+06
FCX,1050327000,9.25,9.26,9.115,9.15,2.2114e+06
FCX,1050413400,9.035,9.39,9.025,9.325,2.6968e+06
FCX,1050499800,9.35,9.375,9.29,9.34,2.0146e+06
FCX,1050586200,9.34,9.35,9.065,9.085,4.2758e+06
FCX,1050931800,9.1,9.275,9.035,9.14,5.2766e+06
FCX,1051018200,9.135,9.135,9,9.09,4.2168e+06
FCX,1051104600,9.175,9.305,9.05,9.22,7.2014e+06
FCX,1051191000,9,9.22,8.835,8.85,2.95e+06
FCX,1051277400,8.825,8.935,8.65,8.665,3.5338e+06
FCX,1051536600,8.735,8.75,8.64,8.7,3.5878e+06
FCX,1051623000,8.7,8.75,8.65,8.73,1.8292e+06
FCX,1051709400,8.65,8.825,8.63,8.655,1.949e+06
FCX,1051795800,8.775,9.08,8.775,9.03,4.2824e+06
FCX,1051882200,9.03,9.11,8.955,9.095,2.2626e+06
FCX,1052141400,9.09,9.135,9.05,9.09,1.6438e+06
FCX,1052227800,9.075,9.135,8.95,9.1,2.3758e+06
FCX,1052314200,9.15,9.165,8.945,8.97,1.7438e+06
FCX,1052400600,8.975,9.175,8.96,9.15,3.1474e+06
FCX,1052487000,9.175,9.3,9.12,9.26,3.2472e+06
FCX,1052746200,9.385,9.5,9.34,9.495,4.394e+06
FCX,1052832600,9.59,10,9.59,9.625,5.59e+06
FCX,1052919000,9.6,9.625,9.315,9.515,3.5574e+06
FCX,1053005400,9.545,9.705,9.545,9.66,3.0096e+06
FCX,1053091800,9.725,9.945,9.7,9.9,3.4634e+06
FCX,1053351000,9.85,9.91,9.715,9.75,2.9824e+06
FCX,1053437400,9.65,9.995,9.615,9.99,6.3038e+06
FCX,1053523800,9.975,10.35,9.865,10.33,5.832e+06
FCX,1053610200,10.325,10.33,10.26,10.275,3.6858e+06
FCX,1053696600,10.27,10.435,10.25,10.435,3.6034e+06
FCX,1054042200,10.435,10.975,10.435,10.945,1.241e+07
FCX,1054128600,10.8,10.805,10.5,10.69,5.7274e+06
FCX,1054215000,10.4,11.015,10.4,11.01,4.023e+06
FCX,1054301400,10.825,10.995,10.735,10.975,2.4732e+06
FCX,1054560600,10.95,11.45,10.85,11.375,4.7032e+06
FCX,1054647000,11.415,11.47,11.225,11.46,3.1246e+06
FCX,1054733400,11.425,11.505,11.3,11.48,3.7812e+06
FCX,1054819800,11.425,11.615,11.3,11.59,2.9094e+06
FCX,1054906200,11.565,11.6,11.275,11.555,3.6446e+06
FCX,1055165400,11.535,11.545,11.37,11.41,3.0814e+06
FCX,1055251800,11.325,11.5,11.025,11.5,5.0924e+06
FCX,1055338200,11.5,11.755,11.48,11.725,6.2654e+06
FCX,1055424600,11.85,11.85,11.62,11.815,3.8634e+06
FCX,1055511000,11.815,11.87,11.635,11.74,2.6578e+06
FCX,1055770200,11.825,12.165,11.71,12.165,2.6414e+06
FCX,1055856600,12.165,12.475,12.075,12.46,5.2396e+06
FCX,1055943000,12.46,12.85,12.435,12.75,1.03974e+07
FCX,1056029400,12.6,12.6,12.175,12.18,6.976e+06
FCX,1056115800,12.24,12.375,12.145,12.2,5.5156e+06
FCX,1056375000,12.175,12.18,11.76,11.81,4.4902e+06
FCX,1056461400,11.885,12.175,11.705,12.045,4.2456e+06
FCX,1056547800,12.05,12.27,11.95,11.97,3.7984e+06
FCX,1056634200,12.005,12.22,11.85,12.19,3.5694e+06
FCX,1056720600,12.15,12.265,12.025,12.085,2.1658e+06
FCX,1056979800,12.125,12.25,12.01,12.25,3.4688e+06
FCX,1057066200,12.225,12.255,11.975,12.025,3.63e+06
FCX,1057152600,12.175,12.335,12.125,12.165,4.2314e+06
FCX,1057239000,12.25,12.3,12.075,12.12,1.1826e+06
FCX,1057584600,12.225,12.34,12.15,12.255,2.6934e+06
FCX,1057671000,12.255,12.32,12.14,12.23,2.7108e+06
FCX,1057757400,12.31,12.43,12.175,12.37,2.0636e+06
FCX,1057843800,12.4,12.47,12.35,12.455,2.3574e+06
FCX,1057930200,12.49,12.49,12.335,12.43,1.6418e+06
FCX,1058189400,12.43,12.43,12.22,12.25,2.3616e+06
FCX,1058275800,12.325,12.475,11.95,11.955,2.9678e+06
FCX,1058362200,11.975,12,11.725,11.805,2.6618e+06
FCX,1058448600,11.75,12.315,11.74,12.255,2.9876e+06
FCX,1058535000,12.325,12.55,12.28,12.5,5.3224e+06
FCX,1058794200,12.45,12.67,12.41,12.55,2.3972e+06
FCX,1058880600,12.545,12.55,12.4,12.465,1.0891e+07
FCX,1058967000,12.5,12.96,12.49,12.955,3.2584e+06
FCX,1059053400,12.955,13.45,12.8,13.135,6.9162e+06
FCX,1059139800,13.2,13.795,13.19,13.795,4.2394e+06
FCX,1059399000,13.795,13.96,13.57,13.625,3.616e+06
FCX,1059485400,13.65,13.95,13.475,13.5,3.2194e+06
FCX,1059571800,13.5,13.5,13.18,13.25,2.3138e+06
FCX,1059658200,13.4,13.495,13.285,13.395,3.0282e+06
FCX,1059744600,13.395,13.65,13.325,13.4,2.2532e+06
FCX,1060003800,13.4,13.56,13.35,13.415,1.7142e+06
FCX,1060090200,13.42,13.42,13.225,13.225,5.2434e+06
FCX,1060176600,12.975,13.25,12.925,13.245,2.644e+06
FCX,1060263000,13.245,13.28,13.05,13.1,2.7926e+06
FCX,1060349400,13.25,13.795,13.2,13.795,6.5742e+06
FCX,1060608600,13.99,14.225,13.86,14.2,3.5494e+06
FCX,1060695000,14.175,14.175,13.83,13.925,9.0532e+06
FCX,1060781400,13.92,14.21,13.91,14.165,3.8676e+06
FCX,1060867800,14.18,14.475,14.18,14.45,4.36e+06
FCX,1060954200,14.5,14.665,14.3,14.345,2.9048e+06
FCX,1061213400,14.45,14.45,14.065,14.16,3.1406e+06
FCX,1061299800,14.335,14.75,14.125,14.75,2.7352e+06
FCX,1061386200,14.75,14.865,14.6,14.75,3.591e+06
FCX,1061472600,14.795,15,14.49,14.515,3.0478e+06
FCX,1061559000,13.925,14.075,13.64,13.64,5.9238e+06
FCX,1061818200,13.66,13.68,13.195,13.495,3.5132e+06
FCX,1061904600,13.56,14.225,13.56,14.22,5.369e+06
FCX,1061991000,14.525,14.86,14.485,14.86,8.3078e+06
FCX,1062077400,14.86,15,14.76,15,3.4266e+06
FCX,1062163800,15,15.205,14.84,15,3.1316e+06
FCX,1062509400,15,15.395,14.95,15.13,2.3698e+06
FCX,1062595800,15.175,15.175,14.99,15.09,4.2052e+06
FCX,1062682200,15.12,15.445,15.09,15.385,2.475e+06
FCX,1062768600,15.325,15.495,15.14,15.235,2.9746e+06
FCX,1063027800,15.25,15.44,15.01,15.36,1.9724e+06
FCX,1063114200,15.425,15.675,15.425,15.575,6.1384e+06
FCX,1063200600,15.575,15.63,15.525,15.54,4.3212e+06
FCX,1063287000,15.55,15.65,15.47,15.645,4.8548e+06
FCX,1063373400,15.525,15.755,15.36,15.755,4.0902e+06
FCX,1063632600,15.725,16.05,15.6,15.94,4.1552e+06
FCX,1063719000,15.945,15.945,15.715,15.895,3.153e+06
FCX,1063805400,15.92,15.945,15.625,15.845,1.5868e+06
FCX,1063891800,16.04,16.425,15.985,16.38,7.231e+06
FCX,1063978200,16.4,16.9,16.39,16.845,5.865e+06
FCX,1064237400,16.9,17.225,16.855,17.09,4.9246e+06
FCX,1064323800,17.09,17.135,16.905,17.1,3.6376e+06
FCX,1064410200,17.235,17.235,16.855,17.155,2.7538e+06
FCX,1064496600,17.235,17.285,16.465,16.475,4.9368e+06
FCX,1064583000,16.425,16.425,16.08,16.11,4.6218e+06
FCX,1064842200,16.11,16.845,15.97,16.705,5.288e+06
FCX,1064928600,16.705,16.895,16.46,16.55,4.0984e+06
FCX,1065015000,16.55,17.15,16.365,17.15,4.2992e+06
FCX,1065101400,17.15,17.9,17.06,17.87,5.6452e+06
FCX,1065187800,17.985,18.245,16.695,16.885,9.8108e+06
FCX,1065447000,17.125,17.685,16.75,17.505,3.7006e+06
FCX,1065533400,17.755,18.235,17.71,18.215,4.8516e+06
FCX,1065619800,18.215,18.85,18.125,18.7,5.4282e+06
FCX,1065706200,18.05,18.145,16.8,17.995,1.48034e+07
FCX,1065792600,17.9,18.315,17.85,17.935,4.4344e+06
FCX,1066051800,17.975,18.895,17.935,18.885,4.4848e+06
FCX,1066138200,18.75,18.81,18.2,18.57,5.723e+06
FCX,1066224600,18.57,18.8,18.275,18.595,1.13322e+07
FCX,1066311000,18.595,19.095,18.55,18.7,4.6184e+06
FCX,1066397400,18.625,18.625,18.125,18.26,3.68e+06
FCX,1066656600,18.26,18.57,18.195,18.27,4.7836e+06
FCX,1066743000,18,19.05,18,18.98,5.2692e+06
FCX,1066829400,19,19.075,18.625,18.68,5.717e+06
FCX,1066915800,18.68,18.69,18.35,18.535,4.0298e+06
FCX,1067002200,18.5,18.575,18.285,18.54,4.4258e+06
FCX,1067265000,18.375,18.695,18.345,18.68,2.3096e+06
FCX,1067351400,18.825,18.925,18.415,18.78,2.6236e+06
FCX,1067437800,18.71,19.265,18.675,18.98,6.4404e+06
FCX,1067524200,18.98,19.395,18.98,19.225,4.8274e+06
FCX,1067610600,19.25,19.675,19.205,19.375,3.0226e+06
FCX,1067869800,19.375,19.65,19.075,19.365,3.8238e+06
FCX,1067956200,19.675,20.72,19.575,20.525,7.5566e+06
FCX,1068042600,20.525,20.525,19.82,20.005,5.296e+06
FCX,1068129000,20.025,20.05,19.78,19.85,3.9822e+06
FCX,1068215400,20.33,20.6,19.885,20.5,4.3478e+06
FCX,1068474600,20.475,20.485,19.295,19.49,6.4408e+06
FCX,1068561000,19.41,19.72,19.19,19.24,4.6434e+06
FCX,1068647400,19.25,20.175,18.925,20.175,5.4938e+06
FCX,1068733800,20.3,20.605,20.11,20.235,4.5648e+06
FCX,1068820200,20.325,20.36,19.655,19.745,3.4784e+06
FCX,1069079400,19.87,19.87,19.155,19.285,5.2912e+06
FCX,1069165800,19.35,20.14,19.35,20.085,5.7726e+06
FCX,1069252200,20.125,20.57,19.755,20.57,4.4244e+06
FCX,1069338600,20.5,20.5,20.16,20.275,4.098e+06
FCX,1069425000,20.275,20.445,20.11,20.32,2.658e+06
FCX,1069684200,20.275,20.75,20.175,20.6,3.6646e+06
FCX,1069770600,20.7,21.45,20.61,21.21,3.7376e+06
FCX,1069857000,21.3,21.555,21.15,21.32,4.2856e+06
FCX,1070029800,21.52,21.765,21.455,21.765,1.2836e+06
FCX,1070289000,22.25,22.425,21.85,22.375,5.93e+06
FCX,1070375400,22,22.575,22,22.575,4.0462e+06
FCX,1070461800,22.62,22.75,22.125,22.475,4.5774e+06
FCX,1070548200,22.48,22.555,21.85,22.12,3.3628e+06
FCX,1070634600,22.4,22.925,22.05,22.63,4.58e+06
FCX,1070893800,22.85,23.165,22.555,23.12,4.8828e+06
FCX,1070980200,23.37,23.37,22.765,22.86,6.4134e+06
FCX,1071066600,22.775,22.8,21.37,21.435,7.3914e+06
FCX,1071153000,21.275,22.5,21.19,22.445,5.9762e+06
FCX,1071239400,22.445,22.76,22.26,22.365,3.3212e+06
FCX,1071498600,22.225,22.65,22.15,22.485,3.4628e+06
FCX,1071585000,22.6,22.75,21.825,22.075,3.2484e+06
FCX,1071671400,22.075,22.69,21.95,22.45,4.4736e+06
FCX,1071757800,22.125,22.355,21.715,21.76,6.9898e+06
FCX,1071844200,21.425,21.425,20.25,20.635,1.4468e+07
FCX,1072103400,20.635,20.825,19.3,19.78,1.42982e+07
FCX,1072189800,19.74,20.245,19.255,19.83,8.202e+06
FCX,1072276200,19.525,20.3,19.525,20.1,3.0532e+06
FCX,1072449000,20.19,20.875,20.125,20.83,2.7772e+06
FCX,1072708200,21.025,21.095,20.75,21.05,5.6638e+06
FCX,1072794600,21.165,21.165,20.76,21.085,3.735e+06
FCX,1072881000,21.125,21.225,20.945,21.065,3.8848e+06
FCX,1073053800,20.975,21.15,20.85,20.955,3.9744e+06
FCX,1073313000,21.35,21.99,21.345,21.975,5.5638e+06
FCX,1073399400,22.3,22.3,21.32,21.525,5.269e+06
FCX,1073485800,21.525,21.675,20.95,21.55,8.302e+06
FCX,1073572200,21.55,22.065,21.51,21.875,4.5384e+06
FCX,1073658600,21.86,22.45,21.575,22.225,4.4006e+06
FCX,1073917800,22.225,22.225,21.205,21.45,4.6858e+06
FCX,1074004200,21.355,21.65,19.835,20.03,7.9168e+06
FCX,1074090600,19.95,19.955,18.725,19.345,1.09702e+07
FCX,1074177000,19.31,19.31,17.59,17.93,2.26012e+07
FCX,1074263400,18.05,18.425,17.59,18.025,1.04946e+07
FCX,1074609000,17.8,19.375,17.75,19.25,1.4326e+07
FCX,1074695400,19.5,19.5,18.75,19.365,7.829e+06
FCX,1074781800,19.365,20.08,19.3,19.505,1.0379e+07
FCX,1074868200,19.955,20,18.885,18.98,6.6452e+06
FCX,1075127400,18.985,19.065,18.575,19.015,7.8678e+06
FCX,1075213800,19.02,19.745,18.875,19.38,7.7208e+06
FCX,1075300200,19.45,19.665,18.46,18.585,8.4168e+06
FCX,1075386600,18.625,18.625,17.545,17.95,8.5378e+06
FCX,1075473000,17.95,18.525,17.95,18.43,6.493e+06
FCX,1075732200,18.43,18.43,17.635,17.875,8.6678e+06
FCX,1075818600,18.315,18.555,18.21,18.25,4.5706e+06
FCX,1075905000,18.275,18.37,17.71,17.96,7.3398e+06
FCX,1075991400,17.965,18.74,17.915,18.55,5.7012e+06
FCX,1076077800,19,19.795,18.97,19.74,7.3568e+06
FCX,1076337000,19.81,20.1,19.49,19.845,5.1286e+06
FCX,1076423400,20,20.1,19.56,19.8,3.7816e+06
FCX,1076509800,19.675,20.905,19.635,20.865,8.7704e+06
FCX,1076596200,21.01,21.655,20.805,20.87,8.2434e+06
FCX,1076682600,21,21.195,20.22,20.6,5.5204e+06
FCX,1077028200,20.95,21.355,20.875,21.35,6.0516e+06
FCX,1077114600,21.475,21.575,20.5,20.625,5.4134e+06
FCX,1077201000,20.675,21.49,20.2,21.155,8.3218e+06
FCX,1077287400,21.125,21.125,20.2,20.47,6.9216e+06
FCX,1077546600,20.475,20.905,20.105,20.145,4.4002e+06
FCX,1077633000,20.325,20.89,20.205,20.525,4.4654e+06
FCX,1077719400,20.525,20.54,19.83,20.365,4.1598e+06
FCX,1077805800,20.115,20.905,19.9,20.82,5.535e+06
FCX,1077892200,20.18,21.39,20.18,21.325,4.971e+06
FCX,1078151400,21.495,22.43,21.495,22.15,6.711e+06
FCX,1078237800,21.825,21.99,21.095,21.205,5.9046e+06
FCX,1078324200,20.9,21.285,20.695,21.095,6.7646e+06
FCX,1078410600,21.095,21.545,20.905,21.35,5.1172e+06
FCX,1078497000,21.5,21.885,21.455,21.66,4.1454e+06
FCX,1078756200,21.665,21.985,21.215,21.245,3.0322e+06
FCX,1078842600,21.25,21.5,20.805,21.145,3.698e+06
FCX,1078929000,21.145,21.325,20.28,20.355,6.5292e+06
FCX,1079015400,20.365,20.99,20.35,20.66,5.4306e+06
FCX,1079101800,20.665,21.055,20.195,20.97,4.6744e+06
FCX,1079361000,21.075,21.225,20.21,20.26,5.1324e+06
FCX,1079447400,20.375,20.685,19.895,20.29,6.0204e+06
FCX,1079533800,20.4,20.72,20.165,20.69,4.9386e+06
FCX,1079620200,20.81,21.425,20.805,20.98,7.1682e+06
FCX,1079706600,20.98,21.35,20.875,20.975,4.2602e+06
FCX,1079965800,20.5,20.675,20.01,20.07,7.413e+06
FCX,1080052200,20.09,20.295,19.45,19.475,1.45342e+07
FCX,1080138600,19.18,19.275,18.905,18.995,1.6849e+07
FCX,1080225000,19.1,19.23,18.99,19.165,1.46722e+07
FCX,1080311400,19.395,19.61,19.24,19.29,1.00432e+07
FCX,1080570600,19.6,19.6,19.25,19.48,4.458e+06
FCX,1080657000,19.605,19.84,19.405,19.64,7.4466e+06
FCX,1080743400,19.745,19.875,19.39,19.545,9.8926e+06
FCX,1080829800,19.54,19.79,19.5,19.715,6.282e+06
FCX,1080916200,19.5,19.925,19.155,19.85,7.4732e+06
FCX,1081171800,19.75,19.805,19.14,19.33,5.7918e+06
FCX,1081258200,19.45,19.71,19.32,19.595,4.4522e+06
FCX,1081344600,19.55,19.62,19.26,19.305,3.0884e+06
FCX,1081431000,19.305,19.375,19.005,19.13,4.0932e+06
FCX,1081776600,19.125,19.13,18.875,18.915,4.9232e+06
FCX,1081863000,18.815,18.82,17.705,17.83,1.26776e+07
FCX,1081949400,17.83,18.175,17.54,17.58,9.3932e+06
FCX,1082035800,17.615,17.925,17.475,17.645,6.1822e+06
FCX,1082122200,17.775,18.12,17.605,17.945,5.907e+06
FCX,1082381400,17.99,18.1,17.62,17.7,5.408e+06
FCX,1082467800,17.645,17.72,16.67,16.795,9.9238e+06
FCX,1082554200,15.75,16.46,15.7,16.16,1.52726e+07
FCX,1082640600,16.26,17.145,16.26,17.035,7.2976e+06
FCX,1082727000,17.075,17.18,16.205,16.295,6.5308e+06
FCX,1082986200,16.535,16.975,16.37,16.395,5.1758e+06
FCX,1083072600,16.4,16.51,15.87,15.9,5.5024e+06
FCX,1083159000,14.975,15.325,14.63,14.75,1.50748e+07
FCX,1083245400,14.825,15.445,14.825,14.91,1.16328e+07
FCX,1083331800,15.35,15.435,15.105,15.25,7.5978e+06
FCX,1083591000,15.25,15.46,15.11,15.245,5.7426e+06
FCX,1083677400,15.7,15.74,15.26,15.48,9.0542e+06
FCX,1083763800,15.48,15.48,15.195,15.255,4.3388e+06
FCX,1083850200,14.875,15.055,14.76,14.825,6.9036e+06
FCX,1083936600,14.4,14.84,14.26,14.305,9.1994e+06
FCX,1084195800,13.88,15.07,13.88,14.62,1.3206e+07
FCX,1084282200,14.79,14.79,14.545,14.685,5.9384e+06
FCX,1084368600,14.83,15.035,14.2,14.57,8.4406e+06
FCX,1084455000,14.375,14.59,14.11,14.2,8.8152e+06
FCX,1084541400,14.445,14.635,14.25,14.415,6.838e+06
FCX,1084800600,14.5,14.715,13.885,14.295,5.9738e+06
FCX,1084887000,14.45,14.9,14.24,14.895,6.2294e+06
FCX,1084973400,15.305,16.12,15.2,15.435,1.1889e+07
FCX,1085059800,15.37,15.61,14.98,15.21,6.3176e+06
FCX,1085146200,15.925,16.135,15.64,16.115,9.2344e+06
FCX,1085405400,16.125,16.445,15.86,16.025,6.4656e+06
FCX,1085491800,16.125,16.495,16,16.435,5.2166e+06
FCX,1085578200,16.6,16.845,16.56,16.725,6.7864e+06
FCX,1085664600,17.175,17.245,16.775,16.795,6.4154e+06
FCX,1085751000,16.59,16.915,16.35,16.815,8.5922e+06
FCX,1086096600,16.915,17.11,16.36,16.465,5.1144e+06
FCX,1086183000,16.465,16.49,16.08,16.47,5.5836e+06
FCX,1086269400,16.425,16.45,15.72,15.74,6.9528e+06
FCX,1086355800,15.71,16.1,15.545,15.96,6.9616e+06
FCX,1086615000,16.5,16.57,16.305,16.515,4.6388e+06
FCX,1086701400,16.325,16.49,16.26,16.45,3.2724e+06
FCX,1086787800,16.35,16.35,15.53,15.53,6.0986e+06
FCX,1086874200,15.9,16.045,15.7,15.825,4.9312e+06
FCX,1087219800,15.825,15.825,15.08,15.1,3.964e+06
FCX,1087306200,15.245,15.485,15.22,15.43,5.0632e+06
FCX,1087392600,15.325,15.735,15.175,15.655,3.4132e+06
FCX,1087479000,15.66,15.98,15.465,15.85,3.7976e+06
FCX,1087565400,16.1,16.51,15.94,16.26,4.9366e+06
FCX,1087824600,16.3,16.4,15.88,15.96,3.579e+06
FCX,1087911000,15.96,16.165,15.765,16.165,2.263e+06
FCX,1087997400,16.2,16.54,15.96,16.51,4.298e+06
FCX,1088083800,17,17.215,16.825,16.845,6.1436e+06
FCX,1088170200,16.85,17.185,16.765,16.975,4.7644e+06
FCX,1088429400,17.15,17.39,16.535,16.575,5.0826e+06
FCX,1088515800,16.5,16.61,16.125,16.225,5.449e+06
FCX,1088602200,16.37,16.58,16.165,16.575,4.0262e+06
FCX,1088688600,16.675,16.675,16.185,16.25,2.7718e+06
FCX,1088775000,16.57,16.57,16.385,16.495,1.7492e+06
FCX,1089120600,16.555,16.93,16.115,16.265,4.518e+06
FCX,1089207000,16.48,17.48,16.48,17.37,8.5916e+06
FCX,1089293400,17.37,17.72,17.085,17.51,6.032e+06
FCX,1089379800,17.65,17.81,17.35,17.805,6.4736e+06
FCX,1089639000,17.7,17.76,17.375,17.525,3.3856e+06
FCX,1089725400,17.4,17.4,17.1,17.245,4.1156e+06
FCX,1089811800,17.325,17.865,17.28,17.605,4.4388e+06
FCX,1089898200,17.575,17.91,17.375,17.875,3.2512e+06
FCX,1089984600,18.25,18.31,17.89,18,4.7124e+06
FCX,1090243800,17.95,17.975,16.815,17.67,3.8648e+06
FCX,1090330200,17,17.44,16.525,17.4,7.3166e+06
FCX,1090416600,17.3,17.325,16.75,16.75,5.2558e+06
FCX,1090503000,16.72,17.025,16.535,17.01,4.3148e+06
FCX,1090589400,16.6,16.755,16.265,16.68,4.569e+06
FCX,1090848600,16.68,16.825,16.055,16.33,4.9918e+06
FCX,1090935000,16.32,16.72,15.945,16.51,6.4316e+06
FCX,1091021400,16.56,16.825,16.415,16.685,5.7446e+06
FCX,1091107800,16.685,17.285,16.595,17.205,3.2962e+06
FCX,1091194200,17.375,17.685,17.255,17.425,3.3716e+06
FCX,1091453400,17.42,17.6,17.12,17.475,2.559e+06
FCX,1091539800,17.325,17.385,16.95,16.96,3.0228e+06
FCX,1091626200,16.78,16.85,16.485,16.595,3.4736e+06
FCX,1091712600,16.65,16.82,16.2,16.25,3.5802e+06
FCX,1091799000,16.4,16.6,15.965,16.035,5.17e+06
FCX,1092058200,16.035,16.235,15.82,15.82,3.6422e+06
FCX,1092144600,16.375,16.615,16.305,16.525,5.606e+06
FCX,1092231000,16.49,16.495,15.965,16.11,4.3384e+06
FCX,1092317400,16.25,16.265,15.77,15.83,2.9746e+06
FCX,1092403800,16.25,16.265,16.02,16.15,4.1352e+06
FCX,1092663000,16.27,16.645,16.255,16.565,3.5744e+06
FCX,1092749400,16.75,17,16.58,16.915,4.192e+06
FCX,1092835800,16.75,17.31,16.49,17.25,5.0268e+06
FCX,1092922200,17.525,18.005,17.5,17.8,7.2492e+06
FCX,1093008600,18,18.31,17.86,18.12,6.3804e+06
FCX,1093267800,17.975,17.995,17.66,17.96,5.403e+06
FCX,1093354200,17.815,17.99,17.6,17.7,3.3754e+06
FCX,1093440600,17.695,18.14,17.555,18.065,3.351e+06
FCX,1093527000,18.065,18.265,17.84,18.265,3.6994e+06
FCX,1093613400,18.265,18.62,18.255,18.61,3.7778e+06
FCX,1093872600,18.75,18.92,18.625,18.635,4.9632e+06
FCX,1093959000,18.74,18.87,18.675,18.815,3.9992e+06
FCX,1094045400,18.815,18.875,18.7,18.875,3.8938e+06
FCX,1094131800,18.825,19,18.745,18.89,2.8434e+06
FCX,1094218200,18.895,18.895,18.405,18.68,3.8662e+06
FCX,1094563800,18.325,18.875,18.315,18.87,3.296e+06
FCX,1094650200,18.875,18.92,18.535,18.7,2.5326e+06
FCX,1094736600,18.84,18.975,18.705,18.905,2.8384e+06
FCX,1094823000,19,19.155,18.74,18.955,2.7238e+06
FCX,1095082200,18.955,19.12,18.555,18.66,3.2298e+06
FCX,1095168600,18.7,19,18.47,18.93,4.9372e+06
FCX,1095255000,18.975,18.995,18.525,18.56,3.234e+06
FCX,1095341400,18.75,18.925,18.665,18.725,2.0448e+06
FCX,1095427800,18.75,18.94,18.525,18.61,3.2054e+06
FCX,1095687000,19,19,18.61,18.68,3.2788e+06
FCX,1095773400,18.85,19.4,18.85,19.4,4.6542e+06
FCX,1095859800,19.29,19.81,19.17,19.53,4.425e+06
FCX,1095946200,19.625,19.795,19.355,19.445,4.6736e+06
FCX,1096032600,19.445,19.925,19.29,19.9,6.0982e+06
FCX,1096291800,19.9,20.215,19.74,20.175,5.2626e+06
FCX,1096378200,20.625,21.065,20.385,20.975,6.2174e+06
FCX,1096464600,20.5,20.62,19.78,19.935,7.9078e+06
FCX,1096551000,19.925,20.39,19.925,20.25,8.4364e+06
FCX,1096637400,20.425,20.445,19.895,20.05,4.634e+06
FCX,1096896600,20.05,20.305,19.7,20.15,5.2072e+06
FCX,1096983000,20.21,20.34,20.03,20.12,2.99e+06
FCX,1097069400,20.17,20.69,20.135,20.5,7.3232e+06
FCX,1097155800,20.875,21.13,20.495,20.55,8.3156e+06
FCX,1097242200,20.55,21.275,20.55,20.995,8.1706e+06
FCX,1097501400,20.995,21,20.395,20.575,4.2218e+06
FCX,1097587800,20.2,20.2,19.885,20.04,4.4216e+06
FCX,1097674200,18.8,18.96,17.925,18.2,1.71808e+07
FCX,1097760600,18.35,18.585,18.205,18.21,6.0644e+06
FCX,1097847000,18.69,18.69,18.315,18.47,5.9262e+06
FCX,1098106200,18.5,18.585,17.99,18.05,4.053e+06
FCX,1098192600,18.55,18.55,17.395,17.45,8.9096e+06
FCX,1098279000,17.63,18.185,17.63,17.965,6.4022e+06
FCX,1098365400,18.025,18.35,17.865,18.175,5.4738e+06
FCX,1098451800,18.175,18.25,17.83,17.855,2.8902e+06
FCX,1098711000,18.275,18.635,18.21,18.395,6.1816e+06
FCX,1098797400,18.43,18.52,18.16,18.52,3.8166e+06
FCX,1098883800,18.525,18.61,18.19,18.55,4.0774e+06
FCX,1098970200,17.625,18.1,17.47,17.53,8.9814e+06
FCX,1099056600,17.745,18.195,17.74,18.11,6.3104e+06
FCX,1099319400,18.245,18.34,17.875,17.885,3.21e+06
FCX,1099405800,17.85,17.875,17.445,17.495,5.0746e+06
FCX,1099492200,17.875,18.09,17.76,18.09,4.9046e+06
FCX,1099578600,18.4,19.075,18.4,19.05,6.6972e+06
FCX,1099665000,19.05,19.41,18.845,19.265,4.1986e+06
FCX,1099924200,19.25,19.275,18.875,18.94,3.2636e+06
FCX,1100010600,19.15,19.655,19.035,19.565,5.1786e+06
FCX,1100097000,19.565,19.6,18.885,18.995,3.7634e+06
FCX,1100183400,18.995,19.495,18.865,19.43,3.2028e+06
FCX,1100269800,19.625,20.21,19.555,20.19,4.9896e+06
FCX,1100529000,20.29,20.3,19.69,19.82,2.629e+06
FCX,1100615400,19.75,19.89,19.625,19.73,2.7372e+06
FCX,1100701800,20.15,20.71,20,20.015,6.7228e+06
FCX,1100788200,20.015,20.02,19.455,19.5,6.5268e+06
FCX,1100874600,19.55,19.74,19.425,19.56,6.5894e+06
FCX,1101133800,19.56,19.75,19.3,19.475,4.4814e+06
FCX,1101220200,19.5,19.6,19.165,19.305,4.303e+06
FCX,1101306600,19.625,19.85,19.525,19.765,3.6544e+06
FCX,1101479400,20.05,20.4,19.93,20.285,3.5632e+06
FCX,1101738600,20.315,20.55,20.15,20.315,6.4364e+06
FCX,1101825000,20.2,20.425,19.56,19.565,4.3984e+06
FCX,1101911400,19.525,19.715,19.335,19.39,4.601e+06
FCX,1101997800,19.25,19.305,18.46,18.7,6.915e+06
FCX,1102084200,18.575,19.045,18.345,18.695,4.4388e+06
FCX,1102343400,18.475,18.72,18.205,18.495,3.0654e+06
FCX,1102429800,18.585,18.585,18.05,18.09,3.0516e+06
FCX,1102516200,17,18.12,16.99,17.995,9.841e+06
FCX,1102602600,17.9,18.455,17.805,18.37,6.0118e+06
FCX,1102689000,18.075,18.635,18.075,18.305,4.6156e+06
FCX,1102948200,18.385,18.92,18.385,18.78,3.1376e+06
FCX,1103034600,18.75,18.79,18.475,18.685,2.459e+06
FCX,1103121000,18.9,19.13,18.79,18.89,3.0602e+06
FCX,1103207400,18.765,18.92,18.55,18.625,3.5908e+06
FCX,1103293800,18.625,18.96,18.625,18.805,3.2514e+06
FCX,1103553000,18.805,19.2,18.58,18.65,3.4104e+06
FCX,1103639400,18.65,19.235,18.56,19.075,5.504e+06
FCX,1103725800,19.05,19.35,18.95,18.975,3.3614e+06
FCX,1103812200,19,19.125,18.86,18.9,1.9358e+06
FCX,1104157800,18.885,19.1,18.885,18.98,1.9994e+06
FCX,1104244200,19.05,19.155,18.96,19.05,1.544e+06
FCX,1104330600,19,19.245,18.855,19.185,2.0174e+06
FCX,1104417000,19.14,19.2,18.995,19.1,2.3324e+06
FCX,1104503400,19.05,19.245,19.05,19.115,1.2458e+06
FCX,1104762600,19.04,19.04,18.59,18.605,6.0012e+06
FCX,1104849000,18.37,18.375,17.775,17.87,8.562e+06
FCX,1104935400,17.8,18.02,17.61,17.665,6.1034e+06
FCX,1105021800,17.64,17.82,17.565,17.64,4.1664e+06
FCX,1105108200,17.81,18.115,17.64,17.81,5.6584e+06
FCX,1105367400,17.85,18,17.59,17.715,5.6254e+06
FCX,1105453800,17.85,17.955,17.595,17.78,3.8836e+06
FCX,1105540200,17.925,17.93,17.56,17.9,4.6594e+06
FCX,1105626600,17.81,18.305,17.57,18.13,5.3328e+06
FCX,1105713000,18.12,18.465,18.05,18.305,4.4138e+06
FCX,1106058600,18.7,19.245,18.3,19.1,8.69e+06
FCX,1106145000,18.975,19,18.54,18.58,6.0858e+06
FCX,1106231400,18.4,18.57,18.235,18.39,3.653e+06
FCX,1106317800,18.395,18.82,18.395,18.67,4.9796e+06
FCX,1106577000,18.74,18.895,18.62,18.675,3.8046e+06
FCX,1106663400,18.75,18.92,18.355,18.41,3.0434e+06
FCX,1106749800,18.575,18.73,18.485,18.65,3.1564e+06
FCX,1106836200,18.5,18.575,18.205,18.53,4.1728e+06
FCX,1106922600,18.555,18.625,17.955,17.98,4.0032e+06
FCX,1107181800,18.045,18.425,17.865,18.405,2.6334e+06
FCX,1107268200,18.325,18.735,18.305,18.535,3.2016e+06
FCX,1107354600,18.615,18.965,18.6,18.83,4.7998e+06
FCX,1107441000,18.72,18.74,18.46,18.685,2.8968e+06
FCX,1107527400,18.685,18.85,18.29,18.565,4.2862e+06
FCX,1107786600,18.645,18.755,18.29,18.36,3.375e+06
FCX,1107873000,18.26,18.27,17.875,18.125,4.5778e+06
FCX,1107959400,17.9,18.075,17.81,17.955,3.0238e+06
FCX,1108045800,18.055,18.59,18.04,18.56,3.4178e+06
FCX,1108132200,18.64,19.085,18.405,19.04,5.3478e+06
FCX,1108391400,19.125,19.25,18.895,19.085,4.7134e+06
FCX,1108477800,19.225,19.44,18.99,19.065,3.6424e+06
FCX,1108564200,19.195,19.785,19.03,19.585,6.1552e+06
FCX,1108650600,19.585,20.345,19.505,19.85,1.18586e+07
FCX,1108737000,19.85,20.085,19.7,19.865,8.6916e+06
FCX,1109082600,20.125,20.3,19.7,19.845,8.7638e+06
FCX,1109169000,19.94,19.94,19.51,19.905,5.732e+06
FCX,1109255400,19.905,20.23,19.36,20.23,6.1142e+06
FCX,1109341800,20.23,20.625,20.125,20.55,7.7636e+06
FCX,1109601000,20.725,21.035,20.72,20.91,7.4596e+06
FCX,1109687400,20.91,20.99,20.585,20.635,6.4864e+06
FCX,1109773800,20.5,20.94,20.285,20.89,5.0642e+06
FCX,1109860200,20.89,20.975,20.63,20.705,3.332e+06
FCX,1109946600,20.95,21.95,20.925,21.865,7.3558e+06
FCX,1110205800,21.825,21.86,21.355,21.45,4.3274e+06
FCX,1110292200,21.6,21.75,21.425,21.505,6.44e+06
FCX,1110378600,21.5,21.755,21.15,21.2,6.106e+06
FCX,1110465000,20.855,20.925,20.15,20.46,9.1914e+06
FCX,1110551400,20.65,20.74,20.31,20.42,5.2048e+06
FCX,1110810600,20.44,20.495,20.185,20.485,3.7436e+06
FCX,1110897000,20.625,20.775,20.625,20.69,3.558e+06
FCX,1110983400,20.845,20.94,20.265,20.42,2.7816e+06
FCX,1111069800,20.3,20.75,20.15,20.74,3.975e+06
FCX,1111156200,20.74,20.935,20.305,20.595,5.8478e+06
FCX,1111415400,20.5,20.505,20.085,20.16,3.587e+06
FCX,1111501800,20.21,20.74,20,20.035,6.6054e+06
FCX,1111588200,20.005,20.02,19.38,19.455,5.8436e+06
FCX,1111674600,19.455,19.7,19.31,19.36,5.4178e+06
FCX,1112020200,19.5,19.6,19.275,19.315,3.9356e+06
FCX,1112106600,19.32,19.5,18.81,18.93,9.3908e+06
FCX,1112193000,18.975,19.43,18.945,19.42,5.6776e+06
FCX,1112279400,19.655,19.905,19.455,19.805,4.3576e+06
FCX,1112365800,19.875,20.155,19.55,20.005,4.9126e+06
FCX,1112621400,19.775,19.81,19.41,19.58,3.9964e+06
FCX,1112707800,19.615,19.84,19.4,19.465,3.0756e+06
FCX,1112794200,19.465,19.65,19.215,19.48,5.4564e+06
FCX,1112880600,19.56,19.85,19.37,19.465,3.2844e+06
FCX,1112967000,19.4,19.525,19.19,19.22,2.868e+06
FCX,1113226200,19.22,19.35,19.01,19.08,4.0328e+06
FCX,1113312600,18.925,19.33,18.77,19.245,4.4178e+06
FCX,1113399000,18.975,18.975,18.125,18.255,8.6378e+06
FCX,1113485400,18.05,18.1,17.285,17.41,1.23298e+07
FCX,1113571800,17.35,17.7,17.055,17.09,6.3158e+06
FCX,1113831000,17.125,17.695,17.11,17.6,6.801e+06
FCX,1113917400,17.645,18.185,17.56,18.095,6.6124e+06
FCX,1114003800,18.325,18.485,17.915,18.005,7.4448e+06
FCX,1114090200,18.125,18.24,17.915,18.05,4.864e+06
FCX,1114176600,18.465,18.55,17.96,18.12,5.4708e+06
FCX,1114435800,18.165,18.6,17.67,18.595,7.0902e+06
FCX,1114522200,18.605,18.635,18.05,18.05,3.7196e+06
FCX,1114608600,18.03,18.035,17.165,17.43,8.4864e+06
FCX,1114695000,17.43,17.55,16.87,16.985,7.6214e+06
FCX,1114781400,17.15,17.435,17.03,17.33,4.787e+06
FCX,1115040600,17.33,17.45,17.095,17.39,4.9058e+06
FCX,1115127000,17.39,17.74,17.305,17.695,4.5652e+06
FCX,1115213400,17.99,18.095,17.695,18.015,5.8798e+06
FCX,1115299800,18.125,18.245,17.875,18.145,3.7772e+06
FCX,1115386200,18.1,18.25,17.975,18.125,2.2448e+06
FCX,1115645400,18.055,18.24,17.995,18.135,3.0182e+06
FCX,1115731800,18.125,18.23,17.685,17.77,3.0852e+06
FCX,1115818200,17.605,17.865,17.475,17.625,3.1904e+06
FCX,1115904600,17.5,17.5,16.41,16.535,8.4112e+06
FCX,1115991000,16.575,16.64,15.79,16.03,7.5624e+06
FCX,1116250200,16,16.14,15.76,16.04,7.3468e+06
FCX,1116336600,16.225,16.835,16.155,16.75,7.1724e+06
FCX,1116423000,16.97,17.455,16.92,17.215,6.046e+06
FCX,1116509400,17.2,17.23,16.93,17.16,3.278e+06
FCX,1116595800,17.11,17.11,16.79,16.88,4.2208e+06
FCX,1116855000,16.175,17.09,16.155,16.955,5.3436e+06
FCX,1116941400,17.035,17.335,17.005,17.3,5.0886e+06
FCX,1117027800,17.295,17.35,17.07,17.31,7.7312e+06
FCX,1117114200,17.425,17.565,17.345,17.47,3.8486e+06
FCX,1117200600,17.58,17.775,17.525,17.77,2.6336e+06
FCX,1117546200,17.58,17.755,17.18,17.65,3.5826e+06
FCX,1117632600,17.67,18.215,17.5,18.04,3.8874e+06
FCX,1117719000,18.135,18.685,17.985,18.125,5.4176e+06
FCX,1117805400,18.21,18.6,18.21,18.41,3.936e+06
FCX,1118064600,18.53,18.575,18.005,18.09,3.0898e+06
FCX,1118151000,18.115,18.17,17.775,17.81,4.7494e+06
FCX,1118237400,17.81,17.885,17.44,17.48,3.8432e+06
FCX,1118323800,17.53,17.555,17.25,17.49,3.7758e+06
FCX,1118410200,17.54,17.925,17.425,17.865,3.3532e+06
FCX,1118669400,17.915,18.11,17.69,17.995,6.9628e+06
FCX,1118755800,17.995,18.14,17.555,17.695,3.862e+06
FCX,1118842200,18.05,18.34,17.96,18.34,4.41e+06
FCX,1118928600,18.755,19.17,18.635,19,7.1336e+06
FCX,1119015000,19.25,19.4,19,19.27,7.11e+06
FCX,1119274200,19.27,19.315,18.745,18.765,4.3014e+06
FCX,1119360600,18.7,18.875,18.335,18.65,4.2678e+06
FCX,1119447000,18.7,18.775,18.37,18.46,3.3434e+06
FCX,1119533400,18.025,18.555,18,18.14,4.668e+06
FCX,1119619800,18.2,18.65,18.17,18.34,3.6994e+06
FCX,1119879000,18.37,18.525,18.2,18.37,2.0806e+06
FCX,1119965400,18.47,18.665,18.375,18.575,2.3074e+06
FCX,1120051800,18.55,19.075,18.45,18.95,4.8454e+06
FCX,1120138200,19,19.245,18.62,18.72,5.1134e+06
FCX,1120224600,18.825,18.975,18.56,18.965,3.8582e+06
FCX,1120570200,18.965,19.03,18.605,18.99,3.5024e+06
FCX,1120656600,19.07,19.34,18.96,19.185,3.252e+06
FCX,1120743000,19.025,19.145,18.845,19.11,2.8048e+06
FCX,1120829400,19.27,19.515,19.25,19.405,3.318e+06
FCX,1121088600,19.55,19.825,19.415,19.715,4.2798e+06
FCX,1121175000,19.735,19.75,19.49,19.6,2.6734e+06
FCX,1121261400,19.505,19.73,19.35,19.665,3.2074e+06
FCX,1121347800,19.75,19.915,19.36,19.365,4.4546e+06
FCX,1121434200,19.305,19.36,19.205,19.3,2.6916e+06
FCX,1121693400,19.29,19.68,19.275,19.325,5.0258e+06
FCX,1121779800,19.38,19.625,19.185,19.38,8.3048e+06
FCX,1121866200,19.41,19.935,19.41,19.815,5.1094e+06
FCX,1121952600,20.375,20.375,19.585,20.04,9.8438e+06
FCX,1122039000,20.04,20.2,19.965,20.15,5.0926e+06
FCX,1122298200,20.25,20.365,20.05,20.175,4.9328e+06
FCX,1122384600,20.05,20.17,19.615,19.74,4.655e+06
FCX,1122471000,19.8,19.965,19.7,19.835,3.7008e+06
FCX,1122557400,19.9,20.09,19.7,20.005,4.4424e+06
FCX,1122643800,20.005,20.2,19.875,20.14,4.5554e+06
FCX,1122903000,20.25,20.35,20.035,20.275,3.6828e+06
FCX,1122989400,20.3,20.825,20.275,20.58,5.449e+06
FCX,1123075800,20.605,21.085,20.56,20.885,4.5288e+06
FCX,1123162200,21.005,21.15,20.79,20.89,4.4532e+06
FCX,1123248600,20.905,21,20.385,20.51,3.2704e+06
FCX,1123507800,20.525,20.85,20.48,20.505,3.8358e+06
FCX,1123594200,20.475,20.53,20.01,20.465,4.8702e+06
FCX,1123680600,20.5,21.23,20.5,20.955,6.6352e+06
FCX,1123767000,21.075,21.735,20.925,21.575,7.4346e+06
FCX,1123853400,21.6,21.745,21.315,21.675,4.078e+06
FCX,1124112600,21.61,21.74,21.455,21.65,3.194e+06
FCX,1124199000,21.525,21.695,21.245,21.27,4.452e+06
FCX,1124285400,20.975,21.155,20.33,20.38,8.0204e+06
FCX,1124371800,20.41,20.65,20.315,20.405,5.2094e+06
FCX,1124458200,20.55,20.635,20.295,20.56,3.1576e+06
FCX,1124717400,20.675,21,20.585,20.72,3.7846e+06
FCX,1124803800,20.775,20.9,20.27,20.4,4.74e+06
FCX,1124890200,19.925,20.295,19.855,19.93,5.3424e+06
FCX,1124976600,19.9,20.17,19.89,20.12,3.4324e+06
FCX,1125063000,20.03,20.43,19.875,19.925,3.127e+06
FCX,1125322200,19.905,20.565,19.77,20.4,4.4658e+06
FCX,1125408600,20.035,20.675,20.035,20.58,5.1386e+06
FCX,1125495000,20.68,21.09,20.665,21.085,4.8686e+06
FCX,1125581400,21.405,21.77,21.35,21.66,5.1854e+06
FCX,1125667800,21.775,21.88,21.485,21.485,4.1656e+06
FCX,1126013400,21.27,21.49,20.955,21.49,4.5924e+06
FCX,1126099800,21.365,21.57,21.205,21.345,3.989e+06
FCX,1126186200,21.45,21.82,21.36,21.45,5.0376e+06
FCX,1126272600,21.525,21.9,21.405,21.865,3.8996e+06
FCX,1126531800,21.935,22.185,21.735,22.145,3.8462e+06
FCX,1126618200,21.45,21.56,21.065,21.175,6.5466e+06
FCX,1126704600,21.2,21.51,21.15,21.475,4.0256e+06
FCX,1126791000,21.675,21.715,21.325,21.49,3.8732e+06
FCX,1126877400,21.7,21.935,21.615,21.9,4.453e+06
FCX,1127136600,22.175,22.375,21.975,22.225,5.1924e+06
FCX,1127223000,22.34,22.65,22.08,22.165,8.2992e+06
FCX,1127309400,22.2,22.75,22.2,22.64,5.237e+06
FCX,1127395800,22.8,22.84,22.35,22.51,6.3598e+06
FCX,1127482200,22.4,22.93,22.26,22.88,5.3898e+06
FCX,1127741400,22.88,23.685,22.65,23.525,1.0292e+07
FCX,1127827800,23.525,23.725,23.28,23.51,8.9158e+06
FCX,1127914200,24,24.45,23.67,24.155,7.4418e+06
FCX,1128000600,24.155,24.605,23.885,24.485,9.1896e+06
FCX,1128087000,24.485,24.74,24.245,24.295,4.9092e+06
FCX,1128346200,24.205,24.345,23.865,24.11,4.997e+06
FCX,1128432600,23.75,24.435,23.445,23.495,9.3184e+06
FCX,1128519000,22.775,23.1,22.515,22.54,8.198e+06
FCX,1128605400,22.535,23.26,22.33,22.825,6.1952e+06
FCX,1128691800,23.125,23.57,23.005,23.51,3.9482e+06
FCX,1128951000,23.63,24.105,23.21,23.36,3.056e+06
FCX,1129037400,23.5,24.145,23.5,23.855,5.1106e+06
FCX,1129123800,23.785,23.86,22.815,22.99,7.0294e+06
FCX,1129210200,22.71,23.07,21.9,22.935,6.276e+06
FCX,1129296600,22.795,23.075,22.51,23.075,4.2862e+06
FCX,1129555800,23.5,24.105,23.43,23.97,4.781e+06
FCX,1129642200,24.35,24.47,23.2,23.2,5.864e+06
FCX,1129728600,23.015,23.465,22.5,23.46,7.1858e+06
FCX,1129815000,23.675,24.025,22.25,22.51,8.6524e+06
FCX,1129901400,22.66,23.15,21.98,23.1,1.00296e+07
FCX,1130160600,23.135,24.225,23.08,24.065,5.8574e+06
FCX,1130247000,24.185,24.7,24.185,24.245,7.2484e+06
FCX,1130333400,24.6,25.115,24.265,24.31,7.2796e+06
FCX,1130419800,24.8,24.825,23.905,23.91,6.2012e+06
FCX,1130506200,24.03,24.75,23.56,24.68,5.8076e+06
FCX,1130769000,25,25.125,24.375,24.71,6.187e+06
FCX,1130855400,24.55,25.19,24.505,25.005,7.0374e+06
FCX,1130941800,25.2,25.67,25.06,25.475,4.276e+06
FCX,1131028200,25.53,25.935,25.385,25.595,4.0598e+06
FCX,1131114600,25.575,25.585,24.7,25.14,3.86e+06
FCX,1131373800,25.05,25.19,24.83,24.935,4.396e+06
FCX,1131460200,24.895,25.15,24.725,24.91,2.8878e+06
FCX,1131546600,24.875,25.245,24.865,25.09,4.6788e+06
FCX,1131633000,25.21,25.495,24.825,25.025,3.8814e+06
FCX,1131719400,25.13,25.495,24.985,25.485,4.1386e+06
FCX,1131978600,25.425,25.68,25.12,25.3,3.2334e+06
FCX,1132065000,25.375,25.475,24.8,24.915,5.3444e+06
FCX,1132151400,25.095,25.955,25.05,25.9,5.895e+06
FCX,1132237800,26.125,26.265,25.815,25.96,4.0046e+06
FCX,1132324200,26.29,26.415,25.52,25.685,3.8656e+06
FCX,1132583400,25.58,26.015,25.485,26.015,4.52e+06
FCX,1132669800,26.015,26.3,25.665,26.27,5.003e+06
FCX,1132756200,25.875,26.125,25.735,25.865,2.9794e+06
FCX,1132929000,26.1,26.635,26.1,26.615,1.5758e+06
FCX,1133188200,26.85,26.895,26.21,26.22,3.7816e+06
FCX,1133274600,25.235,26.215,25.1,26.03,7.1502e+06
FCX,1133361000,25.915,26.18,25.835,26.055,5.193e+06
FCX,1133447400,26.435,27.2,26.315,27.17,6.1282e+06
FCX,1133533800,27.125,27.125,26.585,26.85,4.315e+06
FCX,1133793000,27.175,27.345,26.895,27.22,3.8546e+06
FCX,1133879400,26.9,27.585,26.745,27.49,5.62e+06
FCX,1133965800,27.7,27.91,27.16,27.39,4.653e+06
FCX,1134052200,27.6,27.795,27.475,27.68,5.1876e+06
FCX,1134138600,28,28.05,27.38,27.53,4.7222e+06
FCX,1134397800,27.8,28.175,27.13,27.3,5.2994e+06
FCX,1134484200,27.11,27.62,26.905,27.505,5.5924e+06
FCX,1134570600,27.37,27.49,26.525,26.575,5.2232e+06
FCX,1134657000,26.7,27,26.6,26.725,5.2534e+06
FCX,1134743400,26.96,27.195,26.855,26.9,5.1304e+06
FCX,1135002600,27.195,27.38,26.43,26.5,3.832e+06
FCX,1135089000,26.675,26.985,26.05,26.26,4.0366e+06
FCX,1135175400,26.275,26.885,25.97,26.885,4.9392e+06
FCX,1135261800,27.245,27.59,26.94,27.575,4.092e+06
FCX,1135348200,27.825,27.825,27.455,27.555,1.6766e+06
FCX,1135693800,27.85,27.855,26.7,26.745,3.5098e+06
FCX,1135780200,27.205,27.6,26.96,27.44,3.194e+06
FCX,1135866600,27.4,27.71,27.02,27.57,2.4222e+06
FCX,1135953000,27.2,27.27,26.855,26.9,1.9286e+06
FCX,1136298600,27.145,28.265,27.025,28.24,9.9784e+06
FCX,1136385000,28.69,29.94,28.51,29.875,1.1055e+07
FCX,1136471400,29.5,29.625,28.635,28.9,5.5694e+06
FCX,1136557800,29.55,30.04,29.3,29.52,6.1076e+06
FCX,1136817000,29.59,29.595,29.13,29.295,5.8156e+06
FCX,1136903400,28.025,30.485,28.025,30.47,1.0777e+07
FCX,1136989800,30.695,30.75,29.965,30.16,5.0108e+06
FCX,1137076200,29.84,30.185,29.355,29.575,5.0134e+06
FCX,1137162600,29.64,30.425,29.52,30.375,4.246e+06
FCX,1137508200,30.625,31.695,30.055,30.885,1.1308e+07
FCX,1137594600,30.25,30.455,29.05,29.325,8.473e+06
FCX,1137681000,29.85,29.875,29.3,29.465,6.6348e+06
FCX,1137767400,29.675,30.105,28.56,28.69,7.1548e+06
FCX,1138026600,28.375,29.2,27.9,29.15,9.1698e+06
FCX,1138113000,29.185,30.185,29.145,30.11,7.3572e+06
FCX,1138199400,30.235,31.25,30,30.235,8.0954e+06
FCX,1138285800,30.75,30.94,29.9,30.9,6.6146e+06
FCX,1138372200,31,32,30.975,31.485,6.3414e+06
FCX,1138631400,31.405,31.85,30.975,31.65,5.9176e+06
FCX,1138717800,31.71,32.39,31.375,32.125,8.451e+06
FCX,1138804200,32.25,32.5,31.88,32.155,6.8524e+06
FCX,1138890600,32.155,32.345,30.915,31.22,7.4032e+06
FCX,1138977000,31.22,31.455,30.5,30.83,4.871e+06
FCX,1139236200,30.75,31.53,30.72,31.3,5.621e+06
FCX,1139322600,30.75,30.825,28.925,29.01,8.6956e+06
FCX,1139409000,28.99,29.325,28.14,28.63,9.1858e+06
FCX,1139495400,29.375,29.74,28.275,28.415,5.5976e+06
FCX,1139581800,27.125,27.5,25.595,25.965,1.85458e+07
FCX,1139841000,25.985,26.565,25.35,25.475,1.1265e+07
FCX,1139927400,25.65,26.36,25.285,26.24,8.2756e+06
FCX,1140013800,26.09,26.19,24.94,25.135,1.06084e+07
FCX,1140100200,25.3,26.245,25.125,26.14,7.8628e+06
FCX,1140186600,26.625,27.35,26.335,26.475,7.3392e+06
FCX,1140532200,26.63,27.375,26.63,27.215,5.399e+06
FCX,1140618600,27.3,27.67,27.11,27.52,7.7614e+06
FCX,1140705000,27.5,27.67,25.385,25.815,1.07118e+07
FCX,1140791400,25.955,26.57,25.625,26.435,9.2388e+06
FCX,1141050600,25.935,26.1,25.59,25.73,7.6498e+06
FCX,1141137000,25.6,25.745,25.195,25.315,8.7318e+06
FCX,1141223400,25.315,26.26,25.29,26.01,6.1432e+06
FCX,1141309800,26.45,27.115,26.02,26.855,5.9194e+06
FCX,1141396200,26.595,27.1,26.575,26.775,4.0216e+06
FCX,1141655400,26.875,27,25.625,25.94,5.7756e+06
FCX,1141741800,25.855,26.025,24.905,25.11,6.65e+06
FCX,1141828200,24.125,24.435,23.78,24.245,1.59262e+07
FCX,1141914600,24.55,25.225,24.16,24.175,7.6896e+06
FCX,1142001000,24,25.22,23.555,25.055,6.7886e+06
FCX,1142260200,25.025,25.14,24.525,24.885,5.1498e+06
FCX,1142346600,25,26.145,24.975,25.96,6.7484e+06
FCX,1142433000,26.03,26.72,26.03,26.65,5.7982e+06
FCX,1142519400,26.53,26.875,26.03,26.365,5.4842e+06
FCX,1142605800,26.6,27.19,26.4,26.61,7.2368e+06
FCX,1142865000,26.565,26.92,26.175,26.315,3.9918e+06
FCX,1142951400,25.855,26.375,25.5,25.5,5.8872e+06
FCX,1143037800,25.65,26.245,25.51,25.84,5.0146e+06
FCX,1143124200,25.775,26.47,25.765,26.39,4.2832e+06
FCX,1143210600,26.5,27.125,26.405,26.845,4.2984e+06
FCX,1143469800,27.1,28.4,27.085,28.095,9.3344e+06
FCX,1143556200,28.5,28.97,28.05,28.35,9.4632e+06
FCX,1143642600,28.475,30,28.375,29.85,9.3466e+06
FCX,1143729000,30.4,30.845,30.185,30.575,9.8596e+06
FCX,1143815400,30.45,30.45,29.58,29.885,7.3134e+06
FCX,1144071000,30.85,31.485,30.525,30.74,7.3538e+06
FCX,1144157400,30.5,31.18,30.345,31.095,5.0656e+06
FCX,1144243800,31.525,32.47,30.8,32.05,9.601e+06
FCX,1144330200,32.3,32.49,31.67,32.155,9.8268e+06
FCX,1144416600,31.525,31.795,30.47,30.5,9.6228e+06
FCX,1144675800,31.25,31.375,30.65,31.04,7.1562e+06
FCX,1144762200,31.745,32.435,30.66,30.81,8.9514e+06
FCX,1144848600,30.81,31.66,30.81,31.325,7.3576e+06
FCX,1144935000,31.1,31.86,30.6,31.775,4.811e+06
FCX,1145280600,32.6,32.78,32.19,32.595,7.3314e+06
FCX,1145367000,33.89,35.34,33.645,34.785,1.65972e+07
FCX,1145453400,35.175,36.1,34.32,36.045,1.03798e+07
FCX,1145539800,35.975,35.975,33.8,33.84,1.2528e+07
FCX,1145626200,33.885,34.45,33.075,33.25,1.29772e+07
FCX,1145885400,33.25,33.36,32.335,32.95,1.02392e+07
FCX,1145971800,33.8,34.125,32.755,33.385,8.9986e+06
FCX,1146058200,33.45,34.18,32.55,32.785,1.03196e+07
FCX,1146144600,31.82,32.73,30.495,31.64,1.20688e+07
FCX,1146231000,32.1,32.995,32.015,32.29,1.02292e+07
FCX,1146490200,32.95,33.25,32.57,32.685,6.5808e+06
FCX,1146576600,32.9,32.925,31.825,32.375,8.9218e+06
FCX,1146663000,32.5,32.66,31.32,31.565,8.2426e+06
FCX,1146749400,32.075,33.83,31.77,33.1,1.14326e+07
FCX,1146835800,33.5,33.98,32.945,33.235,6.3308e+06
FCX,1147095000,33.325,33.985,33.01,33.305,6.1762e+06
FCX,1147181400,33.875,34.925,33.725,34.735,8.2228e+06
FCX,1147267800,34.735,35.14,33.94,34.91,9.3234e+06
FCX,1147354200,35.6,35.9,33.95,34.11,1.09576e+07
FCX,1147440600,33.995,34.545,32.375,32.71,1.07532e+07
FCX,1147699800,30.75,31.7,30,30.75,1.458e+07
FCX,1147786200,31.475,31.485,29.2,30.315,1.22274e+07
FCX,1147872600,29.6,30.73,28.055,28.47,1.90882e+07
FCX,1147959000,28.95,29.1,27.385,27.475,1.40026e+07
FCX,1148045400,26.625,27.56,26.525,27.375,2.23728e+07
FCX,1148304600,27,27.28,26.105,27.135,1.74644e+07
FCX,1148391000,28.025,28.85,27.63,27.765,1.85872e+07
FCX,1148477400,27.31,27.78,25.945,26.54,1.5689e+07
FCX,1148563800,27.025,28.2,26.775,28.005,1.30006e+07
FCX,1148650200,28.375,28.585,27.365,28.345,7.1866e+06
FCX,1148995800,28.61,28.79,27.195,27.255,1.04512e+07
FCX,1149082200,27.6,28.335,27.41,27.995,8.399e+06
FCX,1149168600,27.48,27.94,26.835,27.83,1.08314e+07
FCX,1149255000,28.375,28.615,28.025,28.37,7.0846e+06
FCX,1149514200,27.825,27.855,25.85,25.955,1.53204e+07
FCX,1149600600,25.89,26.5,25.49,26.405,1.4265e+07
FCX,1149687000,26.36,26.79,25.565,25.625,1.3104e+07
FCX,1149773400,25.5,25.535,23.525,24.965,2.43988e+07
FCX,1149859800,25.135,25.65,24.385,24.515,1.169e+07
FCX,1150119000,24.8,24.925,23.65,23.73,1.22296e+07
FCX,1150205400,22.755,23.355,21.55,21.875,2.03734e+07
FCX,1150291800,22.325,22.94,22.245,22.85,1.68186e+07
FCX,1150378200,23.425,24.63,23.34,24.52,1.5587e+07
FCX,1150464600,24.825,24.85,23.92,24.15,1.31372e+07
FCX,1150723800,23.95,24.15,23.15,23.485,1.14076e+07
FCX,1150810200,23.535,24.345,23.345,23.72,8.2454e+06
FCX,1150896600,23.685,24.98,23.685,24.615,9.1714e+06
FCX,1150983000,24.575,24.935,24.14,24.595,8.402e+06
FCX,1151069400,24.39,25.335,24.35,24.9,6.9712e+06
FCX,1151328600,25.175,25.48,24.875,25.4,1.03878e+07
FCX,1151415000,25.4,25.85,24.66,24.9,1.00766e+07
FCX,1151501400,25,25.3,24.675,25.07,7.3814e+06
FCX,1151587800,25.3,27.725,25.25,27.63,1.48532e+07
FCX,1151674200,27.945,28.15,27.415,27.705,1.24152e+07
FCX,1151933400,28.6,29.32,28.2,29.265,8.22e+06
FCX,1152106200,28.95,28.97,27.94,28.35,1.19434e+07
FCX,1152192600,28.5,29.69,28.45,28.78,1.12612e+07
FCX,1152279000,28.7,29.2,27.945,28.07,9.5802e+06
FCX,1152538200,28.175,28.68,27.975,28.325,9.3444e+06
FCX,1152624600,28.35,28.525,27.77,28.445,9.9484e+06
FCX,1152711000,28.5,28.94,27.65,28.075,1.04198e+07
FCX,1152797400,27.76,27.81,26.505,26.59,1.04392e+07
FCX,1152883800,26.9,27.395,26.415,27.2,8.0638e+06
FCX,1153143000,26.65,26.9,25.415,25.785,1.07172e+07
FCX,1153229400,26.52,26.61,25.255,25.92,1.30008e+07
FCX,1153315800,26.375,27.5,25.805,27.175,1.02354e+07
FCX,1153402200,26.975,27.22,25.595,25.605,1.0842e+07
FCX,1153488600,25.925,25.98,25.07,25.25,8.857e+06
FCX,1153747800,25,25.52,23.79,25.5,1.3397e+07
FCX,1153834200,25.415,26.165,25.225,26.05,8.2866e+06
FCX,1153920600,25.55,26.365,25.125,26.13,9.0982e+06
FCX,1154007000,26.725,26.875,25.45,25.73,8.3628e+06
FCX,1154093400,25.925,26.545,25.66,26.45,5.2918e+06
FCX,1154352600,26.765,27.66,26.4,27.28,9.6074e+06
FCX,1154439000,27.28,27.625,26.66,27.565,8.4524e+06
FCX,1154525400,28.425,28.665,27.675,28.16,1.14398e+07
FCX,1154611800,27.595,28.11,27.39,27.89,8.9196e+06
FCX,1154698200,28.275,28.67,27.395,27.565,8.0188e+06
FCX,1154957400,27.625,28.335,27.555,28,5.9178e+06
FCX,1155043800,28.05,28.23,27.065,27.195,6.2552e+06
FCX,1155130200,27.525,27.75,26.905,27.25,7.9826e+06
FCX,1155216600,26.95,27.14,26.61,27.115,7.1922e+06
FCX,1155303000,27.125,27.54,26.58,26.75,4.467e+06
FCX,1155562200,26.75,27.215,26.515,26.555,4.5638e+06
FCX,1155648600,26.9,27.295,26.665,27.09,5.0428e+06
FCX,1155735000,27.27,27.665,27.11,27.36,5.9464e+06
FCX,1155821400,27.255,27.295,26.455,26.79,6.303e+06
FCX,1155907800,27,27.285,26.795,27.285,4.8966e+06
FCX,1156167000,27.575,28.735,27.55,28.575,1.14958e+07
FCX,1156253400,28.445,28.57,28.085,28.45,6.0982e+06
FCX,1156339800,28.565,28.915,28.19,28.335,4.5464e+06
FCX,1156426200,28.485,28.755,28.01,28.32,3.9916e+06
FCX,1156512600,28.45,28.9,28.45,28.7,4.2518e+06
FCX,1156771800,28.465,28.645,28.175,28.295,3.6984e+06
FCX,1156858200,28.275,28.51,27.815,28.51,4.3414e+06
FCX,1156944600,28.72,28.885,28.31,28.54,4.6172e+06
FCX,1157031000,28.985,29.395,28.95,29.105,4.9736e+06
FCX,1157117400,29.17,29.86,28.71,29.68,5.1454e+06
FCX,1157463000,30.675,31.145,30.395,30.795,8.3134e+06
FCX,1157549400,30.695,30.795,30.115,30.175,5.9472e+06
FCX,1157635800,29.95,30.15,29.475,29.655,5.881e+06
FCX,1157722200,29.4,29.525,29.14,29.155,5.2022e+06
FCX,1157981400,28.6,28.695,26.96,26.975,1.3145e+07
FCX,1158067800,26.975,27.34,26.285,26.695,1.14964e+07
FCX,1158154200,27.075,27.365,26.66,27.175,6.6752e+06
FCX,1158240600,27.5,27.535,25.6,26,1.12078e+07
FCX,1158327000,26.15,26.555,25.665,26.05,9.674e+06
FCX,1158586200,26.075,26.87,25.82,26.72,8.6466e+06
FCX,1158672600,26.15,26.365,25.235,25.63,8.5914e+06
FCX,1158759000,25.68,26.1,25.2,25.365,7.8024e+06
FCX,1158845400,25.365,26.075,25.365,25.805,7.2478e+06
FCX,1158931800,26.075,26.25,25.305,25.395,6.4506e+06
FCX,1159191000,25.2,25.875,24.475,25.72,9.7312e+06
FCX,1159277400,25.745,26.865,25.4,26.75,1.1749e+07
FCX,1159363800,26.75,27.26,26.135,27.095,9.5348e+06
FCX,1159450200,27.025,27.365,26.695,26.75,4.6918e+06
FCX,1159536600,26.65,27.035,26.465,26.63,5.392e+06
FCX,1159795800,26.95,27.47,26.675,26.735,6.5732e+06
FCX,1159882200,26.05,26.095,24.65,24.75,1.48128e+07
FCX,1159968600,24.88,25.125,23.8,24.52,1.41478e+07
FCX,1160055000,25.25,25.985,25.125,25.82,1.07168e+07
FCX,1160141400,26,26.705,25.68,26.395,9.114e+06
FCX,1160400600,27.135,27.38,26.685,26.875,8.1754e+06
FCX,1160487000,26.375,27.405,26.25,27.195,7.5e+06
FCX,1160573400,26.95,27.75,26.7,26.775,9.7448e+06
FCX,1160659800,26.66,27.5,26.465,27.5,7.0226e+06
FCX,1160746200,27.675,28.265,27.54,28.25,7.579e+06
FCX,1161005400,28.445,29.025,28.27,28.995,7.684e+06
FCX,1161091800,28.65,28.995,27.93,28.995,1.00698e+07
FCX,1161178200,29.05,29.33,28.005,28.21,7.126e+06
FCX,1161264600,28.295,29.14,28.25,29.06,6.331e+06
FCX,1161351000,29.01,29.055,28.245,28.245,5.8712e+06
FCX,1161610200,28,29.3,27.825,29.275,8.5894e+06
FCX,1161696600,28.72,29.99,28.5,29.91,9.963e+06
FCX,1161783000,29.625,30.22,29.41,29.885,8.3166e+06
FCX,1161869400,30.04,30.065,29.205,29.7,4.9452e+06
FCX,1161955800,29.655,30.32,29.475,29.525,7.7926e+06
FCX,1162218600,29.445,30.025,29.325,29.6,5.2598e+06
FCX,1162305000,29.765,30.375,29.68,30.24,7.1866e+06
FCX,1162391400,30.5,30.86,29.53,29.845,9.163e+06
FCX,1162477800,29.825,30.33,29.505,30.125,5.2234e+06
FCX,1162564200,30.35,30.965,30.135,30.575,8.2652e+06
FCX,1162823400,30.53,30.735,30.05,30.665,8.4554e+06
FCX,1162909800,30.825,30.965,30.085,30.365,7.024e+06
FCX,1162996200,30.125,30.32,29.44,29.525,8.6026e+06
FCX,1163082600,29.775,30.735,29.635,30.415,8.508e+06
FCX,1163169000,29.775,30.04,28.775,29.41,9.619e+06
FCX,1163428200,28.75,29.06,28.045,28.965,1.01366e+07
FCX,1163514600,29.175,29.25,28.315,28.495,7.8146e+06
FCX,1163601000,28.3,29.025,27.915,28.775,8.5634e+06
FCX,1163687400,28.85,29.145,28.005,28.08,7.2104e+06
FCX,1163773800,27.75,28.785,27.475,28.7,1.18932e+07
FCX,1164033000,27.89,29.85,27.64,27.815,4.5927e+07
FCX,1164119400,27.925,29.825,27.5,29.205,3.48886e+07
FCX,1164205800,29.6,31.5,29.54,30.9,3.2381e+07
FCX,1164378600,30.635,31.155,30.41,30.93,8.19e+06
FCX,1164637800,31,31.45,30.51,30.725,1.65614e+07
FCX,1164724200,30.885,31.125,30.055,30.4,2.1696e+07
FCX,1164810600,30.525,30.995,30.05,30.82,1.66486e+07
FCX,1164897000,31,31.85,30.45,31.435,1.89614e+07
FCX,1164983400,31.445,31.445,30.435,30.75,1.5407e+07
FCX,1165242600,31.05,31.165,30.275,30.465,9.0762e+06
FCX,1165329000,30.995,31.125,30.57,30.87,1.34592e+07
FCX,1165415400,30.72,31.31,30.55,31,1.39388e+07
FCX,1165501800,31,31.255,30.55,30.96,9.1456e+06
FCX,1165588200,30.9,31.095,30.55,30.905,8.8476e+06
FCX,1165847400,31.05,31.21,30.49,30.675,1.0616e+07
FCX,1165933800,29.9,30.225,29.075,29.72,1.42744e+07
FCX,1166020200,29.92,29.925,29.125,29.415,9.9814e+06
FCX,1166106600,29.505,30,29.425,29.865,7.2078e+06
FCX,1166193000,29.88,30.23,29.5,30.04,1.4302e+07
FCX,1166452200,29.84,29.915,29.35,29.375,8.278e+06
FCX,1166538600,29.36,30.125,29.18,30.055,7.8368e+06
FCX,1166625000,29.845,29.92,28.995,29.19,8.8776e+06
FCX,1166711400,28.99,29,27.085,27.425,1.96312e+07
FCX,1166797800,27.55,27.625,26.7,26.92,9.7758e+06
FCX,1167143400,27.275,27.45,26.94,27.27,5.2678e+06
FCX,1167229800,27.375,28.15,27.315,28.065,8.405e+06
FCX,1167316200,27.935,28.47,27.775,27.98,8.102e+06
FCX,1167402600,28.01,28.12,27.575,27.865,5.342e+06
FCX,1167834600,27.02,27.02,24.865,25.245,2.84646e+07
FCX,1167921000,24.7,25.49,24.425,25.48,2.20034e+07
FCX,1168007400,25.88,26.21,24.97,25.74,1.52404e+07
FCX,1168266600,25.975,26.2,25.7,26.125,1.51646e+07
FCX,1168353000,26.075,26.275,25.635,25.95,1.37376e+07
FCX,1168439400,25.905,26.68,25.505,26.595,1.24282e+07
FCX,1168525800,26.31,27.13,26.1,26.895,1.07096e+07
FCX,1168612200,26.8,27.74,26.71,27.505,1.088e+07
FCX,1168957800,27.4,27.525,26.635,26.7,1.81834e+07
FCX,1169044200,26.765,26.825,26.025,26.745,1.58468e+07
FCX,1169130600,26.975,26.99,25.965,26.29,1.42e+07
FCX,1169217000,26.5,27.505,26.44,26.975,1.21408e+07
FCX,1169476200,26.55,26.905,26.125,26.375,1.20462e+07
FCX,1169562600,26.555,27.6,26.555,27.485,1.67406e+07
FCX,1169649000,27.625,28.305,27.275,28.17,1.70322e+07
FCX,1169735400,28.475,29.28,28.35,29.19,2.7373e+07
FCX,1169821800,28.9,29.27,28.585,29.245,1.30112e+07
FCX,1170081000,28.635,28.865,27.455,27.545,2.07108e+07
FCX,1170167400,28,28.505,27.445,28.25,1.75908e+07
FCX,1170253800,28.15,28.78,28.06,28.755,1.11524e+07
FCX,1170340200,28.91,29.025,28.36,28.385,1.471e+07
FCX,1170426600,27.75,28.045,27.5,27.62,1.68844e+07
FCX,1170685800,27.9,27.98,27.115,27.28,1.13034e+07
FCX,1170772200,27.505,27.595,27.085,27.205,1.05372e+07
FCX,1170858600,27.205,27.46,26.875,26.98,8.1778e+06
FCX,1170945000,27.04,27.04,26.56,26.715,1.61454e+07
FCX,1171031400,27.005,27.315,26.565,26.825,1.6154e+07
FCX,1171290600,26.325,27,26.325,26.625,6.4656e+06
FCX,1171377000,27.07,28.225,27.01,28.095,1.7715e+07
FCX,1171463400,28.205,28.525,27.775,28.315,1.8643e+07
FCX,1171549800,28.85,29.3,28.6,28.92,1.76318e+07
FCX,1171636200,28.615,29.065,28.55,28.78,7.6016e+06
FCX,1171981800,28.45,28.565,28.125,28.245,7.2076e+06
FCX,1172068200,28.245,29.37,28.175,29.24,1.25404e+07
FCX,1172154600,29.56,30.045,29.46,29.78,1.42934e+07
FCX,1172241000,29.905,30.25,29.785,29.955,1.01638e+07
FCX,1172500200,30.51,30.995,30.165,30.96,2.18674e+07
FCX,1172586600,29.775,29.98,27.625,27.875,2.9186e+07
FCX,1172673000,28.055,28.785,27.38,28.705,2.2113e+07
FCX,1172759400,28,28.67,27.565,28.11,1.5155e+07
FCX,1172845800,27.985,28.49,27.26,27.315,1.6601e+07
FCX,1173105000,26.675,27.315,26.255,26.545,1.97836e+07
FCX,1173191400,27.35,27.89,27.175,27.72,1.1348e+07
FCX,1173277800,27.845,28.505,27.635,28.095,1.09212e+07
FCX,1173364200,28.68,29.475,28.5,28.825,2.15052e+07
FCX,1173450600,29.15,29.15,28.125,28.37,1.77584e+07
FCX,1173706200,28.37,29.365,28.15,28.97,1.88974e+07
FCX,1173792600,28.76,29.45,28.005,28.01,1.38002e+07
FCX,1173879000,28.03,28.435,27.055,28.19,2.77408e+07
FCX,1173965400,28.72,30.34,28.56,30.08,3.63656e+07
FCX,1174051800,30.185,30.945,29.91,30.355,2.49048e+07
FCX,1174311000,30.92,31.575,30.01,31.22,4.03532e+07
FCX,1174397400,31.135,31.645,30.9,31.18,2.5441e+07
FCX,1174483800,31.33,31.38,30.43,31.285,2.56212e+07
FCX,1174570200,31.5,31.835,30.93,30.955,3.29194e+07
FCX,1174656600,30.725,31.22,30.65,31.15,9.36762e+07
FCX,1174915800,31.6,32.55,31.295,32.35,5.70394e+07
FCX,1175002200,32.375,32.46,31.755,32.36,4.33604e+07
FCX,1175088600,32.5,32.5,31.875,32.105,2.28816e+07
FCX,1175175000,32.74,33.175,32.245,32.675,3.3799e+07
FCX,1175261400,32.995,33.595,32.96,33.095,2.75e+07
FCX,1175520600,33.24,33.47,32.81,33.365,2.35966e+07
FCX,1175607000,33.65,34.045,33.5,33.7,2.29876e+07
FCX,1175693400,33.75,33.93,33.27,33.8,2.53066e+07
FCX,1175779800,33.795,34.25,33.665,33.785,2.07082e+07
FCX,1176125400,34.04,34.625,34.005,34.49,1.78426e+07
FCX,1176211800,34.87,35.485,34.785,35.23,3.94014e+07
FCX,1176298200,35.55,35.67,34.755,34.965,3.87432e+07
FCX,1176384600,34.845,35.08,34.45,34.925,2.41992e+07
FCX,1176471000,35.15,35.675,34.8,35.585,2.22206e+07
FCX,1176730200,35.375,35.72,35.09,35.555,2.37328e+07
FCX,1176816600,35.42,36,35.38,35.67,2.00626e+07
FCX,1176903000,35.09,35.84,35.02,35.075,2.60606e+07
FCX,1176989400,34.585,34.77,34.125,34.57,2.14878e+07
FCX,1177075800,35.3,35.3,34.825,35.005,1.70636e+07
FCX,1177335000,35.06,35.72,35.005,35.18,1.79812e+07
FCX,1177421400,35.305,35.455,34.21,34.68,2.60994e+07
FCX,1177507800,35.34,35.375,34,35,2.43474e+07
FCX,1177594200,34.86,34.875,34.165,34.23,2.52782e+07
FCX,1177680600,33.945,34.2,33.755,34.005,1.40818e+07
FCX,1177939800,34.005,34.35,33.475,33.58,1.77844e+07
FCX,1178026200,33.505,33.8,33.195,33.68,1.58122e+07
FCX,1178112600,33.525,34.6,33.505,34.335,1.6022e+07
FCX,1178199000,34.59,35.475,34.095,35.35,1.67592e+07
FCX,1178285400,35.795,35.975,35.525,35.815,1.83738e+07
FCX,1178544600,36.045,36.73,36.045,36.075,1.52988e+07
FCX,1178631000,35.805,35.875,35.255,35.765,1.45636e+07
FCX,1178717400,35.75,36.63,35.71,36.5,1.67336e+07
FCX,1178803800,36,36.355,35.38,35.515,1.84186e+07
FCX,1178890200,35.87,36.505,35.755,36.46,1.6928e+07
FCX,1179149400,36.8,36.8,35,35.835,2.06792e+07
FCX,1179235800,35.825,36.525,35.825,35.985,1.48446e+07
FCX,1179322200,35.9,36.02,35.25,35.645,1.83438e+07
FCX,1179408600,35.09,35.735,34.55,35.47,2.44874e+07
FCX,1179495000,35.495,35.86,35.015,35.575,1.8095e+07
FCX,1179754200,35.67,36.62,35.65,36.19,2.03834e+07
FCX,1179840600,36.25,36.565,35.61,35.675,1.40698e+07
FCX,1179927000,35.805,37.615,35.775,36.875,3.4868e+07
FCX,1180013400,36.515,37.27,35.75,36.145,2.2152e+07
FCX,1180099800,36.38,37.37,36.38,37.305,1.44218e+07
FCX,1180445400,37.275,38.09,37.25,37.92,2.04808e+07
FCX,1180531800,37.5,38.955,37.235,38.885,2.25786e+07
FCX,1180618200,39.13,39.45,39,39.35,1.73338e+07
FCX,1180704600,39.575,40,39.28,39.75,1.79336e+07
FCX,1180963800,39.71,39.875,39.045,39.65,1.38258e+07
FCX,1181050200,39.56,39.56,38.54,39.09,1.6549e+07
FCX,1181136600,38.855,38.875,37.615,38.065,1.69638e+07
FCX,1181223000,38.27,38.74,37.155,37.27,1.9782e+07
FCX,1181309400,36.53,38.145,36.25,38.09,2.38382e+07
FCX,1181568600,37.98,39.39,37.64,38.72,2.0921e+07
FCX,1181655000,38.365,39.92,38.25,39.485,3.21642e+07
FCX,1181741400,39.835,41.525,39.71,40.875,3.2917e+07
FCX,1181827800,41.01,42.43,41.01,41.825,2.23184e+07
FCX,1181914200,42.355,42.45,41.88,42.21,2.15548e+07
FCX,1182173400,42.66,42.75,41.65,41.76,1.36182e+07
FCX,1182259800,40.99,41.89,40.81,41.43,1.70042e+07
FCX,1182346200,41.94,41.95,40.57,40.655,1.37518e+07
FCX,1182432600,40.87,41.72,40,41.65,1.6952e+07
FCX,1182519000,41.55,41.86,41.06,41.425,1.4439e+07
FCX,1182778200,41.22,41.495,40.505,40.625,1.20248e+07
FCX,1182864600,40.92,40.99,38.635,39.17,2.33222e+07
FCX,1182951000,38.745,41.2,38.175,41.035,3.13134e+07
FCX,1183037400,41.245,41.99,41.085,41.16,1.7266e+07
FCX,1183123800,41.77,42,40.875,41.41,1.37048e+07
FCX,1183383000,42.005,42.365,41.625,42.34,1.17592e+07
FCX,1183469400,43.24,43.245,42.47,42.55,7.0436e+06
FCX,1183642200,42.88,43.34,42.55,42.83,1.34926e+07
FCX,1183728600,43.195,44.58,43.075,44.205,1.66354e+07
FCX,1183987800,44.78,45.25,44.4,44.445,2.01864e+07
FCX,1184074200,44.01,44.985,43.56,44.305,1.4612e+07
FCX,1184160600,44.82,46,44.76,45.5,2.38208e+07
FCX,1184247000,46.84,47.725,45.5,47.28,2.50076e+07
FCX,1184333400,47.625,47.925,46.72,47.12,1.39704e+07
FCX,1184592600,47.4,47.6,45.835,46.47,1.38152e+07
FCX,1184679000,46.89,46.99,45.64,45.95,1.57314e+07
FCX,1184765400,45.74,46.705,45.305,46.55,1.50292e+07
FCX,1184851800,47.02,48.945,47,48.83,2.42288e+07
FCX,1184938200,48.83,49.925,48.275,49.515,2.31924e+07
FCX,1185197400,49.26,50.075,48.7,49.495,1.68926e+07
FCX,1185283800,49.295,49.525,47,47.5,2.14998e+07
FCX,1185370200,48.975,49.05,44.57,47.05,3.53724e+07
FCX,1185456600,46.01,46.19,43.625,44.87,3.196e+07
FCX,1185543000,45,46.11,43.425,44.975,2.6496e+07
FCX,1185802200,45.67,47.03,45.08,46.885,2.35548e+07
FCX,1185888600,48.3,48.855,46.885,46.99,1.97646e+07
FCX,1185975000,46.115,47.1,43.375,44.88,3.32628e+07
FCX,1186061400,45.645,45.75,44.32,45.28,1.89112e+07
FCX,1186147800,45.075,45.75,43.05,43.07,1.88834e+07
FCX,1186407000,43.625,43.79,40.7,42.735,3.16516e+07
FCX,1186493400,42.655,44.06,41.905,43.89,1.91126e+07
FCX,1186579800,43.595,45.685,43.415,45.355,2.0056e+07
FCX,1186666200,43.745,44.435,42.505,42.93,2.9324e+07
FCX,1186752600,42.04,43.88,41.51,43.23,2.20272e+07
FCX,1187011800,43.93,44.495,43.465,43.9,1.47804e+07
FCX,1187098200,44,44.16,41.275,41.675,1.95534e+07
FCX,1187184600,41.105,41.18,38.495,38.935,2.97828e+07
FCX,1187271000,37.745,37.745,33.535,36.535,6.41866e+07
FCX,1187357400,37.965,39.375,35.785,38.45,4.42446e+07
FCX,1187616600,39.5,40.36,38.575,39.98,2.73072e+07
FCX,1187703000,40,41.565,39.555,40.645,2.33448e+07
FCX,1187789400,41.6,42.8,41.6,42.795,2.43304e+07
FCX,1187875800,43.11,43.6,41.425,42.115,2.22298e+07
FCX,1187962200,42.15,43.565,41.92,43.565,1.5353e+07
FCX,1188221400,43.575,43.945,42.575,42.86,1.26276e+07
FCX,1188307800,42.375,42.375,40.55,41.02,1.62276e+07
FCX,1188394200,41.5,42.675,41.425,42.55,1.39828e+07
FCX,1188480600,41.73,43.25,41.435,42.495,1.23484e+07
FCX,1188567000,43.615,44.25,43.475,43.71,1.66228e+07
FCX,1188912600,43.545,45.75,43.27,45.525,1.8636e+07
FCX,1188999000,45,45.71,44.325,44.725,1.59202e+07
FCX,1189085400,45.265,46.055,44.4,45.85,1.9684e+07
FCX,1189171800,44.845,45.595,44.4,45.09,2.41548e+07
FCX,1189431000,45.285,45.745,43.425,44.535,1.75834e+07
FCX,1189517400,45.125,46.025,44.875,45.985,2.1228e+07
FCX,1189603800,45.63,46.52,45.06,45.75,1.68334e+07
FCX,1189690200,46.24,48.235,45.99,48.05,2.41796e+07
FCX,1189776600,47.525,49.185,47.425,48.85,2.04362e+07
FCX,1190035800,48.76,49.8,48.29,48.535,1.63914e+07
FCX,1190122200,49.09,51.855,48.275,51.65,2.69566e+07
FCX,1190208600,52.675,55.05,52.205,52.75,4.0792e+07
FCX,1190295000,53.28,54.105,52.49,53.785,2.0141e+07
FCX,1190381400,54.645,54.645,53.785,54.335,2.0704e+07
FCX,1190640600,55.125,55.3,53.66,53.855,1.74208e+07
FCX,1190727000,53,53.24,52.145,52.605,2.0685e+07
FCX,1190813400,53.13,53.875,51.115,51.955,2.09572e+07
FCX,1190899800,52.7,53.82,52.38,53.4,2.2191e+07
FCX,1190986200,53.795,53.945,52.075,52.445,1.59034e+07
FCX,1191245400,52.87,55.735,52.63,55.59,2.70368e+07
FCX,1191331800,54.825,55.25,53.3,54.575,1.8839e+07
FCX,1191418200,54.405,54.73,53.11,53.75,1.60758e+07
FCX,1191504600,53.45,54.52,52.45,54.13,1.87252e+07
FCX,1191591000,54.52,56.09,54.255,55.33,1.80768e+07
FCX,1191850200,54.345,54.745,53.49,54.065,1.22806e+07
FCX,1191936600,54.435,56.98,54.09,56.53,1.78212e+07
FCX,1192023000,57.325,59.21,56.855,58.7,2.79266e+07
FCX,1192109400,59.52,60.1,55.85,56.73,3.22846e+07
FCX,1192195800,57.24,58.26,56.5,58.21,1.60188e+07
FCX,1192455000,59.16,59.325,56.43,56.95,2.08814e+07
FCX,1192541400,56.395,56.75,55.035,55.47,1.77348e+07
FCX,1192627800,56.475,57.05,55.075,55.315,2.20836e+07
FCX,1192714200,55.175,56.92,55.025,56.875,1.54306e+07
FCX,1192800600,56.73,56.93,54.305,54.87,2.1346e+07
FCX,1193059800,53.25,54.095,51.675,53.365,2.18258e+07
FCX,1193146200,54.39,55.775,54.25,55.575,2.40428e+07
FCX,1193232600,55.505,56.305,53.9,55.92,2.1528e+07
FCX,1193319000,56.52,56.75,55.375,56.415,1.71366e+07
FCX,1193405400,57.46,58.85,57.055,58.425,2.03514e+07
FCX,1193664600,59.235,59.625,58.375,58.93,1.67884e+07
FCX,1193751000,57.995,58.345,56.925,57.005,1.5628e+07
FCX,1193837400,57.875,59,56.76,58.84,1.9646e+07
FCX,1193923800,57.88,57.88,55.35,56.025,2.296e+07
FCX,1194010200,56.755,57.105,55,56.4,2.13336e+07
FCX,1194273000,54.76,56.37,54,55.085,2.15648e+07
FCX,1194359400,56.245,56.95,54.87,56.75,1.61668e+07
FCX,1194445800,56.995,57.12,53.595,54.05,2.46078e+07
FCX,1194532200,56.5,56.935,54,55.8,3.08142e+07
FCX,1194618600,55.54,56.035,53.605,54.805,2.54898e+07
FCX,1194877800,53.305,53.785,48.71,49.625,3.50064e+07
FCX,1194964200,50.645,51.335,49.375,50.69,3.72482e+07
FCX,1195050600,52.5,53.7,51.09,52,3.18248e+07
FCX,1195137000,50.525,51.5,49.11,49.885,3.13404e+07
FCX,1195223400,50.27,50.845,49.155,50.02,2.43236e+07
FCX,1195482600,49.255,49.4,45.675,46.25,4.00854e+07
FCX,1195569000,46.545,47.25,44.86,45.925,3.8608e+07
FCX,1195655400,44.67,45.46,43.63,45.03,3.57702e+07
FCX,1195828200,46.05,47.03,45.75,46.58,1.04908e+07
FCX,1196087400,46.75,47.49,44.575,44.65,2.16012e+07
FCX,1196173800,44.605,45.94,42.855,44.64,3.77558e+07
FCX,1196260200,45.595,47.15,45.195,46.955,3.5663e+07
FCX,1196346600,47.085,49.085,46.13,48.325,2.78568e+07
FCX,1196433000,49.87,50.495,48.605,49.465,2.83518e+07
FCX,1196692200,48.875,49.17,47.935,48.425,1.54744e+07
FCX,1196778600,47.33,48.955,46.89,48.685,1.8791e+07
FCX,1196865000,49.295,50.98,49.15,50.8,2.2456e+07
FCX,1196951400,51.14,52.725,51.085,52.445,2.10098e+07
FCX,1197037800,53.5,54.75,53.13,54.05,2.71116e+07
FCX,1197297000,54.545,54.935,53.385,54.09,1.13798e+07
FCX,1197383400,53.995,54.895,51.11,51.355,2.65722e+07
FCX,1197469800,53,53.81,51.755,52.935,2.12766e+07
FCX,1197556200,52.005,52.27,50.4,51.525,1.86436e+07
FCX,1197642600,50.83,52.13,50.16,51.055,1.44346e+07
FCX,1197901800,50.27,50.405,46.995,47.455,2.84288e+07
FCX,1197988200,48.495,48.945,46.44,48.435,2.7818e+07
FCX,1198074600,48.8,50.25,48.575,49.18,1.8086e+07
FCX,1198161000,49.57,50.495,48.805,50.46,1.78556e+07
FCX,1198247400,51.385,51.935,51.13,51.455,2.21188e+07
FCX,1198506600,52.235,52.5,51.6,51.875,4.9466e+06
FCX,1198679400,52.275,53.525,52.12,53.33,1.05634e+07
FCX,1198765800,52.78,53,51.575,51.955,1.52594e+07
FCX,1198852200,52.49,52.69,51.685,52.275,8.7798e+06
FCX,1199111400,51.755,52,50.56,51.22,7.5798e+06
FCX,1199284200,51.535,52.475,50.835,51.645,1.66392e+07
FCX,1199370600,51.92,53.125,51.12,52.055,1.62792e+07
FCX,1199457000,51.25,51.35,49.21,49.855,2.03374e+07
FCX,1199716200,50.06,50.22,46.63,47.73,2.52812e+07
FCX,1199802600,48.92,49.52,47.625,47.9,2.62254e+07
FCX,1199889000,47.88,48.875,46.09,48.43,2.7743e+07
FCX,1199975400,47.97,48.815,46.625,48.385,2.29146e+07
FCX,1200061800,47.86,48.435,46.595,47.06,2.57966e+07
FCX,1200321000,47.93,49.405,46.955,49.055,2.54688e+07
FCX,1200407400,48.135,48.605,46.895,47.42,2.03638e+07
FCX,1200493800,46.495,46.84,42.5,44.315,4.47572e+07
FCX,1200580200,44.89,44.985,40.5,40.745,4.99254e+07
FCX,1200666600,41.855,42.69,40,42.065,3.94956e+07
FCX,1201012200,38.59,42,38.59,40.76,3.71936e+07
FCX,1201098600,37.975,38.845,34.48,38.65,7.36668e+07
FCX,1201185000,39.635,41.985,39.625,41.715,4.1414e+07
FCX,1201271400,43.24,44.255,41.395,42.11,2.76052e+07
FCX,1201530600,42,43.165,40.9,42.65,1.91142e+07
FCX,1201617000,43.615,43.985,42.385,43.125,1.80632e+07
FCX,1201703400,43,44.4,42.075,43.395,2.68672e+07
FCX,1201789800,42.625,44.96,41.975,44.41,3.06636e+07
FCX,1201876200,46.115,46.85,44.725,46.05,3.38902e+07
FCX,1202135400,46.3,46.5,44.82,45.59,1.50424e+07
FCX,1202221800,44.225,44.455,42.89,42.955,2.21982e+07
FCX,1202308200,43.45,44.375,42.22,42.485,1.91404e+07
FCX,1202394600,41.745,44.41,41.305,43.53,2.57532e+07
FCX,1202481000,43.72,45.895,43.72,45.435,2.14296e+07
FCX,1202740200,46.06,46.995,45.515,46.74,1.94566e+07
FCX,1202826600,47.135,48,45.965,46.365,2.71552e+07
FCX,1202913000,46.815,47.425,45.235,47.08,2.18562e+07
FCX,1202999400,47.185,47.62,45.625,46.15,1.68248e+07
FCX,1203085800,46.1,46.725,45.7,46.59,2.19578e+07
FCX,1203431400,48.13,49.885,48.085,48.97,2.6712e+07
FCX,1203517800,48.315,49.775,48.01,49.665,1.80512e+07
FCX,1203604200,50.13,51.41,49.7,49.935,3.12108e+07
FCX,1203690600,50.695,50.695,48.48,49.68,1.9193e+07
FCX,1203949800,49.755,50.39,48.45,50.28,2.02486e+07
FCX,1204036200,49.995,50.95,49.11,50.16,1.94972e+07
FCX,1204122600,50.125,52.5,49.75,51.81,2.65794e+07
FCX,1204209000,51.635,53.685,51.56,53.285,2.18478e+07
FCX,1204295400,52.805,52.935,49.975,50.43,2.5688e+07
FCX,1204554600,50.93,52.47,50.405,51.725,1.90756e+07
FCX,1204641000,51.025,51.83,48.315,49.465,2.78496e+07
FCX,1204727400,50.155,52.375,50.125,52.04,2.68346e+07
FCX,1204813800,52.125,53.025,51.26,52.17,3.11184e+07
FCX,1204900200,50.8,51.485,49.16,49.94,3.4009e+07
FCX,1205155800,49.115,49.355,46.935,46.985,2.7409e+07
FCX,1205242200,48.6,50.88,47.81,50.735,2.78216e+07
FCX,1205328600,50.39,51.94,50.325,50.94,2.14974e+07
FCX,1205415000,50.71,51.97,49.9,51.695,2.49708e+07
FCX,1205501400,52.175,52.72,49.615,50.805,2.36218e+07
FCX,1205760600,47.955,49.495,46.325,47.305,4.03228e+07
FCX,1205847000,48.69,49.655,47.995,49.345,2.65996e+07
FCX,1205933400,48.9,49.115,43.8,43.8,4.4028e+07
FCX,1206019800,42.5,44.875,41.3,43.54,4.27836e+07
FCX,1206365400,44.21,45.945,44.06,44.38,1.90558e+07
FCX,1206451800,45.51,46.725,45.175,46.205,2.62416e+07
FCX,1206538200,47.84,49.29,46.865,48.72,3.25476e+07
FCX,1206624600,49.56,49.975,48.41,48.855,3.80162e+07
FCX,1206711000,48.725,49.27,48.125,48.3,1.42586e+07
FCX,1206970200,48.365,49.225,47.2,48.11,2.99586e+07
FCX,1207056600,47.135,48.89,46.5,48.815,2.2506e+07
FCX,1207143000,49.3,50.165,49.11,49.865,1.92628e+07
FCX,1207229400,49.45,52.42,49.375,51.845,3.43078e+07
FCX,1207315800,52.025,54.125,52.025,53.845,2.7671e+07
FCX,1207575000,54.69,55.77,52.835,53.51,2.8251e+07
FCX,1207661400,52.745,54.375,52.57,53.875,2.04434e+07
FCX,1207747800,54.06,55.405,53.785,54.905,2.20826e+07
FCX,1207834200,55.12,55.3,53.345,54.825,1.87172e+07
FCX,1207920600,53.755,54.875,52.95,53.105,1.64546e+07
FCX,1208179800,53.195,53.41,52.05,52.695,1.58148e+07
FCX,1208266200,53.555,54.095,52.03,52.75,2.31198e+07
FCX,1208352600,54.25,56.635,53.94,56.61,2.6716e+07
FCX,1208439000,55.66,57.375,55.125,56.33,1.89618e+07
FCX,1208525400,55.6,57,55.06,56.945,2.0377e+07
FCX,1208784600,57,57.735,56.34,57.57,1.55702e+07
FCX,1208871000,58.86,60.64,58.32,59.325,2.95562e+07
FCX,1208957400,61.125,61.635,57.66,58.04,3.31826e+07
FCX,1209043800,57.655,57.995,55.9,56.305,2.06118e+07
FCX,1209130200,56.4,58.81,55.14,58.49,1.93022e+07
FCX,1209389400,58.04,59.61,57.735,57.9,1.90754e+07
FCX,1209475800,56.75,57.185,55.135,55.36,1.68962e+07
FCX,1209562200,55.65,57.585,55.235,56.875,1.91086e+07
FCX,1209648600,55.75,56.4,53.03,53.98,3.1099e+07
FCX,1209735000,54.255,55.545,53.44,55.115,2.45602e+07
FCX,1209994200,57.485,58.37,57,57.995,1.85048e+07
FCX,1210080600,57.075,59.31,57.075,58.66,1.8697e+07
FCX,1210167000,58.24,59.41,56.915,57.18,1.7717e+07
FCX,1210253400,57.935,59.695,57.575,59.035,2.03032e+07
FCX,1210339800,58.61,58.685,56.03,57.11,1.55168e+07
FCX,1210599000,56.655,57.625,55.825,57.33,1.511e+07
FCX,1210685400,56.67,58.8,56.18,58.68,1.75506e+07
FCX,1210771800,59,59.7,57.5,57.605,1.6609e+07
FCX,1210858200,58.645,59.975,58.5,59.715,2.07274e+07
FCX,1210944600,60.335,62.25,60.02,62.09,2.42678e+07
FCX,1211203800,62.235,63.495,61.5,62.415,2.57458e+07
FCX,1211290200,61.725,63,60.605,62.93,2.0465e+07
FCX,1211376600,63,63.62,60.08,60.29,2.24172e+07
FCX,1211463000,60.75,61.915,58.315,59.545,2.14286e+07
FCX,1211549400,59.505,59.54,57.505,58.595,1.63864e+07
FCX,1211895000,58.015,58.945,57.355,58.82,1.66058e+07
FCX,1211981400,58.125,59.845,57.195,59.845,1.64694e+07
FCX,1212067800,59,59.24,56.44,56.59,2.56812e+07
FCX,1212154200,57.385,58.3,57.04,57.855,1.49746e+07
FCX,1212413400,57.34,58.825,57.065,57.79,1.35516e+07
FCX,1212499800,57.3,58.35,56.34,57.1,1.43712e+07
FCX,1212586200,56.65,57.535,55.665,55.775,1.85002e+07
FCX,1212672600,56.29,58.785,56.29,58.53,1.66766e+07
FCX,1212759000,59.09,60,57.87,57.885,1.63566e+07
FCX,1213018200,58.475,59.625,58.085,59.13,1.42688e+07
FCX,1213104600,58.73,61.815,58.3,59.705,3.47256e+07
FCX,1213191000,60,61.235,59.15,60.045,1.79942e+07
FCX,1213277400,60.045,60.05,57.895,58.735,1.77664e+07
FCX,1213363800,59,61.745,58.855,61.65,1.77726e+07
FCX,1213623000,62,63.32,61.55,62.33,1.6994e+07
FCX,1213709400,62.75,63,60.895,61.145,1.63928e+07
FCX,1213795800,61.25,62.145,60.255,61.09,1.71516e+07
FCX,1213882200,61.75,62.275,60.225,60.28,1.68544e+07
FCX,1213968600,60.225,60.995,58.2,58.515,1.64504e+07
FCX,1214227800,58.595,59.705,58.13,59.275,1.1901e+07
FCX,1214314200,59.435,59.5,57.34,57.86,2.07704e+07
FCX,1214400600,58.18,59.525,56.265,58.73,1.88822e+07
FCX,1214487000,59.25,59.945,57.11,57.83,1.92166e+07
FCX,1214573400,58,59.585,57.5,58.155,2.13046e+07
FCX,1214832600,59.05,59.985,57.775,58.595,1.45052e+07
FCX,1214919000,58.285,58.555,56.315,57.775,1.98978e+07
FCX,1215005400,58.005,58.5,53.775,53.785,3.22104e+07
FCX,1215091800,54.155,55,51.775,54.32,1.64734e+07
FCX,1215437400,53.98,56.245,53.505,54.795,2.20302e+07
FCX,1215523800,54.3,54.38,50.255,52.605,2.8078e+07
FCX,1215610200,53.245,55,51.88,51.88,2.23556e+07
FCX,1215696600,52.245,54.18,51.33,53.095,2.10438e+07
FCX,1215783000,52.995,54.555,52.31,53.87,1.77356e+07
FCX,1216042200,54.56,55.42,53.65,54.855,1.31704e+07
FCX,1216128600,54.98,55.975,51.885,52.485,1.98838e+07
FCX,1216215000,52,52.285,49.17,50.715,2.5258e+07
FCX,1216301400,50.335,51.745,48.66,49.725,2.07354e+07
FCX,1216387800,49.745,54.245,48.535,51.62,3.55616e+07
FCX,1216647000,52.485,53.61,51.365,53.505,1.39666e+07
FCX,1216733400,51.68,52.495,49.145,50.265,2.92234e+07
FCX,1216819800,50.36,51.445,49.25,49.37,2.74088e+07
FCX,1216906200,49.43,50.335,47,47.29,2.35398e+07
FCX,1216992600,47.7,49.06,46.91,48.13,1.39216e+07
FCX,1217251800,48.435,49.305,47.6,47.79,1.24182e+07
FCX,1217338200,48,48.745,47.26,47.815,1.30452e+07
FCX,1217424600,47.83,50.695,47.175,50.695,2.03328e+07
FCX,1217511000,50.395,50.5,48.355,48.375,1.61668e+07
FCX,1217597400,47.855,47.97,45.25,45.655,2.1485e+07
FCX,1217856600,44.49,45.05,39.365,40.175,5.52362e+07
FCX,1217943000,40.145,41.86,37.905,39.5,6.07092e+07
FCX,1218029400,41.565,45.05,41.45,43.835,5.70636e+07
FCX,1218115800,44.545,45.85,42.875,43.63,3.14706e+07
FCX,1218202200,41.875,43.16,41.005,42.76,2.67954e+07
FCX,1218461400,42.75,42.925,39.885,41.15,3.04858e+07
FCX,1218547800,41.85,42.475,40.25,41.835,2.5031e+07
FCX,1218634200,42.23,44.74,41.75,44.25,2.86912e+07
FCX,1218720600,43.98,44.44,42.65,43.42,2.01136e+07
FCX,1218807000,43.42,43.42,41.555,42.195,1.9649e+07
