LLY,744903000,11.25,11.3125,11.0938,11.0938,3.0348e+06
LLY,744989400,11.0625,11.1562,10.9688,11.0312,2.0976e+06
LLY,745075800,11.0625,11.1562,11.0312,11.0938,2.3608e+06
LLY,745162200,11,11.0625,10.9062,10.9375,3.2616e+06
LLY,745248600,10.9688,11,10.9062,10.9062,2.0628e+06
LLY,745507800,11.0312,11.3125,11,11.2812,1.9928e+06
LLY,745594200,11.2812,11.4688,11.2188,11.4062,3.516e+06
LLY,745680600,11.6875,12.0625,11.6562,11.9688,3.8744e+06
LLY,745767000,12.125,12.125,11.875,11.9062,3.1848e+06
LLY,745853400,11.8438,11.875,11.6562,11.75,1.9836e+06
LLY,746112600,11.75,11.75,11.5,11.5312,1.1532e+06
LLY,746199000,11.5312,11.6875,11.5,11.6875,1.7244e+06
LLY,746285400,11.6875,11.7188,11.4375,11.4688,2.1668e+06
LLY,746371800,11.4688,11.9375,11.4688,11.9375,1.5176e+06
LLY,746458200,11.75,11.8125,11.625,11.8125,1.1276e+06
LLY,746717400,11.7812,12.0625,11.7812,12.0625,1.4932e+06
LLY,746803800,12,12,11.875,12,822400
LLY,746890200,11.9062,12.0312,11.9062,11.9375,1.604e+06
LLY,746976600,12.25,12.375,12.2188,12.2188,3.3156e+06
LLY,747063000,12.2812,12.2812,12.1562,12.1562,1.3308e+06
LLY,747408600,12.2188,12.25,12.0938,12.125,1.446e+06
LLY,747495000,12.0938,12.1562,12,12.0938,1.6492e+06
LLY,747581400,12.0312,12.125,11.875,11.9375,1.2796e+06
LLY,747667800,11.9062,12.0938,11.875,12.0625,1.4872e+06
LLY,747927000,12.0625,12.0938,11.7812,11.8438,1.4876e+06
LLY,748013400,11.7812,12.0938,11.7812,12.0938,2.76e+06
LLY,748099800,12.0312,12.0625,11.8438,12,2.2988e+06
LLY,748186200,12.0312,12.0312,11.875,11.9062,920400
LLY,748272600,11.8438,12.1875,11.8438,12.1875,4.9584e+06
LLY,748531800,12.1875,12.2812,12.0312,12.0938,2.1804e+06
LLY,748618200,12.0312,12.4062,12.0312,12.4062,2.6672e+06
LLY,748704600,12.4688,12.5312,12.3125,12.3438,3.174e+06
LLY,748791000,12.5,12.5938,12.375,12.5312,2.4008e+06
LLY,748877400,12.5312,12.5625,12.4062,12.5,2.3204e+06
LLY,749136600,12.5312,12.6562,12.5,12.625,1.5144e+06
LLY,749223000,12.5,12.5938,12.4688,12.5,1.9516e+06
LLY,749309400,12.5,12.5625,12.4375,12.4375,1.206e+06
LLY,749395800,12.4375,12.5938,12.4062,12.5,1.5776e+06
LLY,749482200,12.5,12.7188,12.4375,12.7188,1.7036e+06
LLY,749741400,12.6562,12.7188,12.6562,12.6875,882800
LLY,749827800,12.6875,13.0312,12.6562,13.0312,2.5012e+06
LLY,749914200,13,13,12.6875,12.75,1.5988e+06
LLY,750000600,12.75,12.75,12.5625,12.6875,1.7488e+06
LLY,750087000,12.6875,12.75,12.5312,12.5312,2.41e+06
LLY,750346200,12.625,13.4375,12.5938,13.4062,3.806e+06
LLY,750432600,13.4375,13.4375,13.0312,13.3125,3.7356e+06
LLY,750519000,13.25,13.2812,13.0938,13.125,1.4712e+06
LLY,750605400,13,13.3125,12.9062,13.2188,2.1436e+06
LLY,750691800,13.2812,13.5312,13.2188,13.5,2.108e+06
LLY,750951000,13.4375,13.8125,13.375,13.7188,2.8092e+06
LLY,751037400,13.6562,13.7188,13.3125,13.3438,1.66e+06
LLY,751123800,13.4375,13.6875,13.2188,13.5625,1.2304e+06
LLY,751210200,13.625,14.1562,13.625,13.9688,3.7876e+06
LLY,751296600,14,14,13.6875,13.75,3.1104e+06
LLY,751555800,13.6875,13.8438,13.625,13.75,1.4356e+06
LLY,751642200,13.6875,13.875,13.4375,13.5,1.9208e+06
LLY,751728600,13.5312,13.5938,13.2812,13.375,2.7128e+06
LLY,751815000,13.375,13.5312,13.3125,13.5,1.1316e+06
LLY,751901400,13.4375,13.5938,13.3438,13.5312,3.4032e+06
LLY,752164200,13.4688,13.5625,13.3438,13.5,1.1756e+06
LLY,752250600,13.4688,13.625,13.3125,13.5625,1.3892e+06
LLY,752337000,13.75,14.0938,13.7188,13.8438,3.374e+06
LLY,752423400,13.8125,14,13.6562,13.9062,3.1524e+06
LLY,752509800,13.9062,13.9688,13.8438,13.9688,1.9564e+06
LLY,752769000,14,14.0938,13.875,13.9375,2.2396e+06
LLY,752855400,13.9688,14.2188,13.8438,14.1875,4.2528e+06
LLY,752941800,14.1875,14.5938,14.125,14.4688,5.1172e+06
LLY,753028200,14.4062,14.4688,14.3438,14.4062,1.7868e+06
LLY,753114600,14.3438,14.5312,14.2188,14.2188,2.056e+06
LLY,753373800,14.2188,14.4375,14.1875,14.4062,2.1308e+06
LLY,753460200,14.4062,14.5625,14.3438,14.5312,2.1148e+06
LLY,753546600,14.6875,14.6875,14.4375,14.5625,2.2128e+06
LLY,753633000,14.6562,14.7812,14.5625,14.625,2.296e+06
LLY,753719400,14.5938,14.7812,14.5625,14.7812,3.204e+06
LLY,753978600,14.625,15.1875,14.5312,15.1562,4.3952e+06
LLY,754065000,15,15.0312,14.5938,14.6875,3.8312e+06
LLY,754151400,14.625,14.6875,14.375,14.4375,1.9604e+06
LLY,754324200,14.4688,14.4688,14.3125,14.4062,1.07e+06
LLY,754583400,14.5312,14.5625,14.4062,14.4375,1.2868e+06
LLY,754669800,14.3125,14.5312,14.2812,14.3438,1.6096e+06
LLY,754756200,14.4062,14.4375,14.3125,14.3438,926800
LLY,754842600,14.375,14.4375,14.2812,14.3438,954000
LLY,754929000,14.3438,14.3438,14.2188,14.25,721600
LLY,755188200,14.2188,14.3438,14.125,14.25,1.548e+06
LLY,755274600,14.2812,14.4375,14.2812,14.3438,1.5956e+06
LLY,755361000,14.3438,14.4688,14.2188,14.25,3.076e+06
LLY,755447400,14.4375,14.5312,14.3438,14.375,1.854e+06
LLY,755533800,14.25,14.3125,14.1875,14.3125,1.5304e+06
LLY,755793000,14.3125,14.375,14.2812,14.375,1.4088e+06
LLY,755879400,14.4375,14.4688,14.25,14.2812,1.5608e+06
LLY,755965800,14.25,14.3438,14.1562,14.25,1.708e+06
LLY,756052200,14.25,14.2812,14.125,14.125,1.5892e+06
LLY,756138600,14.125,14.3125,14.125,14.2812,2.2112e+06
LLY,756397800,14.3438,14.4688,14.3125,14.4062,2.2448e+06
LLY,756484200,14.3125,14.625,14.2812,14.5938,2.2012e+06
LLY,756570600,14.5625,14.75,14.5625,14.7188,2.0684e+06
LLY,756657000,14.6562,14.875,14.5938,14.8438,1.8036e+06
LLY,757002600,14.8125,14.9375,14.75,14.9375,1.698e+06
LLY,757089000,14.9062,15.0312,14.8438,15,1.7872e+06
LLY,757175400,14.9688,15,14.8125,14.875,2.2848e+06
LLY,757261800,14.8125,14.9375,14.7188,14.9375,3.0512e+06
LLY,757348200,14.9375,14.9375,14.8125,14.8438,1.54e+06
LLY,757607400,14.8125,14.8438,14.7188,14.8438,1.6616e+06
LLY,757693800,14.8125,14.8438,14.6875,14.7812,1.168e+06
LLY,757780200,14.8125,14.9375,14.6562,14.6562,2.7792e+06
LLY,757866600,14.75,14.75,14.5312,14.5312,1.9944e+06
LLY,757953000,14.5312,14.625,14.4688,14.5625,1.7188e+06
LLY,758212200,14.4688,14.75,14.375,14.75,1.2912e+06
LLY,758298600,14.7188,14.7188,14.5938,14.6562,1.9752e+06
LLY,758385000,14.6562,14.6875,14.5,14.5938,1.6396e+06
LLY,758471400,14.5,14.625,14.5,14.5625,1.772e+06
LLY,758557800,14.5312,14.875,14.4062,14.75,2.6096e+06
LLY,758817000,14.6875,15.0312,14.6875,14.9688,2.5652e+06
LLY,758903400,15.4062,15.4688,15.2812,15.375,5.7824e+06
LLY,758989800,15.375,15.375,14.8438,14.9688,4.2372e+06
LLY,759076200,14.9062,15.0625,14.7812,15,3.5368e+06
LLY,759162600,15,15.0938,14.9375,15.0312,2.638e+06
LLY,759421800,14.9688,15.0625,14.6875,14.7812,2.3208e+06
LLY,759508200,14.7188,14.875,14.6875,14.7812,3.41e+06
LLY,759594600,14.75,14.9688,14.7188,14.9375,1.6048e+06
LLY,759681000,14.9688,14.9688,14.6875,14.8125,1.4836e+06
LLY,759767400,14.8438,14.9688,14.75,14.9375,1.1872e+06
LLY,760026600,14.9688,14.9688,14.8438,14.9688,1.1584e+06
LLY,760113000,14.9688,15.0312,14.9062,14.9375,1.432e+06
LLY,760199400,14.9375,15.0312,14.9062,15.0312,1.2236e+06
LLY,760285800,15.0312,15.0625,14.625,15.0625,2.6228e+06
LLY,760372200,15,15.0312,14.7188,14.8125,1.6756e+06
LLY,760631400,14.75,14.8125,14.6875,14.75,1.4568e+06
LLY,760717800,14.7812,14.8125,14.5312,14.6562,2.0064e+06
LLY,760804200,14.5,14.5938,14.4062,14.4375,1.7716e+06
LLY,760890600,14.4375,14.5312,14.3125,14.3125,1.678e+06
LLY,760977000,14.2812,14.3438,14.0312,14.1875,1.2468e+06
LLY,761236200,14.2188,14.375,14.0938,14.25,1.6228e+06
LLY,761322600,14.3438,14.4375,14.2188,14.25,1.852e+06
LLY,761409000,14.25,14.4062,14.25,14.25,967600
LLY,761495400,14.375,14.4062,14,14,1.3864e+06
LLY,761581800,14,14,13.5,13.6875,1.7608e+06
LLY,761927400,13.7188,13.8125,13.6875,13.75,947200
LLY,762013800,13.75,14.375,13.7188,14.3125,2.1368e+06
LLY,762100200,14.1562,14.1875,13.8438,13.9688,1.452e+06
LLY,762186600,13.9062,14.0625,13.7812,14.0625,1.6856e+06
LLY,762445800,14.0625,14.0938,13.7812,13.8438,916400
LLY,762532200,13.8125,14.0312,13.625,14.0312,1.6516e+06
LLY,762618600,13.9688,14.125,13.875,14.0938,2.6932e+06
LLY,762705000,14.0938,14.0938,13.8438,13.9062,800000
LLY,762791400,13.8438,13.875,13.5,13.5,1.7772e+06
LLY,763050600,13.5312,13.5625,13.125,13.125,3.698e+06
LLY,763137000,13.125,13.375,13.0312,13.3125,2.9404e+06
LLY,763223400,13.25,13.5,13.1875,13.4375,2.648e+06
LLY,763309800,13.3125,13.4062,13.0312,13.0312,3.164e+06
LLY,763396200,13.0625,13.3125,12.875,12.9375,3.0752e+06
LLY,763655400,12.9688,13,12.9062,12.9375,2.632e+06
LLY,763741800,12.9688,13.0625,12.8125,12.8125,1.564e+06
LLY,763828200,12.8438,12.875,12.7188,12.8125,1.2296e+06
LLY,763914600,12.8125,13.0938,12.75,13.0625,2.4056e+06
LLY,764001000,13.0312,13.4375,12.9375,13.375,4.6408e+06
LLY,764260200,13.25,14.0312,13.2188,14.0312,3.986e+06
LLY,764346600,13.875,13.875,13.375,13.375,2.7592e+06
LLY,764433000,13.4062,13.4375,13.1875,13.25,1.9592e+06
LLY,764519400,13.3125,13.4375,13.1562,13.2188,1.94e+06
LLY,764605800,13.25,13.375,13.0312,13.0312,1.0748e+06
LLY,764865000,12.9688,13,12.9062,12.9062,1.7788e+06
LLY,764951400,12.9062,13.0625,12.7188,12.75,1.65e+06
LLY,765037800,12.75,12.8125,12.4375,12.4375,2.8272e+06
LLY,765124200,12.4688,12.5,12.125,12.4688,5.5064e+06
LLY,765466200,12.25,12.4375,12.1562,12.3438,1.7604e+06
LLY,765552600,12.4688,12.5,12.375,12.4062,1.798e+06
LLY,765639000,12.4688,12.4688,12.375,12.375,2.01e+06
LLY,765725400,12.375,12.625,12.25,12.5,1.358e+06
LLY,765811800,12.4375,12.4375,12.125,12.1562,1.338e+06
LLY,766071000,12.125,12.375,12.125,12.1875,1.7396e+06
LLY,766157400,12.25,12.25,12.0625,12.0938,1.6132e+06
LLY,766243800,12.125,12.1562,11.9062,12,1.7972e+06
LLY,766330200,11.9375,12.0312,11.8438,11.875,2.1464e+06
LLY,766416600,11.875,12.0312,11.8125,11.875,1.6292e+06
LLY,766675800,11.875,12.1875,11.7812,12.1875,2.792e+06
LLY,766762200,12.1875,12.2812,12,12.1875,2.0076e+06
LLY,766848600,12.1875,12.25,12,12.0625,3.7488e+06
LLY,766935000,12.1875,12.5625,12.0625,12.5625,4.434e+06
LLY,767021400,12.625,12.7188,12.5625,12.625,1.6052e+06
LLY,767280600,12.625,12.6875,12.5312,12.625,1.4736e+06
LLY,767367000,12.5,12.5625,12.3438,12.4688,2.6836e+06
LLY,767539800,12.5,12.5938,12.3438,12.4375,2.29e+06
LLY,767626200,12.4375,12.5,12.25,12.3125,3.2892e+06
LLY,767885400,12.4062,12.9375,12.3125,12.9062,5.3712e+06
LLY,767971800,13.0312,13.2812,13.0312,13.25,6.7296e+06
LLY,768058200,13.5,13.5,13.3438,13.4062,3.7244e+06
LLY,768144600,13.4375,13.5312,13.2812,13.3125,2.0332e+06
LLY,768231000,13.1562,13.3438,13.0938,13.1562,1.296e+06
LLY,768490200,13.125,13.3125,13,13.2812,2.16e+06
LLY,768576600,13.3125,13.4688,13.3125,13.4062,2.5648e+06
LLY,768663000,13.4375,13.5312,13.4062,13.4375,1.8984e+06
LLY,768749400,13.5312,13.5625,13.4375,13.5625,2.134e+06
LLY,768835800,13.5312,13.5625,13.375,13.5312,1.8712e+06
LLY,769095000,13.4375,13.6562,13.375,13.625,1.1224e+06
LLY,769181400,13.6562,13.875,13.5938,13.875,1.92e+06
LLY,769267800,13.8125,13.9688,13.75,13.9688,1.0996e+06
LLY,769354200,13.9688,13.9688,13.9062,13.9688,1.1536e+06
LLY,769440600,13.8438,13.875,13.75,13.7812,1.4824e+06
LLY,769699800,13.75,13.8125,13.6562,13.8125,1.1104e+06
LLY,769786200,13.7812,13.9375,13.6875,13.9062,1.2224e+06
LLY,769872600,13.875,14.0312,13.7812,14.0312,1.6092e+06
LLY,769959000,14.0625,14.4062,14,14.3438,2.3936e+06
LLY,770045400,14.1875,14.5625,14.1875,14.4375,2.4216e+06
LLY,770391000,14.375,14.4062,14.3125,14.3125,1.6948e+06
LLY,770477400,14.3125,14.3438,14.0938,14.125,2.234e+06
LLY,770563800,14.125,14.25,14.0625,14.1875,1.54e+06
LLY,770650200,14.2188,14.375,14.1875,14.3125,1.2384e+06
LLY,770909400,14.3125,14.3125,13.875,13.875,1.2412e+06
LLY,770995800,13.75,13.875,13.7188,13.8438,1.044e+06
LLY,771082200,13.875,13.9062,13.6562,13.75,1.3404e+06
LLY,771168600,13.9688,14.25,13.9375,14.25,2.2956e+06
LLY,771255000,14.2188,14.3125,14.1562,14.2812,1.766e+06
LLY,771514200,14.25,14.3125,14.2188,14.3125,870400
LLY,771600600,14.3125,14.7188,14.3125,14.6875,2.6688e+06
LLY,771687000,14.5,14.625,14.25,14.3438,1.2432e+06
LLY,771773400,14.3125,14.3125,14.2188,14.25,1.0304e+06
LLY,771859800,14.2812,14.4062,14.1875,14.1875,2.8476e+06
LLY,772119000,14.1875,14.375,14.1562,14.3125,1.1748e+06
LLY,772205400,14.4375,14.5312,14.2188,14.4062,2.6468e+06
LLY,772291800,14.375,14.4062,14.1562,14.2188,1.6456e+06
LLY,772378200,14.2188,14.3438,14.125,14.3125,1.046e+06
LLY,772464600,14.3125,14.3125,14.1875,14.2812,1.5244e+06
LLY,772723800,14.2812,14.5,14.25,14.4688,1.6976e+06
LLY,772810200,14.4375,14.4688,14.3438,14.375,1.5584e+06
LLY,772896600,14.3438,14.5,14.2188,14.25,1.7032e+06
LLY,772983000,14.25,14.3125,14.1562,14.2188,1.4916e+06
LLY,773069400,14.3438,14.3438,14.1562,14.1875,1.07e+06
LLY,773415000,14.1875,14.25,14.1562,14.2188,1.6532e+06
LLY,773501400,14.1875,14.375,14.1875,14.375,1.5988e+06
LLY,773587800,14.3438,14.4062,14.2812,14.3125,1.1432e+06
LLY,773674200,14.25,14.3438,14.25,14.3438,1.1712e+06
LLY,773933400,13.4375,13.4688,12.4062,12.5,1.80632e+07
LLY,774019800,12.4062,12.4688,11.9688,12.0938,1.24468e+07
LLY,774106200,12.0938,12.4062,12,12.4062,1.40768e+07
LLY,774192600,12.4688,12.7188,12.3125,12.6562,8.812e+06
LLY,774279000,12.75,12.9688,12.5312,12.625,9.0488e+06
LLY,774538200,12.625,12.625,12.375,12.4062,3.9068e+06
LLY,774624600,12.3438,12.4062,12.1875,12.2188,2.8088e+06
LLY,774711000,12.2812,12.2812,12.0312,12.1562,4.5428e+06
LLY,774797400,12.2188,12.2188,11.9375,12,5.138e+06
LLY,774883800,11.9375,12.0938,11.8125,11.9375,5.06e+06
LLY,775143000,11.9062,12.0938,11.8438,12,3.954e+06
LLY,775229400,11.9688,12.1875,11.8438,12.0312,4.1224e+06
LLY,775315800,12,12.0625,11.9375,11.9688,3.1296e+06
LLY,775402200,11.9688,12.1562,11.9688,12.125,2.0636e+06
LLY,775488600,12.1875,12.3125,12.0938,12.1562,2.1196e+06
LLY,775747800,12.1562,12.2188,12.0625,12.0938,1.8136e+06
LLY,775834200,12.0938,12.5,11.9688,12.4688,2.2628e+06
LLY,775920600,12.5,12.5,12.375,12.4375,4.4736e+06
LLY,776007000,12.4062,12.4375,12.25,12.3438,1.3172e+06
LLY,776093400,12.3438,12.6875,12.3125,12.5,3.1372e+06
LLY,776352600,12.4688,12.5312,12.3438,12.5312,2.0276e+06
LLY,776439000,12.4688,12.5,12.1562,12.1875,3.7796e+06
LLY,776525400,12.2188,12.6875,12.2188,12.6562,7.0536e+06
LLY,776611800,12.6562,13.1875,12.625,13.125,7.488e+06
LLY,776698200,13.25,13.75,13.0625,13.25,1.57644e+07
LLY,776957400,13.25,13.4062,13.125,13.25,4.1368e+06
LLY,777043800,13.4062,13.625,13.3438,13.625,6.858e+06
LLY,777130200,13.6562,14.5,13.625,14.375,8.958e+06
LLY,777216600,14.2812,14.4062,14.0625,14.2812,5.6068e+06
LLY,777303000,14.3125,14.4688,14.0625,14.3125,5.548e+06
LLY,777562200,14.0625,14.125,13.875,13.9688,3.8368e+06
LLY,777648600,14.0312,14.0938,13.9688,13.9688,3.5124e+06
LLY,777735000,13.9688,14.0938,13.875,14.0625,2.5448e+06
LLY,777821400,14.0625,14.0938,13.875,13.9375,2.6264e+06
LLY,777907800,13.9688,13.9688,13.8438,13.9062,2.1228e+06
LLY,778167000,13.9062,14.0625,13.9062,13.9688,2.6524e+06
LLY,778253400,13.9688,14,13.8125,13.9375,1.6648e+06
LLY,778339800,13.875,14.4062,13.875,14.25,4.0432e+06
LLY,778426200,14.125,14.375,14.0938,14.1875,3.3344e+06
LLY,778512600,14.25,14.25,14.0625,14.125,1.5524e+06
LLY,778858200,14.125,14.125,13.9688,14.0625,1.896e+06
LLY,778944600,14.0312,14.125,13.9688,14,1.722e+06
LLY,779031000,14,14.0625,13.9375,13.9688,2.0256e+06
LLY,779117400,13.9688,14.25,13.9688,14.0625,3.0268e+06
LLY,779376600,14,14.125,14,14.0938,1.3192e+06
LLY,779463000,14.0938,14.1562,14.0312,14.0938,950800
LLY,779549400,14.0938,14.0938,13.9062,14,1.5596e+06
LLY,779635800,14,14.0938,13.9688,14.0938,1.5632e+06
LLY,779722200,14.0938,14.0938,13.9688,14,3.0696e+06
LLY,779981400,14.0938,14.6875,14.0938,14.5938,4.3276e+06
LLY,780067800,14.375,14.8125,14.375,14.4062,5.2884e+06
LLY,780154200,14.625,14.75,14.375,14.4062,4.4372e+06
LLY,780240600,14.5,14.5312,14.25,14.375,2.1964e+06
LLY,780327000,14.375,14.4062,14.1875,14.3125,1.546e+06
LLY,780586200,14.3438,14.3438,14.0312,14.125,2.9476e+06
LLY,780672600,14.1562,14.5312,14.0938,14.4375,2.8996e+06
LLY,780759000,14.4375,14.5312,14.25,14.4062,3.6264e+06
LLY,780845400,14.4688,14.5,14.3438,14.4062,1.3128e+06
LLY,780931800,14.4375,14.5625,14.4062,14.4688,2.7344e+06
LLY,781191000,14.4688,14.5938,14.4062,14.5312,2.7632e+06
LLY,781277400,14.5,14.5625,14.4062,14.5,2.7596e+06
LLY,781363800,14.4375,14.5938,14.3438,14.5625,3.4608e+06
LLY,781450200,14.5312,14.75,14.5,14.6562,3.4864e+06
LLY,781536600,14.625,14.6562,14.4688,14.5,2.8488e+06
LLY,781795800,14.5312,14.5312,14.4688,14.5,2.2828e+06
LLY,781882200,14.5,14.625,14.4688,14.5938,3.0512e+06
LLY,781968600,14.5312,14.7812,14.5312,14.625,2.222e+06
LLY,782055000,14.6562,14.7812,14.5938,14.75,5.3792e+06
LLY,782141400,14.7188,14.7188,14.5625,14.6875,1.5596e+06
LLY,782400600,14.625,14.6875,14.625,14.6562,876800
LLY,782487000,14.4375,14.7812,14.4062,14.7188,2.1628e+06
LLY,782573400,14.6875,15,14.6562,14.9375,2.974e+06
LLY,782659800,14.9375,15.0312,14.8125,14.9375,2.556e+06
LLY,782746200,14.875,15.0312,14.7812,14.9688,3.5076e+06
LLY,783005400,14.9688,15.1562,14.9688,15.0312,3.056e+06
LLY,783091800,14.8125,15.1875,14.75,15.125,5.6232e+06
LLY,783178200,14.9062,15.0312,14.6875,15,5.6744e+06
LLY,783264600,15.0312,15.2188,14.9062,15.125,3.3432e+06
LLY,783351000,15.1562,15.2188,15.0938,15.1875,3.0112e+06
LLY,783613800,15.1875,15.625,15.125,15.5,3.0464e+06
LLY,783700200,15.4375,15.4688,15.3438,15.4375,2.472e+06
LLY,783786600,15.5,15.875,15.4375,15.75,5.2036e+06
LLY,783873000,15.7188,16.0938,15.6562,16.0938,4.0396e+06
LLY,783959400,16,16.0938,15.625,15.625,3.152e+06
LLY,784218600,15.6875,15.9062,15.625,15.8125,2.58e+06
LLY,784305000,15.625,15.875,15.625,15.7812,4.1412e+06
LLY,784391400,16,16.1875,15.9062,16.0938,6.054e+06
LLY,784477800,16.2188,16.3125,16.125,16.1875,3.6868e+06
LLY,784564200,16.125,16.1875,15.9062,15.9062,2.9292e+06
LLY,784823400,15.8438,16,15.7188,16,2.3292e+06
LLY,784909800,15.8438,16.0625,15.7812,15.8438,2.9568e+06
LLY,784996200,15.7812,15.9062,15.7812,15.875,1.7584e+06
LLY,785082600,15.875,15.875,15.5,15.625,3.4752e+06
LLY,785169000,15.5625,15.625,15.4688,15.5,2.7584e+06
LLY,785428200,15.5,15.5312,15.375,15.4062,1.6664e+06
LLY,785514600,15.1875,15.2812,15,15.0625,1.4384e+06
LLY,785601000,14.75,14.75,14.4375,14.6562,4.1828e+06
LLY,785773800,14.6875,14.8438,14.6562,14.8125,804800
LLY,786033000,14.7188,15.2188,14.7188,15.0312,1.5776e+06
LLY,786119400,14.9688,15.375,14.9688,15.2812,2.6496e+06
LLY,786205800,15.3125,16.0938,15.2812,15.6562,4.6132e+06
LLY,786292200,15.6562,16,15.4688,15.5625,3.1028e+06
LLY,786378600,15.4375,15.5625,15.2188,15.4375,1.8812e+06
LLY,786637800,15.4688,15.5625,15.4062,15.5625,1.796e+06
LLY,786724200,15.6562,15.875,15.5938,15.8125,2.6608e+06
LLY,786810600,15.6875,15.8438,15.5938,15.8438,1.614e+06
LLY,786897000,15.8125,15.8438,15.5,15.5938,1.8132e+06
LLY,786983400,15.5312,15.625,15.3125,15.4062,1.82e+06
LLY,787242600,15.2812,15.7188,15.2812,15.6562,1.7836e+06
LLY,787329000,15.6875,15.6875,15.3438,15.375,1.494e+06
LLY,787415400,15.3125,15.5312,15.2812,15.5312,2.038e+06
LLY,787501800,15.5,15.5312,15.3438,15.375,1.0064e+06
LLY,787588200,15.4375,15.5625,15.375,15.5312,3.2972e+06
LLY,787847400,15.4688,15.7188,15.4375,15.6875,1.5864e+06
LLY,787933800,15.7188,16.1875,15.6875,16.125,3.6716e+06
LLY,788020200,16.125,16.3125,16.0625,16.3125,3.6184e+06
LLY,788106600,16.25,16.25,15.875,15.875,2.6032e+06
LLY,788193000,16,16.4062,15.9688,16.3125,1.8328e+06
LLY,788538600,16.375,16.4688,16.3438,16.4062,1.4692e+06
LLY,788625000,16.4375,16.4375,16.3125,16.375,1.7644e+06
LLY,788711400,16.3438,16.375,16.3125,16.3438,1.2772e+06
LLY,788797800,16.3125,16.5625,16.3125,16.4062,1.6604e+06
LLY,789143400,16.4062,16.4062,16.2188,16.3125,1.6828e+06
LLY,789229800,16.2812,16.3125,16.1562,16.2812,1.6132e+06
LLY,789316200,16.2812,16.3438,16.2188,16.3438,1.5156e+06
LLY,789402600,16.2812,16.3125,16.2188,16.2812,1.754e+06
LLY,789661800,16.25,16.2812,16.0625,16.1875,3.1116e+06
LLY,789748200,16.1562,16.1875,15.9375,15.9375,1.94e+06
LLY,789834600,15.9688,15.9688,15.7188,15.8125,3.0472e+06
LLY,789921000,15.75,15.8125,15.7188,15.75,1.6928e+06
LLY,790007400,15.7812,15.8125,15.625,15.7188,1.5312e+06
LLY,790266600,15.7812,16.1562,15.75,16.0625,1.9312e+06
LLY,790353000,16,16.25,16,16.25,1.9844e+06
LLY,790439400,16.2812,16.4062,16.25,16.3125,2.0952e+06
LLY,790525800,16.2812,16.3125,16.1875,16.2812,1.6048e+06
LLY,790612200,16.2812,16.2812,16.1562,16.2812,1.7584e+06
LLY,790871400,16.2188,16.4375,16.0938,16.4375,3.6748e+06
LLY,790957800,16.4062,16.4062,16.125,16.125,1.698e+06
LLY,791044200,16.0938,16.2188,15.9375,16,2.4776e+06
LLY,791130600,16.0625,16.125,16,16.125,1.3944e+06
LLY,791217000,16.1562,16.1875,16,16.125,1.4592e+06
LLY,791476200,16.0625,16.4062,16.0625,16.3438,1.652e+06
LLY,791562600,16.3125,16.4688,16.2812,16.4688,1.6576e+06
LLY,791649000,16.5312,16.5938,16.4062,16.4062,3.9328e+06
LLY,791735400,16.375,16.4688,16.375,16.4375,1.9896e+06
LLY,791821800,16.4688,16.5625,16.4375,16.5312,1.7612e+06
LLY,792081000,16.5,16.7812,16.5,16.6562,2.0596e+06
LLY,792167400,16.6875,16.75,16.5938,16.5938,1.3872e+06
LLY,792253800,16.5938,16.6875,16.5938,16.6562,1.1992e+06
LLY,792340200,16.4375,16.5625,16.25,16.4062,3.228e+06
LLY,792426600,16.4688,16.4688,16.125,16.1875,1.2984e+06
LLY,792685800,16.125,16.2812,16.125,16.2188,2.0492e+06
LLY,792772200,16.25,16.3438,15.9375,16.0625,3.398e+06
LLY,792858600,16.0312,16.1562,15.9375,16.1562,4.3216e+06
LLY,792945000,16.1562,16.1562,15.9688,16.0625,2.1404e+06
LLY,793031400,16.0625,16.1875,16.0312,16.0938,2.4312e+06
LLY,793377000,16.1562,16.1562,16,16.0625,1.3856e+06
LLY,793463400,16,16.4062,15.9688,16.3125,2.6208e+06
LLY,793549800,16.4375,16.4375,16.2812,16.375,2.648e+06
LLY,793636200,16.4375,16.625,16.4062,16.625,2.3912e+06
LLY,793895400,16.625,16.6406,16.5625,16.5625,1.8712e+06
LLY,793981800,16.5938,16.75,16.5312,16.75,1.9552e+06
LLY,794068200,16.7812,17,16.75,16.9375,2.5468e+06
LLY,794154600,16.875,16.9062,16.6562,16.75,2.3084e+06
LLY,794241000,16.7188,16.75,16.625,16.75,1.4996e+06
LLY,794500200,16.7188,17.0938,16.625,17.0938,2.132e+06
LLY,794586600,17.0312,17.125,16.8438,16.9062,2.6412e+06
LLY,794673000,17.0312,17.0312,16.9375,17.0312,1.488e+06
LLY,794759400,17.0938,17.125,16.8125,16.8125,2.2204e+06
LLY,794845800,16.8125,17.0312,16.7812,17.0312,2.198e+06
LLY,795105000,17.0312,17.125,17,17,1.8544e+06
LLY,795191400,17.1875,17.25,17.125,17.1562,1.4332e+06
LLY,795277800,17.125,17.125,16.9688,17.0312,2.3072e+06
LLY,795364200,17.0312,17.1562,17,17.0938,1.0568e+06
LLY,795450600,17.1562,17.3438,17.125,17.2188,2.808e+06
LLY,795709800,17.25,17.2812,17.1875,17.25,854400
LLY,795796200,17.25,17.375,17.2188,17.3125,1.1036e+06
LLY,795882600,17.6875,17.6875,17.5625,17.625,4.0616e+06
LLY,795969000,17.6875,17.9688,17.6562,17.9375,3.9952e+06
LLY,796055400,18.2188,18.4688,18.125,18.4062,6.268e+06
LLY,796314600,18.8438,19.2188,18.8438,19.1875,6.4244e+06
LLY,796401000,19.0938,19.125,18.875,18.9688,2.8148e+06
LLY,796487400,19,19.1562,18.7188,18.9375,4.4068e+06
LLY,796573800,18.9375,18.9375,18.3438,18.375,3.464e+06
LLY,796660200,18.125,18.3125,18,18.2812,2.6844e+06
LLY,796915800,18.2812,18.5938,18.2812,18.5,2.8528e+06
LLY,797002200,18.5625,18.9375,18.5,18.9375,3.2372e+06
LLY,797088600,18.8125,18.8438,18.625,18.625,2.0108e+06
LLY,797175000,18.6875,18.7188,18.5312,18.625,2.1288e+06
LLY,797261400,18.6875,18.7188,18.5625,18.625,1.3692e+06
LLY,797520600,18.6562,18.8125,18.625,18.75,1.5724e+06
LLY,797607000,18.75,18.875,18.7188,18.8438,1.4392e+06
LLY,797693400,18.9062,19.1875,18.9062,19.1562,2.6536e+06
LLY,797779800,19.25,19.4375,19.1875,19.4375,1.4504e+06
LLY,798125400,19.5,19.8438,19.375,19.4375,2.432e+06
LLY,798211800,19.4688,19.4688,18.8125,19,2.7376e+06
LLY,798298200,18.9688,19,18.4375,18.4688,4.2116e+06
LLY,798384600,18.5312,18.5938,18.375,18.4688,2.3676e+06
LLY,798471000,18.625,18.8125,18.5,18.7188,2.5564e+06
LLY,798730200,18.7812,19.1875,18.7812,19.0312,1.9024e+06
LLY,798816600,18.5,18.5938,18.3125,18.3438,5.5432e+06
LLY,798903000,18.4062,18.4062,17.9062,17.9062,5.1412e+06
LLY,798989400,17.9062,18.3125,17.9062,18.125,5.3716e+06
LLY,799075800,18.375,18.7188,18.2812,18.6875,3.3672e+06
LLY,799335000,18.625,18.7812,18.5938,18.6562,2.5544e+06
LLY,799421400,18.5938,18.75,18.5938,18.7188,1.3316e+06
LLY,799507800,18.75,19.125,18.75,19.125,2.2232e+06
LLY,799594200,19.1875,19.2188,18.9688,19,2.7488e+06
LLY,799680600,19,19.0312,18.5625,18.6875,2.4852e+06
LLY,799939800,18.625,18.75,18.5312,18.6562,999200
LLY,800026200,18.4688,18.5312,18.2188,18.3125,1.7756e+06
LLY,800112600,18.375,18.4688,18.0938,18.2812,2.3432e+06
LLY,800199000,18.1562,18.3125,18.0625,18.2188,930800
LLY,800285400,18.2188,18.2812,17.4375,17.7188,5.6788e+06
LLY,800544600,17.7188,17.75,17.3125,17.4375,5.164e+06
LLY,800631000,17.5,17.6875,17.375,17.5312,5.0156e+06
LLY,800717400,17.6875,17.9375,17.6562,17.875,2.5124e+06
LLY,800803800,17.6875,17.8438,17.625,17.7812,3.1828e+06
LLY,800890200,17.7188,18.0938,17.7188,18.0312,2.7052e+06
LLY,801149400,17.9688,18.125,17.9688,18.0312,1.69e+06
LLY,801235800,18.0312,18.3125,18,18.25,2.7512e+06
LLY,801322200,18.625,18.625,18.25,18.4062,2.2636e+06
LLY,801408600,18.4375,18.6875,18.3125,18.3125,2.448e+06
LLY,801495000,18.3125,18.4375,18.2812,18.3438,3.0496e+06
LLY,801840600,18.3125,18.3438,18.1875,18.2812,1.1316e+06
LLY,801927000,18.3438,18.6562,18.2812,18.6562,1.498e+06
LLY,802013400,18.6562,18.75,18.5,18.6562,1.5468e+06
LLY,802099800,18.7188,18.9688,18.625,18.9062,1.3536e+06
LLY,802359000,18.9375,19.0938,18.875,18.9062,1.3932e+06
LLY,802445400,18.9375,19.2188,18.9375,18.9688,2.2048e+06
LLY,802531800,19.0312,19.1875,18.9688,19.125,3.3396e+06
LLY,802618200,19.3125,19.375,19.125,19.2188,1.4348e+06
LLY,802704600,19.1562,19.1562,18.9375,18.9375,1.1516e+06
LLY,802963800,19.0312,19.1875,18.9688,19,1.2412e+06
LLY,803050200,19.0938,19.0938,18.75,19,1.3584e+06
LLY,803136600,18.9688,19.0312,18.9062,19.0312,1.7656e+06
LLY,803223000,18.9688,18.9688,18.7812,18.9062,693200
LLY,803309400,18.9688,19.125,18.9375,19,3.0392e+06
LLY,803568600,19,19.0625,18.9688,19.0312,1.7524e+06
LLY,803655000,19,19.0625,18.7188,18.7188,1.6224e+06
LLY,803741400,18.7188,19.2188,18.6875,19.1875,2.2588e+06
LLY,803827800,19.3125,19.5312,19.25,19.4375,3.5512e+06
LLY,803914200,19.4688,19.6562,19.4688,19.5625,2.6256e+06
LLY,804173400,19.4375,19.5625,19.2812,19.2812,1.8048e+06
LLY,804259800,19.3438,19.4688,19.1875,19.1875,1.56e+06
LLY,804346200,19.1875,19.5938,19.125,19.5938,2.0884e+06
LLY,804432600,19.5312,19.6875,19.5,19.6875,1.9108e+06
LLY,804519000,19.6562,19.7812,19.5938,19.625,1.9316e+06
LLY,804778200,19.625,19.75,19.5312,19.75,787200
LLY,804951000,19.6875,19.8438,19.625,19.6562,2.138e+06
LLY,805037400,19.8125,19.8125,19.4688,19.4688,1.6088e+06
LLY,805123800,19.4688,19.5,18.875,19,2.126e+06
LLY,805383000,19.0312,19.0312,18.8438,18.9375,2.3308e+06
LLY,805469400,18.9062,18.9688,18.8125,18.875,3.566e+06
LLY,805555800,19,19.2812,18.8438,19.2188,2.0344e+06
LLY,805642200,19.25,19.5938,19.2188,19.5625,1.5328e+06
LLY,805728600,19.4375,19.5312,19.375,19.5,640800
LLY,805987800,19.4375,19.5,19.375,19.4688,1.0404e+06
LLY,806074200,19.4375,19.7812,19.3438,19.625,1.6044e+06
LLY,806160600,19.4375,19.8125,19.3438,19.5312,2.8456e+06
LLY,806247000,19.4688,19.5312,19.0625,19.1875,3.032e+06
LLY,806333400,19.1875,19.3438,19.125,19.2188,2.2904e+06
LLY,806592600,19.25,19.375,19.2188,19.3438,2.2344e+06
LLY,806679000,19.4375,19.7188,19.375,19.7188,2.206e+06
LLY,806765400,19.4375,19.5312,19.2812,19.5,2.5556e+06
LLY,806851800,19.5,19.7188,19.375,19.7188,747200
LLY,806938200,19.6562,19.6562,19.5,19.625,1.7168e+06
LLY,807197400,19.5625,19.6562,19.4688,19.5625,2.308e+06
LLY,807283800,19.625,19.625,19.125,19.3125,1.466e+06
LLY,807370200,19.3125,19.4688,19.1562,19.25,1.246e+06
LLY,807456600,19.125,19.5,19,19.5,1.4144e+06
LLY,807543000,19.5625,19.5625,19.2812,19.4688,914000
LLY,807802200,19.375,19.5312,19.375,19.4375,1.1228e+06
LLY,807888600,19.4062,19.4688,19.3438,19.4688,1.5216e+06
LLY,807975000,19.4688,19.4688,19.2188,19.25,1.296e+06
LLY,808061400,19.25,19.25,19.0312,19.1875,1.2548e+06
LLY,808147800,19,19,18.8125,18.9688,1.7956e+06
LLY,808407000,18.9375,19.25,18.9375,19.1875,1.7016e+06
LLY,808493400,19.2188,19.25,18.7812,19,1.572e+06
LLY,808579800,18.8438,19.0938,18.8125,19.0625,2.6664e+06
LLY,808666200,18.9688,18.9688,18.8125,18.875,1.0924e+06
LLY,808752600,19,19.0938,18.9688,19.0938,1.9208e+06
LLY,809011800,19.25,19.5625,19.25,19.3438,3.7524e+06
LLY,809098200,19.4062,19.4375,19.1562,19.3125,2.1304e+06
LLY,809184600,19.375,19.4062,19.25,19.375,1.6196e+06
LLY,809271000,19.375,19.625,19.3438,19.5312,1.8996e+06
LLY,809357400,19.5312,19.6875,19.5,19.5,2.4552e+06
LLY,809616600,19.4688,19.875,19.4375,19.875,3.0128e+06
LLY,809703000,19.9375,20.0312,19.8125,19.9062,3.4556e+06
LLY,809789400,19.875,20.125,19.875,20.125,2.4952e+06
LLY,809875800,20.0625,20.4688,20.0312,20.4688,2.6772e+06
LLY,809962200,20.4688,20.5,20.3438,20.4375,1.7756e+06
LLY,810307800,20.4375,20.4688,20.375,20.4062,1.8484e+06
LLY,810394200,20.3125,20.5625,20.2812,20.4688,1.9968e+06
LLY,810480600,20.4688,21.125,20.4688,21.125,4.0996e+06
LLY,810567000,20.875,21.0312,20.7188,20.9375,5.0672e+06
LLY,810826200,20.9375,20.9375,20.6562,20.8125,3.2664e+06
LLY,810912600,20.875,20.9062,20.6875,20.75,3.452e+06
LLY,810999000,20.6875,20.8125,20.6562,20.7188,3.062e+06
LLY,811085400,20.75,21.25,20.7188,21.25,3.2528e+06
LLY,811171800,21.625,21.625,21.125,21.3438,6.414e+06
LLY,811431000,21.2812,21.4062,21.2188,21.3438,1.54864e+07
LLY,811517400,21.4062,22.1562,21.3438,21.9688,8.1008e+06
LLY,811603800,22,22.3125,21.875,22.25,7.4828e+06
LLY,811690200,22.3125,23.5938,22.2812,22.5,1.02288e+07
LLY,811776600,22.3125,22.5938,22.1562,22.3125,5.5164e+06
LLY,812035800,22.2812,22.3438,22.2188,22.3125,1.4564e+06
LLY,812122200,22.375,22.6875,22.3438,22.4062,2.5316e+06
LLY,812208600,22.1875,22.9688,22.1875,22.9688,4.412e+06
LLY,812295000,22.8438,22.875,22.5312,22.6562,3.1552e+06
LLY,812381400,22.5,22.6562,22.4688,22.4688,2.1128e+06
LLY,812640600,22.3125,22.4375,22.25,22.2812,1.5836e+06
LLY,812727000,22.3438,22.6875,22.1562,22.6562,2.44e+06
LLY,812813400,22.5938,23,22.5625,22.9375,3.486e+06
LLY,812899800,23,23.2188,22.75,23.2188,3.9668e+06
LLY,812986200,23.0938,23.1562,22.9375,23.125,1.7256e+06
LLY,813245400,23.0938,23.2188,22.9062,23,2.1852e+06
LLY,813331800,22.875,23.0625,22.8438,23,4.468e+06
LLY,813418200,23,23.0625,22.9062,23.0312,3.5844e+06
LLY,813504600,23,23.3438,22.9688,23.3125,2.2472e+06
LLY,813591000,23.5,23.5625,23.375,23.4062,2.3436e+06
LLY,813850200,23.4062,23.5938,23.2188,23.5312,2.6516e+06
LLY,813936600,23.5625,23.5938,23.25,23.4375,2.7488e+06
LLY,814023000,23.4688,23.6875,23.4062,23.6562,3.5384e+06
LLY,814109400,23.6875,23.6875,23.5312,23.625,2.2036e+06
LLY,814195800,23.5,23.7812,23.5,23.5938,4.3752e+06
LLY,814455000,23.4375,23.5625,23.4062,23.5,1.8868e+06
LLY,814541400,23.5,23.6562,23.4688,23.5938,3.3484e+06
LLY,814627800,23.6875,24.5938,23.6562,24.5312,7.1588e+06
LLY,814714200,24.5,24.6562,24.375,24.4688,5.6632e+06
LLY,814800600,24.4375,24.4375,24,24.1875,2.9868e+06
LLY,815063400,24.125,24.3125,24.0625,24.0938,2.116e+06
LLY,815149800,24.125,24.2812,24.125,24.1562,1.8336e+06
LLY,815236200,24.1562,24.4062,24.1562,24.375,2.4464e+06
LLY,815322600,24.4062,24.4062,23.8438,23.875,3.072e+06
LLY,815409000,23.875,23.9375,23.75,23.875,2.2344e+06
LLY,815668200,23.6875,23.9062,23.6875,23.8125,1.2292e+06
LLY,815754600,23.875,24.1562,23.8438,23.875,1.8404e+06
LLY,815841000,23.9062,24.4062,23.7812,24.375,3.1076e+06
LLY,815927400,24.4375,24.5312,24.3125,24.5,1.5492e+06
LLY,816013800,24.3438,24.375,24.25,24.3438,916800
LLY,816273000,24.0938,24.2188,24,24.0938,996000
LLY,816359400,24.0312,24.4688,24.0312,24.25,2.2272e+06
LLY,816445800,24.125,24.9375,24,24.875,2.2368e+06
LLY,816532200,24.9375,25.1875,24.75,24.9062,2.0684e+06
LLY,816618600,24.9688,25.7188,24.9688,25.625,2.188e+06
LLY,816877800,25.5,25.7188,25.3125,25.3125,1.0792e+06
LLY,816964200,25.0625,25.125,24.9062,25,1.6856e+06
LLY,817050600,24.9688,24.9688,24.625,24.6562,1.8636e+06
LLY,817223400,24.625,24.6562,24.5312,24.5312,431200
LLY,817482600,24.6562,24.875,24.4688,24.5,1.5396e+06
LLY,817569000,24.4062,24.6562,24.375,24.6562,1.0492e+06
LLY,817655400,24.6875,24.9375,24.6875,24.9375,1.1732e+06
LLY,817741800,24.8125,25.0625,24.75,24.875,1.5512e+06
LLY,817828200,24.875,24.9688,24.4688,24.5508,1.5452e+06
LLY,818087400,24.4062,24.9375,24.4062,24.9375,1.5764e+06
LLY,818173800,24.75,25.1875,24.75,25.1875,3.536e+06
LLY,818260200,25.25,25.75,25.25,25.75,2.3996e+06
LLY,818346600,25.625,25.8438,25,25.1562,2.5972e+06
LLY,818433000,25.1875,25.3438,24.9375,25.25,1.4976e+06
LLY,818692200,25.2188,25.5,25.1562,25.4062,1.5968e+06
LLY,818778600,25.4688,25.4688,25.1562,25.3125,1.2012e+06
LLY,818865000,25.5,25.7188,25.4375,25.5312,2.602e+06
LLY,818951400,25.75,25.8438,25.625,25.6875,3.6096e+06
LLY,819037800,25.8125,26.1875,25.6562,26.1875,8.1868e+06
LLY,819297000,26.25,26.5,25.9375,26.4375,4.1972e+06
LLY,819383400,26.4375,26.6562,25.8125,25.9688,4.4412e+06
LLY,819469800,25.9062,25.9062,25.4375,25.625,4.5188e+06
LLY,819556200,26.125,27.875,26.125,27.625,5.8592e+06
LLY,819642600,27.625,28.5,27.625,27.875,3.4076e+06
LLY,819988200,27.875,28.25,27.5,28.25,2.1638e+06
LLY,820074600,28.25,28.25,27.625,27.625,1.1392e+06
LLY,820161000,27.5625,28.125,27.4375,28,2.2106e+06
LLY,820247400,27.875,28.125,27.75,28.125,1.439e+06
LLY,820593000,28,28,27.375,27.6875,1.7042e+06
LLY,820679400,27.5,27.5625,26.375,26.6875,3.18e+06
LLY,820765800,26.5,27.0625,26.4375,26.75,2.5032e+06
LLY,820852200,26.6875,26.875,26.25,26.5625,1.7668e+06
LLY,821111400,26.5,27,26.5,26.875,594400
LLY,821197800,27,27,26,26.5781,1.9636e+06
LLY,821284200,25.75,25.8125,24.6875,24.75,2.316e+06
LLY,821370600,25.5,25.5625,25,25.5625,1.5348e+06
LLY,821457000,25.625,26.0625,25.1875,25.5,1.732e+06
LLY,821716200,25.5,25.75,25.0625,25.1875,755200
LLY,821802600,25.5625,26.4375,25.375,26.125,2.41e+06
LLY,821889000,26.0625,26.625,25.8125,25.875,2.1488e+06
LLY,821975400,26.25,26.5625,26.125,26.5,1.9072e+06
LLY,822061800,26.4375,26.625,26.3125,26.5625,2.0016e+06
LLY,822321000,26.4375,26.5,26.1875,26.3125,1.342e+06
LLY,822407400,26.25,26.6875,25.3125,26.125,2.1668e+06
LLY,822493800,26.25,26.5625,26.1875,26.375,2.796e+06
LLY,822580200,26.375,26.625,26,26,1.5816e+06
LLY,822666600,25.875,26.4375,25.875,26.4375,2.04e+06
LLY,822925800,26.4375,26.875,26.4375,26.8125,2.051e+06
LLY,823012200,26.6875,28,26.625,27.9375,4.6528e+06
LLY,823098600,28.375,29.1875,28,28.625,4.0848e+06
LLY,823185000,28.875,29,28.5625,28.875,2.395e+06
LLY,823271400,28.75,29.5,28.75,28.75,2.3922e+06
LLY,823530600,28.9375,29,28.6875,29,1.5358e+06
LLY,823617000,28,29.1875,28,29,2.271e+06
LLY,823703400,29,29.75,28.8125,29.5625,2.5308e+06
LLY,823789800,29.75,30.6875,29.5,30.5,2.769e+06
LLY,823876200,30.375,31.3125,30.125,30.875,2.1622e+06
LLY,824135400,31.25,32.0625,31.25,32.0625,2.3478e+06
LLY,824221800,31.75,32.1875,31.75,32.0625,2.3344e+06
LLY,824308200,31.875,32,31.375,31.9375,3.5562e+06
LLY,824394600,31.625,32.5625,31.5625,31.8125,4.2112e+06
LLY,824481000,31.5,31.5,30.9375,31.125,2.826e+06
LLY,824826600,30.5,30.875,30.1875,30.25,3.0944e+06
LLY,824913000,30.25,31.1875,30.25,31,2.7718e+06
LLY,824999400,31.1875,31.8125,31.0625,31.625,3.0456e+06
LLY,825085800,32,32.4375,31.875,32.125,4.0018e+06
LLY,825345000,31.375,31.875,30.9375,31.125,3.3692e+06
LLY,825431400,31,31.1875,30.375,30.5,2.2698e+06
LLY,825517800,30.75,31.0625,29.875,30.0625,4.6682e+06
LLY,825604200,30.125,31,29.9375,30.3125,3.6528e+06
LLY,825690600,30.75,31.125,30.5625,30.8125,2.9666e+06
LLY,825949800,31.25,32.1875,31.1875,32.0625,3.0346e+06
LLY,826036200,31.75,32.375,31.5625,32.375,1.6906e+06
LLY,826122600,32.375,32.875,32.3125,32.5,1.8782e+06
LLY,826209000,32.875,33.8125,32.6875,33.6875,2.8976e+06
LLY,826295400,32.625,33.125,30.875,32.75,4.2286e+06
LLY,826554600,32.25,32.4375,31.5,32,4.1692e+06
LLY,826641000,31.8125,31.9375,30.375,31.75,2.688e+06
LLY,826727400,31.75,32,30.9375,31.125,2.2726e+06
LLY,826813800,31.125,31.625,30.75,30.8125,2.1726e+06
LLY,826900200,30.6875,30.75,30.375,30.4375,3.1422e+06
LLY,827159400,30.5,30.5,29.6875,29.8125,4.3644e+06
LLY,827245800,30,30.4375,29.8125,29.9375,3.4808e+06
LLY,827332200,30.25,31,30.0625,31,3.4926e+06
LLY,827418600,31.5,33.6875,31.375,33.3125,7.608e+06
LLY,827505000,33,33.125,31.875,32.4375,3.7572e+06
LLY,827764200,33.75,33.8125,32.9375,33.125,4.5848e+06
LLY,827850600,33,33.6875,32.875,33.5,4.1918e+06
LLY,827937000,33,33.125,32.6875,32.6875,2.5422e+06
LLY,828023400,32.375,32.6875,32.1875,32.6875,2.028e+06
LLY,828109800,33.25,33.25,32.4375,32.5,2.3154e+06
LLY,828369000,32.75,32.9375,32.5,32.6875,1.88e+06
LLY,828455400,33.25,33.625,33,33.1875,1.6334e+06
LLY,828541800,33.0625,33.125,32.5625,32.625,1.3148e+06
LLY,828628200,32.625,32.625,32.25,32.3125,2.1862e+06
LLY,828970200,31,31.5625,31,31.5,1.8748e+06
LLY,829056600,31.6875,31.6875,31.375,31.5,1.5626e+06
LLY,829143000,31.375,31.4375,30,30.5,3.548e+06
LLY,829229400,30.25,30.5,29.2031,30.1875,3.8362e+06
LLY,829315800,30.375,31.0625,30.3125,30.8125,2.175e+06
LLY,829575000,30.5,30.625,30.1875,30.1875,3.0036e+06
LLY,829661400,30.0625,30.125,29.4375,29.5,3.606e+06
LLY,829747800,29.4375,29.4375,27.9375,28.25,6.091e+06
LLY,829834200,28.75,29.9375,28.6875,29.4375,7.1862e+06
LLY,829920600,29.75,30.5,29.6875,30.375,2.8514e+06
LLY,830179800,30.75,30.75,28.8125,29.25,2.8246e+06
LLY,830266200,29.1875,29.375,28.5,28.6875,5.6008e+06
LLY,830352600,28.8125,28.8125,27.125,27.75,9.9964e+06
LLY,830439000,27.875,28.5625,27.8125,28.3125,4.7862e+06
LLY,830525400,28.75,29.3125,28.625,29.0625,3.4682e+06
LLY,830784600,29.125,29.6875,29.125,29.375,2.6134e+06
LLY,830871000,29.5,29.5625,29.0625,29.5625,1.8116e+06
LLY,830957400,29.25,29.4375,28.8125,28.875,2.2012e+06
LLY,831043800,28.125,28.5625,27.8125,28,1.8394e+06
LLY,831130200,28.25,28.5625,27.5625,27.6875,1.859e+06
LLY,831389400,27.8125,28.3125,26.9375,27.4375,3.8772e+06
LLY,831475800,27.25,27.625,27.1875,27.4375,3.592e+06
LLY,831562200,27,28.1875,26.75,28.0625,3.4924e+06
LLY,831648600,27.5,28.0625,27.5,27.6875,2.5776e+06
LLY,831735000,28,28.3125,27.625,28.1875,2.5638e+06
LLY,831994200,27.875,28.25,27.6875,27.9375,1.5468e+06
LLY,832080600,27.8125,28.125,27.625,28.0625,3.437e+06
LLY,832167000,28.4375,28.75,28.0625,28.1875,2.9812e+06
LLY,832253400,28.0625,29.5625,28.0625,29.375,3.9696e+06
LLY,832339800,30,30,29.25,29.5625,3.1626e+06
LLY,832599000,29.875,30.125,29.8125,30,2.1344e+06
LLY,832685400,29.75,30.0625,29.5,29.5,1.8692e+06
LLY,832771800,29.25,30.3125,29.125,29.875,2.7468e+06
LLY,832858200,30,30.75,30,30.5625,2.7868e+06
LLY,832944600,30.6875,31.4375,30.6875,31.375,2.5146e+06
LLY,833290200,31.4375,31.5625,30.5625,30.6875,2.2942e+06
LLY,833376600,31.625,32.1875,31.125,31.25,5.4708e+06
LLY,833463000,31.25,32.3125,30.75,32,3.1858e+06
LLY,833549400,31.875,32.1875,31.4375,32.125,2.5536e+06
LLY,833808600,31.5,32.75,31.5,32.6875,2.9872e+06
LLY,833895000,32.875,33.125,32.6875,32.6875,4.5234e+06
LLY,833981400,33.25,33.25,32.6875,33.125,3.4168e+06
LLY,834067800,33.1875,33.3125,33,33.0625,2.7636e+06
LLY,834154200,31.875,33.625,31.875,33.625,2.92e+06
LLY,834413400,33.5,33.625,33.1875,33.3125,1.806e+06
LLY,834499800,33.3125,33.4375,32.8125,33,1.6036e+06
LLY,834586200,33,33,32,32.125,1.9558e+06
LLY,834672600,32.125,32.3125,31.625,31.875,2.258e+06
LLY,834759000,31.75,32.25,31.5625,31.75,2.6082e+06
LLY,835018200,31.6875,32.1875,31.375,31.375,2.4276e+06
LLY,835104600,31.3125,31.375,30.75,30.75,2.4038e+06
LLY,835191000,31.125,31.3125,30.75,31.3125,2.6598e+06
LLY,835277400,32,32.5,31.6875,32.125,3.4802e+06
LLY,835363800,32.9375,33,32.5625,32.9375,4.3282e+06
LLY,835623000,32.6875,32.875,32.25,32.375,1.9404e+06
LLY,835709400,32.375,33,32.375,33,2.3906e+06
LLY,835795800,32.625,33,32.5,32.75,1.5736e+06
LLY,835882200,32.625,32.9375,32.4375,32.875,1.603e+06
LLY,835968600,32.75,33.0625,32.4375,32.5,1.458e+06
LLY,836227800,32.5,32.6875,32.1875,32.4375,2.6842e+06
LLY,836314200,32.5,33.0625,32.375,32.375,2.929e+06
LLY,836400600,32.375,32.8125,32.375,32.75,1.5644e+06
LLY,836573400,32.125,32.625,31.6875,31.75,692200
LLY,836832600,31.5625,32,31.4375,31.5625,1.5828e+06
LLY,836919000,31.5625,31.6875,30.875,30.9375,2.7088e+06
LLY,837005400,30.8125,30.8125,30.3125,30.5625,2.3372e+06
LLY,837091800,30.375,30.8125,30,30.25,2.9436e+06
LLY,837178200,29.875,30.4375,29.0625,30.375,2.5026e+06
LLY,837437400,30.25,30.6875,29.625,29.75,2.367e+06
LLY,837523800,29.125,29.25,26.75,28.5,5.463e+06
LLY,837610200,28.75,28.75,27.875,28,3.9888e+06
LLY,837696600,28.25,29.3125,28.125,29.1875,3.3408e+06
LLY,837783000,28.5,29.5,28.375,28.6875,2.3684e+06
LLY,838042200,28.5625,29.0625,28.125,29.0625,2.1072e+06
LLY,838128600,29.0625,29.0625,28.125,28.25,2.157e+06
LLY,838215000,27.875,28.625,27.8125,28.5,2.39e+06
LLY,838301400,29,29,28.0625,28.1875,2.6486e+06
LLY,838387800,28.3125,28.5,28.0625,28.125,1.4592e+06
LLY,838647000,27.75,28,27.375,27.375,2.697e+06
LLY,838733400,27.25,27.5,27,27.25,3.6848e+06
LLY,838819800,27.375,28,27.375,28,1.7708e+06
LLY,838906200,28.25,29,28.1875,29,2.0948e+06
LLY,838992600,29.25,29.4375,28.6875,29,1.9914e+06
LLY,839251800,29,29.4375,28.9375,29.1875,1.1816e+06
LLY,839338200,29.3125,29.5625,29.1875,29.3125,1.85e+06
LLY,839424600,29.875,29.875,28.875,28.9375,3.1266e+06
LLY,839511000,29.0625,29.25,28.875,29.1875,2.0758e+06
LLY,839597400,28.875,29.125,28.6875,28.875,1.4614e+06
LLY,839856600,28.75,28.875,28.125,28.875,2.8106e+06
LLY,839943000,29,29.5625,28.9375,29.5,2.7164e+06
LLY,840029400,29.375,29.375,28.9375,29.0625,2.0036e+06
LLY,840115800,28.9375,29.375,28.9375,29.25,2.4942e+06
LLY,840202200,29,29.25,29,29.0625,1.8752e+06
LLY,840461400,29.1875,29.3125,28.9375,29.3125,1.0836e+06
LLY,840547800,29.0625,29.3125,28.875,29.125,1.5872e+06
LLY,840634200,29.125,29.9375,29.125,29.6875,3.27e+06
LLY,840720600,29.75,29.9375,29.625,29.875,1.5468e+06
LLY,840807000,29.875,29.9375,29.5625,29.6875,1.1814e+06
LLY,841066200,29.875,29.875,29.5625,29.625,933600
LLY,841152600,29.5625,29.9375,29.5,29.9375,1.0198e+06
LLY,841239000,29.9375,29.9375,29.625,29.625,960000
LLY,841325400,29.4375,29.5625,29.0625,29.125,1.3094e+06
LLY,841411800,29.125,29.1875,28.3125,28.625,2.5402e+06
LLY,841757400,28.125,30.125,28,29.875,3.4548e+06
LLY,841843800,30.0625,30.0625,29.3125,29.5,2.0296e+06
LLY,841930200,29.375,29.5625,28.8125,28.8125,2.6662e+06
LLY,842016600,28.8125,29.5,28.8125,29.5,2.2768e+06
LLY,842275800,29.5,29.5625,29.125,29.5625,1.6336e+06
LLY,842362200,29.6875,29.875,29.375,29.625,2.6206e+06
LLY,842448600,29.6875,30.3125,29.625,30.125,3.0492e+06
LLY,842535000,30.25,30.4375,29.9375,30.375,2.2502e+06
LLY,842621400,31,31.0625,30.6875,31.0625,3.4446e+06
LLY,842880600,31.375,31.375,31.125,31.3125,1.696e+06
LLY,842967000,31.25,31.3125,30.75,30.8125,1.8842e+06
LLY,843053400,30.8125,31.125,30.4375,31.0625,3.0054e+06
LLY,843139800,31.125,32,31.0625,31.9375,3.3602e+06
LLY,843226200,32.1875,32.3125,31.6875,31.75,3.905e+06
LLY,843485400,31.625,32.1875,31.3125,32,1.856e+06
LLY,843571800,31.875,32.3125,31.75,32,2.4254e+06
LLY,843658200,31.9375,31.9375,31.375,31.5,3.004e+06
LLY,843744600,31.5,32.4375,31.5,32,2.0556e+06
LLY,843831000,32.0625,32.4375,31.75,32.4375,2.532e+06
LLY,844090200,32.3125,32.5625,32.125,32.25,1.931e+06
LLY,844176600,32.25,32.5,31.75,32.5,2.0152e+06
LLY,844263000,33,33.1875,32.5,32.6875,4.2262e+06
LLY,844349400,32.375,33.0625,32.3125,32.9375,2.0458e+06
LLY,844435800,33.25,33.875,33.1875,33.375,3.1524e+06
LLY,844695000,33.25,33.625,32.9375,33,1.4916e+06
LLY,844781400,32.875,33.5,32.75,33.125,1.8224e+06
LLY,844867800,32.625,33.25,32.625,32.9375,1.9238e+06
LLY,844954200,32.875,33,32.625,32.625,1.215e+06
LLY,845040600,32.5,33.125,32.4375,33.0625,1.437e+06
LLY,845299800,32.9375,33.6875,32.9375,33.5,1.7058e+06
LLY,845386200,33.5625,33.9375,33.375,33.9375,2.8074e+06
LLY,845472600,33.6875,33.875,33.1875,33.375,2.8428e+06
LLY,845559000,33.25,33.8125,33.1875,33.75,2.8396e+06
LLY,845645400,33.75,34.625,33.5625,34.3125,3.0884e+06
LLY,845904600,34.375,34.875,34.3125,34.375,2.8978e+06
LLY,845991000,34.75,35.5,34.4375,34.625,4.0542e+06
LLY,846077400,34.5625,35.75,34.5,35.75,3.3732e+06
LLY,846163800,35.5625,36.0625,35.375,35.875,2.995e+06
LLY,846250200,35.875,35.875,34.8125,34.875,2.2456e+06
LLY,846513000,34.875,34.875,34,34.0625,3.2768e+06
LLY,846599400,33.9375,35.1875,33.875,35.1875,2.6504e+06
LLY,846685800,35.0625,35.125,34.3125,34.4375,2.2854e+06
LLY,846772200,34.375,35.4375,34.3125,35.25,2.088e+06
LLY,846858600,35.5,35.625,34.8125,35.375,2.0992e+06
LLY,847117800,35.375,35.8125,35.125,35.75,2.3296e+06
LLY,847204200,35.8125,36.875,35.625,36.875,3.1888e+06
LLY,847290600,37.5,38.5625,37.375,38.5625,4.5002e+06
LLY,847377000,38,38.4375,37.875,38.3125,3.3018e+06
LLY,847463400,38,38.9375,37.875,38.875,2.2678e+06
LLY,847722600,38.875,38.875,38.125,38.625,2.7064e+06
LLY,847809000,38.4375,38.4375,37.625,37.6875,2.5208e+06
LLY,847895400,37.375,37.8125,37.1875,37.8125,2.335e+06
LLY,847981800,37.5,37.9375,37.1875,37.5,1.9386e+06
LLY,848068200,37.6875,38.125,37.25,37.4375,2.0934e+06
LLY,848327400,37.125,37.625,37,37.4375,1.2462e+06
LLY,848413800,37,37.4375,36.875,37.125,2.0588e+06
LLY,848500200,36.9375,37.125,36.6875,36.75,2.7808e+06
LLY,848586600,37.125,38.25,37,37.1875,3.4276e+06
LLY,848673000,37.5,37.5,37.0625,37.5,1.838e+06
LLY,848932200,37.375,39,37.375,39,2.6814e+06
LLY,849018600,38.25,39.125,38.25,38.25,2.4876e+06
LLY,849105000,38.125,38.5,37.875,38,1.2722e+06
LLY,849277800,38.125,38.375,38.125,38.25,618600
LLY,849537000,38.75,38.75,37.1875,37.3125,2.108e+06
LLY,849623400,37.5,38.4375,37.375,37.9375,2.8646e+06
LLY,849709800,37.75,37.75,36.25,37.375,6.142e+06
LLY,849796200,37.3125,37.5,36.25,36.5,2.1054e+06
LLY,849882600,35.625,37,35,36.75,2.6212e+06
LLY,850141800,37.375,37.375,36.8125,37.0625,1.832e+06
LLY,850228200,37.25,38.5,37.1875,37.4375,3.2082e+06
LLY,850314600,37.125,37.9375,36.5,37.8125,3.34e+06
LLY,850401000,38.125,38.5,37.125,37.25,3.2908e+06
LLY,850487400,37,37.375,36.5625,37.125,2.8472e+06
LLY,850746600,37.625,37.8125,36.875,37,3.6208e+06
LLY,850833000,37,37.8125,36.875,36.875,3.3138e+06
LLY,850919400,37.25,37.875,37,37.5625,3.2782e+06
LLY,851005800,38,39.8125,37.5,39.625,4.2658e+06
LLY,851092200,40.1875,40.1875,38.375,38.5625,5.8148e+06
LLY,851351400,38.625,38.9375,37.4375,37.9375,2.0168e+06
LLY,851437800,37.8125,38.125,37.8125,38,661600
LLY,851610600,38.0625,38.5625,37.6875,37.875,1.0894e+06
LLY,851697000,38,38.125,37.5,37.6875,998800
LLY,851956200,37.6875,37.9375,37.3125,37.5,864000
LLY,852042600,37.5,37.625,36.5,36.5,1.2566e+06
LLY,852215400,36.5625,36.625,35.5625,36.25,2.0106e+06
LLY,852301800,36.625,37.625,36.4375,37.625,1.612e+06
LLY,852561000,38,38.1875,37.1875,37.6875,2.0902e+06
LLY,852647400,37.375,38.125,37,38.125,2.2224e+06
LLY,852733800,38,38.25,37.25,37.4375,2.9526e+06
LLY,852820200,37.3125,38.1875,37.25,37.8125,1.5874e+06
LLY,852906600,37.125,38.3125,37,38.1875,3.1208e+06
LLY,853165800,38.25,38.8125,37.9375,38.8125,2.4764e+06
LLY,853252200,39,39.9375,38.875,39.6875,2.777e+06
LLY,853338600,39.125,40.0625,39,39.75,2.9708e+06
LLY,853425000,39.875,40.25,39.5,40.0625,2.2484e+06
LLY,853511400,40,40.9375,40,40.875,2.27e+06
LLY,853770600,40.875,41.375,40.5625,40.8125,1.355e+06
LLY,853857000,40.5,41.8125,40.375,41.6875,2.2254e+06
LLY,853943400,42,42.75,41.75,42.1875,4.0308e+06
LLY,854029800,42.5,43.0625,41.0625,41.0625,3.3712e+06
LLY,854116200,41.1875,42.0625,40.875,41.3125,3.0942e+06
LLY,854375400,41.25,41.5,40,40.1875,2.3252e+06
LLY,854461800,41.25,42.5,40.625,41.125,4.573e+06
LLY,854548200,41.1875,41.75,41,41,2.7658e+06
LLY,854634600,41.5,43.4375,41.3125,43.4375,3.964e+06
LLY,854721000,43.625,44.25,43.4375,43.5625,3.5124e+06
LLY,854980200,43.5625,44.0625,43.25,43.8125,1.7704e+06
LLY,855066600,43.625,44.25,43.5,43.6875,1.5344e+06
LLY,855153000,43.8125,44.375,42.875,43.5625,2.7548e+06
LLY,855239400,43.1875,43.9375,43.125,43.4375,2.5204e+06
LLY,855325800,44,44.625,43.75,44.5,2.6848e+06
LLY,855585000,44.875,45.125,44.0625,44.375,3.1218e+06
LLY,855671400,44.5,44.75,43.8125,44.6875,2.1514e+06
LLY,855757800,44.75,45.25,44.375,45.25,2.4258e+06
LLY,855844200,45.875,46.5,45.4375,46.25,3.2892e+06
LLY,855930600,46.375,46.8125,46.25,46.375,2.7916e+06
LLY,856276200,46,46.5,45.8125,46.3125,2.2014e+06
LLY,856362600,47,47.25,46.5,46.9375,2.5618e+06
LLY,856449000,46.375,46.875,46.375,46.5625,2.2066e+06
LLY,856535400,46.5625,46.625,46.25,46.375,2.0734e+06
LLY,856794600,46,47.4375,46,47.1875,2.7092e+06
LLY,856881000,47.5,47.5,46.5,46.8125,1.6364e+06
LLY,856967400,46.5,46.5625,44.75,45.875,2.9424e+06
LLY,857053800,45.875,45.875,43.75,43.75,3.8198e+06
LLY,857140200,43.5,44.25,43.25,43.6875,3.4608e+06
LLY,857399400,42.875,44.625,42.6875,44.5625,2.8192e+06
LLY,857485800,44.6875,44.75,42.5,43,3.4662e+06
LLY,857572200,43,44.5625,43,44.5625,3.0752e+06
LLY,857658600,44.4375,44.5,43.25,43.25,3.0774e+06
LLY,857745000,43.875,44.6875,43.75,44.5,2.379e+06
LLY,858004200,44.375,45.875,44.375,45.75,2.9298e+06
LLY,858090600,45.875,45.875,44.3125,44.375,3.5272e+06
LLY,858177000,44,44.125,42.75,43.1875,3.5162e+06
LLY,858263400,42.75,43.5625,42,42.5,3.1016e+06
LLY,858349800,42.875,43.0625,41.3125,41.6875,3.2984e+06
LLY,858609000,41.5,43.25,41.5,43.1875,2.8904e+06
LLY,858695400,43.5,43.625,42.5,42.5625,2.2146e+06
LLY,858781800,42.5625,43.5,42.3125,43.3125,2.8584e+06
LLY,858868200,43.3125,43.625,42.8125,43,2.7892e+06
LLY,858954600,43.25,43.6875,42.5,42.5,2.2756e+06
LLY,859213800,42.5625,43.4375,42.5625,43.375,2.2532e+06
LLY,859300200,43.4375,45,43,44.625,3.5012e+06
LLY,859386600,44.75,45.625,44.625,45.3125,3.2168e+06
LLY,859473000,45.375,45.5,43,43.875,3.268e+06
LLY,859818600,43.75,44.25,41.125,41.125,3.3816e+06
LLY,859905000,41.375,42.5,41.1875,41.9375,4.5618e+06
LLY,859991400,41.6875,41.75,40.5625,40.6875,2.5932e+06
LLY,860077800,40.625,41.625,40.4375,41.5,2.0816e+06
LLY,860164200,41.0625,42.0625,40.875,41.6875,3.4276e+06
LLY,860419800,42.4375,42.4375,41.5625,42.0625,2.453e+06
LLY,860506200,42,42.0625,40.875,41.25,3.364e+06
LLY,860592600,41.125,41.375,39.9375,39.9375,3.4108e+06
LLY,860679000,40.125,40.75,39.75,39.75,5.1782e+06
LLY,860765400,39.625,39.6875,39.0625,39.0625,2.4914e+06
LLY,861024600,39,40.5,38.6875,40.375,2.1608e+06
LLY,861111000,41.375,42,40.9375,41.8125,2.8234e+06
LLY,861197400,41.4375,43.3125,40.9375,43.1875,1.8642e+06
LLY,861283800,42.75,43.0625,42.25,42.6875,2.1392e+06
LLY,861370200,42.6875,42.6875,41.9375,42.5,1.512e+06
LLY,861629400,42.5,42.8125,40.9375,42.5625,4.3754e+06
LLY,861715800,42.375,43.0625,41.9375,42.5,2.6544e+06
LLY,861802200,43.375,43.625,42.875,42.9375,1.677e+06
LLY,861888600,43,43.0625,42.1875,42.8125,1.7716e+06
LLY,861975000,42.5,42.5625,41.875,42.125,1.2996e+06
LLY,862234200,41.625,42.375,41.5625,42,1.7212e+06
LLY,862320600,42.5625,43.9375,42.25,43.8125,2.136e+06
LLY,862407000,43.625,44,43.125,43.9375,2.4296e+06
LLY,862493400,43.5625,44.1875,43.1875,43.25,1.9452e+06
LLY,862579800,43.5,44.4375,43.4375,44.1875,2.3252e+06
LLY,862839000,44.5,46.1875,44.375,46,2.5622e+06
LLY,862925400,45.875,46.0625,44.9375,45.1875,2.4596e+06
LLY,863011800,45.1875,45.4375,43.5625,43.75,2.0246e+06
LLY,863098200,43.4375,45.375,43.25,44.1875,2.545e+06
LLY,863184600,44.4375,45.0625,44,45,1.5858e+06
LLY,863443800,45.625,46.5625,45.4375,46.5,3.5354e+06
LLY,863530200,46.5,46.9375,45.875,46.4375,2.2818e+06
LLY,863616600,46.875,47,46.0625,46.3125,2.0238e+06
LLY,863703000,46.3125,46.8125,46.0625,46.75,1.6404e+06
LLY,863789400,46.625,46.875,45,45.25,2.5598e+06
LLY,864048600,45.125,45.9375,44.8125,45.0625,2.0066e+06
LLY,864135000,44.75,46.3125,44.6875,46.25,1.8646e+06
LLY,864221400,46.625,46.875,45.625,46.375,1.872e+06
LLY,864307800,46.25,46.3125,45.1875,45.5,1.6206e+06
LLY,864394200,45.625,46.875,45.625,46.5,1.0634e+06
LLY,864739800,46.125,46.8125,45.875,46.3125,1.506e+06
LLY,864826200,46.0625,46.1875,45.625,45.875,1.046e+06
LLY,864912600,46.5,46.5,45.1875,45.625,1.9958e+06
LLY,864999000,45.4375,46.75,45.1875,46.5,3.3202e+06
LLY,865258200,46.875,47.0625,45.8125,45.8125,2.6014e+06
LLY,865344600,46.25,46.875,46.0625,46.125,2.5646e+06
LLY,865431000,47.0625,47.5,46.4375,46.6875,3.3546e+06
LLY,865517400,46.5,47.4375,46.4375,46.5625,2.8158e+06
LLY,865603800,47.0625,49.0625,47,48.5625,5.7232e+06
LLY,865863000,49.5,50.5625,48.9375,50.125,4.833e+06
LLY,865949400,50.1875,50.1875,49.5,50,2.7232e+06
LLY,866035800,50,51.5625,50,50.9375,3.5194e+06
LLY,866122200,51.375,52.625,51.0625,52.4375,2.621e+06
LLY,866208600,52,53.5,52,53.5,2.9378e+06
LLY,866467800,53.375,53.375,52.625,52.6875,3.1914e+06
LLY,866554200,52.1875,53.5,51.4375,52.75,2.6498e+06
LLY,866640600,52.125,52.9375,51.875,51.9375,1.675e+06
LLY,866727000,52.375,54.0625,52.375,54.0625,2.3018e+06
LLY,866813400,53.8125,55.375,53.25,55.1875,4.2618e+06
LLY,867072600,55,55.125,52.875,53,2.5226e+06
LLY,867159000,53.875,55.625,53.6875,54.9688,3.3384e+06
LLY,867245400,55.0625,55.75,54.0625,54.625,3.241e+06
LLY,867331800,54.375,54.4375,53.5312,53.9688,2.597e+06
LLY,867418200,54.1875,55.3125,53.9375,54.875,2.8216e+06
LLY,867677400,55.25,55.2812,54.3125,54.6562,2.7238e+06
LLY,867763800,55.125,55.6875,54.6719,55.4375,2.981e+06
LLY,867850200,55.3438,55.4062,54.625,54.8125,2.6668e+06
LLY,867936600,55.25,56.0625,55.25,55.7188,2.032e+06
LLY,868282200,56.375,56.625,55.1562,55.9375,2.7816e+06
LLY,868368600,56.375,57.375,56.3125,56.8438,2.4106e+06
LLY,868455000,57.4688,57.4688,55.1562,55.5938,2.8268e+06
LLY,868541400,56.375,57.25,55.875,57.0625,2.9624e+06
LLY,868627800,57.5,57.6875,57,57.375,2.1398e+06
LLY,868887000,57.5,58.1875,57.25,58.0625,1.5536e+06
LLY,868973400,58.1875,58.5625,57.5625,58.3438,2.4474e+06
LLY,869059800,58.4375,58.4375,55.25,56.75,4.3956e+06
LLY,869146200,56.7188,57.5,56,57,3.495e+06
LLY,869232600,56.9688,57.0625,54.6875,54.6875,3.0088e+06
LLY,869491800,54.9062,55.875,53.7188,55.625,2.622e+06
LLY,869578200,55.75,56.9375,54.9375,56.8125,2.5606e+06
LLY,869664600,58.3125,58.8125,57.5,57.9688,3.5096e+06
LLY,869751000,58.0938,58.1875,56.75,58.0625,2.0356e+06
LLY,869837400,58,58.4688,56,56.4688,2.878e+06
LLY,870096600,56.6875,57.3125,55.3438,55.4375,2.6066e+06
LLY,870183000,55.5,56.75,55.4688,56.1562,2.9408e+06
LLY,870269400,56.125,56.5625,55.5,55.9688,1.718e+06
LLY,870355800,56.375,57.0312,56.125,56.5,1.9276e+06
LLY,870442200,56.1875,56.5,55.2188,55.6562,2.0786e+06
LLY,870701400,55.7812,57.7188,55.5938,57.6875,2.477e+06
LLY,870787800,57.5,58.5,57.125,57.8438,2.0208e+06
LLY,870874200,58,58.1562,57.75,57.9375,1.7634e+06
LLY,870960600,58.25,58.625,56.875,56.9062,2.0334e+06
LLY,871047000,56.25,57.8125,56.25,56.3438,3.0494e+06
LLY,871306200,56.2188,56.25,53.8125,54.3438,4.0328e+06
LLY,871392600,54.5,54.6875,53.375,53.5,3.8246e+06
LLY,871479000,53.625,53.9375,51.75,52.25,3.6076e+06
LLY,871565400,52.5625,53.25,51.875,52.5938,3.4744e+06
LLY,871651800,51.8125,52.3438,50.4062,50.5,3.7538e+06
LLY,871911000,50.625,51.75,50.4062,51.5625,3.5066e+06
LLY,871997400,52,53.375,51.7812,53.125,3.136e+06
LLY,872083800,54.25,56.25,54,56.25,3.7326e+06
LLY,872170200,56.25,56.625,54.625,55.0938,2.8802e+06
LLY,872256600,54.25,55,53.5,55,2.1852e+06
LLY,872515800,55.125,55.25,53.75,53.75,2.388e+06
LLY,872602200,53.625,54,52.25,52.375,2.639e+06
LLY,872688600,52.1562,53.0625,51.6875,52.6875,3.095e+06
LLY,872775000,52.3125,53,51.125,51.4062,2.7414e+06
LLY,872861400,51.1562,53,51.1562,52.3125,2.479e+06
LLY,873207000,52.5625,54.4375,52.5312,54.3438,2.186e+06
LLY,873293400,54.25,54.3438,52.7188,52.75,2.6562e+06
LLY,873379800,53.25,54.375,53,54,2.6442e+06
LLY,873466200,54.8125,54.9062,53.625,53.9375,2.2788e+06
LLY,873725400,54.625,54.625,53.5625,53.5625,1.1588e+06
LLY,873811800,53.3125,53.5312,52.4375,53.0312,1.9806e+06
LLY,873898200,53.0312,53.875,52.4688,52.5938,3.0546e+06
LLY,873984600,52.125,52.2188,50.6875,52.0312,3.715e+06
LLY,874071000,52.5,54.5,51.5,54.2188,2.959e+06
LLY,874330200,54.875,56.125,54.8438,55.6875,4.4688e+06
LLY,874416600,56.3125,56.9375,55.8125,56.7188,3.05e+06
LLY,874503000,57.375,57.375,55.5,56.3125,3.0112e+06
LLY,874589400,56.8125,56.9375,55.9375,56.2812,2.4438e+06
LLY,874675800,56.4062,58.125,56.375,58.0312,4.2202e+06
LLY,874935000,58.75,60.3125,58.25,60.3125,3.7344e+06
LLY,875021400,60.125,61,59,60.4375,3.3464e+06
LLY,875107800,60.4688,61.25,59.8125,59.875,2.379e+06
LLY,875194200,59.75,60.1875,59.25,59.5,2.0278e+06
LLY,875280600,60,60.3438,59.625,60.125,2.1244e+06
LLY,875539800,60.5,61.75,59.9062,61.75,2.0746e+06
LLY,875626200,61.375,61.5938,60.2188,60.5,1.9644e+06
LLY,875712600,60.6875,60.9375,60,60.5625,1.9476e+06
LLY,875799000,60.125,61.7188,60,61.5625,1.7416e+06
LLY,875885400,62.5,62.875,62,62.5625,2.7826e+06
LLY,876144600,63.125,63.75,62.6562,63.625,1.8308e+06
LLY,876231000,63.5625,66.0938,63.3438,65.8125,2.5718e+06
LLY,876317400,66,66,64.125,65.1875,3.2248e+06
LLY,876403800,64.125,64.75,63.75,64.125,2.5468e+06
LLY,876490200,64.0938,64.0938,62.625,62.9375,3.1286e+06
LLY,876749400,63,63.0625,62.0312,62.375,2.2368e+06
LLY,876835800,62.5,64.375,61.625,63.9062,4.0324e+06
LLY,876922200,64.3438,64.9688,63.8125,63.8438,3.5532e+06
LLY,877008600,64.5625,64.875,63,63.4375,2.9303e+06
LLY,877095000,63.25,63.375,60.5,62.75,2.603e+06
LLY,877354200,63.25,64.875,63.25,64.625,2.5657e+06
LLY,877440600,66.0625,68.5,65.875,66.5625,3.6255e+06
LLY,877527000,66.8125,68.125,66.6875,67.6875,2.4475e+06
LLY,877613400,66,69.125,66,68.75,3.4663e+06
LLY,877699800,69.5,70.3125,67.5,69.1875,3.424e+06
LLY,877962600,67.5,67.9375,61,62.5,2.9986e+06
LLY,878049000,61,69,60.875,68.5,5.2187e+06
LLY,878135400,69.25,69.9375,65.625,67.75,3.1777e+06
LLY,878221800,65.5,68.9375,65.5,66,2.7858e+06
LLY,878308200,67.5,68,65.5625,67.0625,2.1695e+06
LLY,878567400,68.125,68.3125,66.4375,67,2.6174e+06
LLY,878653800,66.5,66.9375,65.6875,66.25,1.8807e+06
LLY,878740200,67,68,66.6875,67.125,1.9261e+06
LLY,878826600,67,67.375,66.25,66.5,1.5488e+06
LLY,878913000,65,66.4375,64.4375,65.5,2.6862e+06
LLY,879172200,67,67,64.75,65.125,1.6495e+06
LLY,879258600,65.625,65.9375,64.5625,65.125,1.2468e+06
LLY,879345000,64,66.4375,62.875,63.125,2.5879e+06
LLY,879431400,63.625,64.875,62.0625,63.625,3.0965e+06
LLY,879517800,64.125,67.0625,64.125,66.875,3.6326e+06
LLY,879777000,67.9375,68.9375,67.25,67.3125,2.229e+06
LLY,879863400,68.5,68.5,66,66.25,1.8518e+06
LLY,879949800,65,65.6875,63.25,64,3.9438e+06
LLY,880036200,65.5,67.25,64.5,64.875,5.4012e+06
LLY,880122600,66.125,66.6875,63.625,65,6.1284e+06
LLY,880381800,64.9375,65.1875,62.1875,62.5,2.856e+06
LLY,880468200,63.25,63.8125,61,62,3.4708e+06
LLY,880554600,62.875,63.1875,62,62.25,2.7721e+06
LLY,880727400,63,63.6875,62.8125,63,812600
LLY,880986600,63.5,66,63.375,65.4375,3.8749e+06
LLY,881073000,65.1875,66.3125,64.625,65.125,1.9878e+06
LLY,881159400,64.9375,65.625,64.0625,65.125,2.1879e+06
LLY,881245800,65.8125,66.5,64.5625,65.1875,2.422e+06
LLY,881332200,64.625,65.1875,63.625,63.625,2.0204e+06
LLY,881591400,64.375,65.375,64.125,64.25,1.5204e+06
LLY,881677800,64.875,64.9375,63.125,63.375,1.7297e+06
LLY,881764200,64.125,65.1875,62,63.3125,3.9544e+06
LLY,881850600,62.4375,64.25,62.3125,63.625,2.4245e+06
LLY,881937000,64,64.1875,62.5625,63.5,1.5671e+06
LLY,882196200,63.625,66,63.375,64.875,2.09e+06
LLY,882282600,66.0625,66.9375,65.625,66.875,2.5277e+06
LLY,882369000,66.875,67.8125,66.5625,67.125,3.5047e+06
LLY,882455400,67,67.4375,66,67.25,2.0494e+06
LLY,882541800,66.625,66.75,64.4375,66.375,2.8098e+06
LLY,882801000,66.1875,67.1875,66.1875,66.8125,1.2942e+06
LLY,882887400,66.8125,69.125,66.5625,68.125,2.65e+06
LLY,882973800,68.375,69,66.9375,67.25,1.0546e+06
LLY,883146600,67.125,67.9375,67.125,67.8125,383900
LLY,883405800,68.3125,69.875,67.6875,69.8125,1.2668e+06
LLY,883492200,69.9375,70.1875,69.1875,69.9375,1.7867e+06
LLY,883578600,69.9375,70.4375,69.4375,69.625,1.1818e+06
LLY,883751400,69.375,69.875,67.5,68.9375,1.3194e+06
LLY,884010600,70,71.9375,69.3125,71.9375,3.1127e+06
LLY,884097000,71.6875,72.375,70,70.6875,2.3315e+06
LLY,884183400,69.75,70.125,68.4375,69.3125,1.8409e+06
LLY,884269800,68.5625,69.6875,68.0625,68.5,1.7723e+06
LLY,884356200,67.9375,67.9375,64.375,66.625,2.2999e+06
LLY,884615400,64.75,69,64.5625,68.25,2.9485e+06
LLY,884701800,68.1875,68.625,66.625,67.9375,2.32e+06
LLY,884788200,68,68.375,66.625,68.375,1.6354e+06
LLY,884874600,68.125,68.1875,66.625,67,1.5347e+06
LLY,884961000,67.3125,67.875,66.25,67,2.7778e+06
LLY,885306600,68.625,70.25,68.1875,69.625,2.8729e+06
LLY,885393000,69.5625,69.5625,68,69.3125,1.9603e+06
LLY,885479400,68.5,69.0625,67.875,67.875,2.0113e+06
LLY,885565800,68,68.375,66.375,66.875,2.3942e+06
LLY,885825000,67,67.8125,66.3125,66.3125,1.4327e+06
LLY,885911400,66.375,67.5,66.375,66.375,2.4557e+06
LLY,885997800,67,68.4375,67,68.125,2.4283e+06
LLY,886084200,67.5,68.75,67.125,67.9375,3.3486e+06
LLY,886170600,68.5,68.5625,67.0625,67.625,2.3915e+06
LLY,886429800,71.375,71.6875,69.125,69.375,4.9013e+06
LLY,886516200,68.5,69.4375,67.75,68.75,2.6936e+06
LLY,886602600,68.5,68.5,67.1875,68.375,2.1391e+06
LLY,886689000,68.9375,68.9375,66.5625,66.6875,3.0179e+06
LLY,886775400,67.3125,67.8125,66.625,66.75,3.1915e+06
LLY,887034600,66.9375,66.9375,64.5,65,4.2212e+06
LLY,887121000,64.375,66.4375,62.625,63.5,6.1821e+06
LLY,887207400,63.625,66.125,63.5625,66.125,6.7958e+06
LLY,887293800,65,65.8125,64.0625,64.6875,4.0749e+06
LLY,887380200,64,64.9375,63.25,63.6875,4.3157e+06
LLY,887725800,62,62.125,60.4375,61.75,1.15977e+07
LLY,887812200,60.625,61.0625,59.5,60,1.36257e+07
LLY,887898600,60.5,61.4375,60.25,60.4375,1.06393e+07
LLY,887985000,61.0625,62.4375,60.75,61.625,9.1849e+06
LLY,888244200,62.9375,64.9375,62.75,64.8125,8.4607e+06
LLY,888330600,63.1875,65.4375,63.125,63.9375,5.8135e+06
LLY,888417000,65.6875,65.75,64.5625,65.375,3.7994e+06
LLY,888503400,65.6875,65.9375,64.8125,65.4375,2.9193e+06
LLY,888589800,65.9375,66.1875,65,65.8125,2.4515e+06
LLY,888849000,65.8125,66.3125,64.4375,65,2.579e+06
LLY,888935400,64.6875,64.8125,63.8125,64.375,3.0624e+06
LLY,889021800,63.6875,64,62.75,62.75,3.7568e+06
LLY,889108200,62.5,64.5,62.5,64.375,2.9789e+06
LLY,889194600,65.25,66.1875,65.0625,66.125,3.1527e+06
LLY,889453800,66.125,66.5,64.1875,64.625,2.3462e+06
LLY,889540200,66.4375,66.875,65.8125,66.4375,3.4789e+06
LLY,889626600,66.6875,67.125,65.875,66.375,2.9259e+06
LLY,889713000,66.75,66.75,65.375,65.5625,1.9258e+06
LLY,889799400,66,66.6875,65.4375,65.5,2.3837e+06
LLY,890058600,65.75,67.4375,65.6875,67.4375,2.6292e+06
LLY,890145000,67.25,67.4375,65.6875,66.125,2.4727e+06
LLY,890231400,66.0625,66.8125,65.3125,65.5625,1.728e+06
LLY,890317800,65.8125,66.875,65.5,66.1875,1.8615e+06
LLY,890404200,66.625,66.6875,65.25,65.25,2.8046e+06
LLY,890663400,65,65,63.0625,63.5,3.5839e+06
LLY,890749800,63.5625,63.8125,62.0625,62.5,4.6752e+06
LLY,890836200,60.75,61.375,59.875,61.25,7.9369e+06
LLY,890922600,60.5625,61.1875,60.3125,60.625,4.7652e+06
LLY,891009000,60.5625,61.1875,60.0625,60.1875,4.184e+06
LLY,891268200,60.3125,60.4375,57.6875,58.25,7.3121e+06
LLY,891354600,59.25,59.875,58.6875,59.625,5.7519e+06
LLY,891441000,60,60.9375,58.8125,59.4375,5.7197e+06
LLY,891527400,59.8125,60,58.875,59.75,3.6191e+06
LLY,891613800,60.125,60.1875,58.4375,58.5625,4.3907e+06
LLY,891869400,58.875,61.75,57.875,61.125,9.3561e+06
LLY,891955800,61.875,64.875,61.75,63.875,9.8221e+06
LLY,892042200,65.625,66.125,64.5625,65,6.7711e+06
LLY,892128600,65.375,66,63.4375,63.9375,2.8819e+06
LLY,892474200,64,64.0625,62.4375,63.625,2.1253e+06
LLY,892560600,64.4375,64.5,63.5,64.3125,1.9109e+06
LLY,892647000,64.4375,65.75,63.875,64.75,3.29e+06
LLY,892733400,64.75,64.75,62.3125,63.25,2.8895e+06
LLY,892819800,64.875,69.25,64.625,68.375,8.3583e+06
LLY,893079000,71.625,73.75,70.125,72.1875,9.8051e+06
LLY,893165400,72.5,73.625,71.5625,72.1875,5.0516e+06
LLY,893251800,72.0625,72.3125,70.6875,71.4375,3.6636e+06
LLY,893338200,71.375,71.375,69.875,70.5,2.7407e+06
LLY,893424600,70.0625,70.375,69.6875,70,2.7568e+06
LLY,893683800,69,69.0625,66.625,67.625,3.4022e+06
LLY,893770200,69.125,69.125,68,68.875,2.3315e+06
LLY,893856600,69.75,69.75,67.625,68.5,1.7431e+06
LLY,893943000,69.4375,70.5,68.5,69.5625,2.2552e+06
LLY,894029400,67.125,67.75,66,66.3125,4.5468e+06
LLY,894288600,67,68.375,66.875,67,2.8701e+06
LLY,894375000,66.75,67.0625,65.375,66.3125,2.3093e+06
LLY,894461400,67.4375,67.4375,65.625,66.0625,2.8527e+06
LLY,894547800,66,66.5,65.5625,66.125,2.3014e+06
LLY,894634200,66.6875,67.125,66.1875,67,2.0477e+06
LLY,894893400,67.0625,67.4375,65.9375,66.1875,2.596e+06
LLY,894979800,66.25,66.8125,65.5625,66.5625,1.9892e+06
LLY,895066200,68.4375,69,67.625,68.625,3.4154e+06
LLY,895152600,68.875,69,67.9375,68,2.82e+06
LLY,895239000,68.6875,69.9375,68.1875,68.4375,3.6865e+06
LLY,895498200,70,70.625,68.1875,69.75,4.2529e+06
LLY,895584600,69.875,70.625,67.1875,67.4375,2.8816e+06
LLY,895671000,68.125,68.75,67.75,68.3125,2.2428e+06
LLY,895757400,68.5625,68.5625,66.125,67.0625,1.4714e+06
LLY,895843800,66.625,66.8125,66,66,1.5362e+06
LLY,896189400,66.75,66.75,64.0625,64.125,2.1506e+06
LLY,896275800,63.4375,65,63,64.875,3.8373e+06
LLY,896362200,65,66,63.1875,63.5,4.7598e+06
LLY,896448600,63.9375,64,61.3125,61.375,6.591e+06
LLY,896707800,61.4375,62.4375,61.0625,61.4375,3.4592e+06
LLY,896794200,61.75,61.875,60.5625,60.625,4.5011e+06
LLY,896880600,61.25,62.125,60.9375,61.125,3.2536e+06
LLY,896967000,61.25,62.0625,60.625,61.9375,2.6452e+06
LLY,897053400,63.4375,63.75,62.625,63.75,3.4389e+06
LLY,897312600,63.9375,64.3125,63.6875,63.9375,2.691e+06
LLY,897399000,63.75,64.25,63.3125,64,2.4665e+06
LLY,897485400,64.25,64.875,63.3125,63.375,2.8285e+06
LLY,897571800,63.3125,63.8125,62,62.25,2.3234e+06
LLY,897658200,62.125,63.6875,62.0625,63.625,3.0868e+06
LLY,897917400,62.5,65,62.25,63.5625,2.9354e+06
LLY,898003800,63.875,64.0625,62.375,64.0625,2.8563e+06
LLY,898090200,64,65.625,64,64.375,2.8362e+06
LLY,898176600,64.75,65.75,64.5,65.125,2.3685e+06
LLY,898263000,65.8125,67.0625,64.75,66.5625,4.1358e+06
LLY,898522200,66.125,66.3125,65.5,66,1.7474e+06
LLY,898608600,66.25,66.5625,65,65.625,2.2709e+06
LLY,898695000,66.1875,68.0625,65.875,68.0625,2.5876e+06
LLY,898781400,68,68.875,66.75,67,2.2752e+06
LLY,898867800,67.25,68.8125,66.875,68.5,1.5792e+06
LLY,899127000,68.6875,68.6875,67.3125,67.625,1.8659e+06
LLY,899213400,67.875,67.875,66.0625,66.25,1.4115e+06
LLY,899299800,66.875,67.125,64.5625,64.5625,2.9497e+06
LLY,899386200,64.625,65.3125,64,64.875,1.8867e+06
LLY,899731800,64.75,65.875,64.6875,65.5,2.6265e+06
LLY,899818200,65.5,67,65.375,66.9375,2.29e+06
LLY,899904600,66.9375,67.5,66.5,67.3125,1.7791e+06
LLY,899991000,67.1875,68.1875,66.625,66.875,1.485e+06
LLY,900077400,66.625,66.75,64.5625,65.625,2.6301e+06
LLY,900336600,65.5,65.6875,64.75,65.4375,1.5241e+06
LLY,900423000,65.125,65.6875,64.125,65.125,2.3109e+06
LLY,900509400,65.375,65.4375,62.5625,63.125,3.552e+06
LLY,900595800,63.6875,64.75,63.3125,64.4375,2.9818e+06
LLY,900682200,65,68,64.9375,67.5625,4.2247e+06
LLY,900941400,67.8125,69.4375,67.375,69.1875,3.2193e+06
LLY,901027800,69.6875,69.6875,68.375,68.875,4.0548e+06
LLY,901114200,68.75,69.375,67.8125,69.25,3.4143e+06
LLY,901200600,69,69,65.5625,65.5625,2.4529e+06
LLY,901287000,66,67.3125,65.6875,67,2.2636e+06
LLY,901546200,66,67.5,65.625,66.8125,1.7956e+06
LLY,901632600,66.875,67.1875,64.5,65.25,2.6495e+06
LLY,901719000,66.5,67.1875,66.0625,66.4375,2.0925e+06
LLY,901805400,67.5625,68.625,67.375,68.4375,2.1386e+06
LLY,901891800,68.5,68.8125,66.375,67.25,1.6926e+06
LLY,902151000,67.25,68.125,66.375,67.25,2.0133e+06
LLY,902237400,67.9375,68.5625,65.9375,66.25,3.0781e+06
LLY,902323800,66.375,68,65.875,68,3.8778e+06
LLY,902410200,67.25,68.125,67.125,67.6875,1.9689e+06
LLY,902496600,67.4375,68.5,67.0625,68.1875,2.5501e+06
LLY,902755800,67.5,69.1875,67.5,67.875,2.4361e+06
LLY,902842200,66.875,67.4375,66,67.1875,2.4568e+06
LLY,902928600,67.4375,68.625,66.8125,68.625,2.4537e+06
LLY,903015000,68.625,69.9375,68.5,69.4375,3.7701e+06
LLY,903101400,68.375,69.9375,68,68.625,2.5761e+06
LLY,903360600,68.5,70,68.5,70,3.505e+06
LLY,903447000,70,73.4375,69.5625,72.8125,5.0134e+06
LLY,903533400,73.4375,75.125,72.1875,74.625,4.5514e+06
LLY,903619800,74.5,74.9375,72.625,72.875,3.0023e+06
LLY,903706200,71.25,74.3125,70.6875,74.1875,3.8114e+06
LLY,903965400,74.1875,74.9375,73,74.875,3.6119e+06
LLY,904051800,75.25,75.875,73.6875,74.3125,3.3122e+06
LLY,904138200,73.5,77.6875,73.25,77.125,3.6177e+06
LLY,904224600,75.5,76.5,73.75,74,4.1997e+06
LLY,904311000,73.3125,74.3125,71.5625,72.5,2.9494e+06
LLY,904570200,72.125,72.3125,65.125,65.75,4.6046e+06
LLY,904656600,67,70.25,63.875,69.4375,4.9283e+06
LLY,904743000,69.75,72,68.625,69.25,3.3629e+06
LLY,904829400,69.375,72.875,69,72.1875,3.4984e+06
LLY,904915800,72.875,73,68.125,70.9375,2.66e+06
LLY,905261400,72.6875,74.75,71.875,74.25,2.973e+06
LLY,905347800,74,75.5,72.75,72.9375,2.4359e+06
LLY,905434200,71.1875,74.125,71.1875,72.8125,2.8292e+06
LLY,905520600,73.125,75.9375,72.25,74.875,2.5869e+06
LLY,905779800,76.5,77.5,75.75,76.1875,3.3806e+06
LLY,905866200,76.4375,78.125,76.25,77.3125,2.9401e+06
LLY,905952600,76.625,77.625,75.875,77.5,2.1192e+06
LLY,906039000,75.3125,76.875,74.25,74.625,3.0985e+06
LLY,906125400,74.8125,75.4375,72.875,75.125,3.7836e+06
LLY,906384600,74,77.5,72.875,76.3125,2.092e+06
LLY,906471000,77.375,80.375,76.625,79.875,3.4891e+06
LLY,906557400,79.9375,81.625,79.25,80.875,4.0218e+06
LLY,906643800,79.3125,80.75,77.6875,78.125,2.2898e+06
LLY,906730200,77.25,79.75,76.5,78.5625,1.9583e+06
LLY,906989400,81.5,81.5,78.5625,79.875,2.1941e+06
LLY,907075800,80,80.6875,78.4375,80.0625,2.062e+06
LLY,907162200,79.125,79.875,76.875,78.3125,2.4595e+06
LLY,907248600,77.5,79.4375,75,76.3125,3.6748e+06
LLY,907335000,76.25,77.375,72.625,76.875,3.5745e+06
LLY,907594200,75.875,79.75,74.8125,78.6875,2.9955e+06
LLY,907680600,79.5,79.5625,76.25,77.5,3.1057e+06
LLY,907767000,73,75.25,70,71.375,5.7261e+06
LLY,907853400,70.125,71.75,68,70.5625,4.9345e+06
LLY,907939800,71.25,73.5625,69.8125,73.375,3.1404e+06
LLY,908199000,75.25,75.375,73.5625,73.75,2.4005e+06
LLY,908285400,74.4375,74.4375,72.5,72.5,1.9187e+06
LLY,908371800,71,73.125,70,72.5,3.1205e+06
LLY,908458200,72.625,75.875,72.1875,74.5,2.5822e+06
LLY,908544600,75.4375,75.625,74.4375,75.25,2.8061e+06
LLY,908803800,75,75.5,73.0625,75.0625,2.1028e+06
LLY,908890200,75.625,76.6875,74.5625,75.375,2.6273e+06
LLY,908976600,75.5,79,75.375,78,3.3726e+06
LLY,909063000,76.875,79.1875,75.875,78.5625,2.2235e+06
LLY,909149400,78.3125,79.125,77.375,77.6875,2.2326e+06
LLY,909412200,77.75,77.75,76.5625,77.375,1.5867e+06
LLY,909498600,78.125,78.4375,76.75,76.875,2.3385e+06
LLY,909585000,76.5,78.0625,76.0625,77.3125,1.547e+06
LLY,909671400,77.375,80.3125,77.375,80.25,3.0988e+06
LLY,909757800,80.25,81,79.5625,81,2.0355e+06
LLY,910017000,80.9375,82.5,79.75,82.0625,2.9921e+06
LLY,910103400,81.25,82,80.5625,81.75,1.8238e+06
LLY,910189800,81.8125,83.25,80.125,81,3.1675e+06
LLY,910276200,80.3125,85,79.75,84.875,2.7171e+06
LLY,910362600,84.0625,87.875,84,87.375,2.6064e+06
LLY,910621800,86,86.625,85.25,86.125,2.0142e+06
LLY,910708200,84.875,86.5,84.6875,85.625,1.7041e+06
LLY,910794600,85.5625,85.75,83.9375,84.25,1.4675e+06
LLY,910881000,84.0625,85.125,83.5,84.1875,1.2389e+06
LLY,910967400,83.625,83.9375,82.25,83.625,1.3735e+06
LLY,911226600,84.125,84.875,82.8125,83.8125,982400
LLY,911313000,84.375,85.75,82.75,82.8125,2.3652e+06
LLY,911399400,82.875,85,82.1875,84.875,1.9247e+06
LLY,911485800,85.5,86.9375,84.6875,86.0625,2.2682e+06
LLY,911572200,86.4375,87.375,86.125,87.1875,1.6477e+06
LLY,911831400,87.0625,89.875,87.0625,89.375,2.6627e+06
LLY,911917800,88.625,91.3125,88.3125,89.375,2.8895e+06
LLY,912004200,88.875,91.125,88,90.75,1.3099e+06
LLY,912177000,89,91.3125,89,90.875,824600
LLY,912436200,90.375,90.9375,88.625,89.6875,1.9218e+06
LLY,912522600,88,90.4375,87.6875,90.25,1.4924e+06
LLY,912609000,89.125,89.375,87.375,88.875,1.6615e+06
LLY,912695400,88.25,89.125,83.5,83.75,2.71e+06
LLY,912781800,85.25,86.25,83.9375,86.125,3.3066e+06
LLY,913041000,87.5,88.75,86.125,86.9375,2.4939e+06
LLY,913127400,86.9375,88.4375,85.5,87.625,1.909e+06
LLY,913213800,87.625,89.0625,87.625,88.4375,2.092e+06
LLY,913300200,88,88.75,86.375,86.8125,2.3077e+06
LLY,913386600,87.375,91,87.375,89.9375,3.4054e+06
LLY,913645800,89.5625,90.9375,87.5,87.6875,3.2837e+06
LLY,913732200,86.375,88.3125,86.3125,88.3125,3.0568e+06
LLY,913818600,88.3125,89.5625,88.25,89.125,3.1074e+06
LLY,913905000,89.125,89.9375,89.125,89.5,1.8773e+06
LLY,913991400,88.25,88.875,86.75,87.3125,3.0475e+06
LLY,914250600,85.3125,87.25,84,84.0625,2.7492e+06
LLY,914337000,85,85.3125,83.625,84.9375,2.6161e+06
LLY,914423400,85,85.9375,84.1875,85.625,1.8092e+06
LLY,914509800,85.75,85.75,84.6875,85.25,564900
LLY,914855400,86,87.75,85.875,87.25,1.1544e+06
LLY,914941800,87.3125,90.4375,86.6875,90.125,1.5218e+06
LLY,915028200,89.9375,90.6875,88.25,90.5,1.2699e+06
LLY,915114600,90.5625,91.1875,87.25,88.875,1.2327e+06
LLY,915460200,87.25,88.9375,84.75,86,2.5587e+06
LLY,915546600,85.5,86.9375,85.1875,85.8125,2.4994e+06
LLY,915633000,86,86.5625,84.5,85.125,3.1063e+06
LLY,915719400,83.5,83.9375,82.125,82.375,3.3886e+06
LLY,915805800,82.125,82.25,78.375,78.875,5.4122e+06
LLY,916065000,79.25,80,75.875,76.1875,4.9753e+06
LLY,916151400,76.875,77.875,76.5,76.5,3.9964e+06
LLY,916237800,74.25,81.75,74.1875,80.6875,5.1347e+06
LLY,916324200,82,83.25,80.5,81.5,3.6033e+06
LLY,916410600,82.125,82.875,80.625,81.25,2.8379e+06
LLY,916756200,80.375,80.8125,78.5,79.5,2.3054e+06
LLY,916842600,79.9375,83.125,79.1875,82.25,2.3757e+06
LLY,916929000,80.75,81.625,77.0625,77.9375,3.097e+06
LLY,917015400,77.5,81.25,77,80.25,2.7014e+06
LLY,917274600,84.875,86.8125,83.75,86.25,6.8986e+06
LLY,917361000,87,89.5,86.625,89.5,4.3809e+06
LLY,917447400,89.9375,91.9375,88.875,90.75,3.9042e+06
LLY,917533800,89.75,92.875,89.625,92.25,3.175e+06
LLY,917620200,90.375,94.0625,89.5,93.6875,2.9053e+06
LLY,917879400,93.6875,94.5625,91.75,93.1875,2.1252e+06
LLY,917965800,91.5,92.9375,89.875,91.8125,1.7067e+06
LLY,918052200,90.25,92.375,89.5,92,2.6675e+06
LLY,918138600,91.5,93.0625,90.9375,90.9375,1.6532e+06
LLY,918225000,90.125,90.8125,88,88.4375,2.0371e+06
LLY,918484200,87.75,88,86.8125,87.25,1.392e+06
LLY,918570600,87,87.9375,86.5625,86.6875,1.9464e+06
LLY,918657000,86.625,87.4375,86.4375,87.375,1.3799e+06
LLY,918743400,87.375,90.125,87.375,90,1.2983e+06
LLY,918829800,90.0625,90.625,88.625,90.1875,1.8448e+06
LLY,919175400,90,90.5,88.375,89.375,1.6544e+06
LLY,919261800,88.6875,90.125,88.25,88.5,1.4557e+06
LLY,919348200,89,94.3125,88.875,93.375,4.2583e+06
LLY,919434600,94.25,94.5,92.625,93.0625,3.165e+06
LLY,919693800,91.75,95,91.75,94.875,2.2265e+06
LLY,919780200,94.625,97.25,94.5,96.4375,2.432e+06
LLY,919866600,95,96.625,92.375,92.75,2.1479e+06
LLY,919953000,92.5,94,91,93.25,2.1154e+06
LLY,920039400,91.4375,95.375,91.1875,94.5,2.6174e+06
LLY,920298600,94.5,94.5,93.4375,93.8125,1.7135e+06
LLY,920385000,93.5625,94.9375,93,93,2.2837e+06
LLY,920471400,92.5625,92.875,91.625,92.875,2.1334e+06
LLY,920557800,92.1875,94.5,91.125,94.5,2.1308e+06
LLY,920644200,95.75,97.75,95.375,97.4375,2.2548e+06
LLY,920903400,96.5625,97.625,96.0625,97.3125,1.4003e+06
LLY,920989800,95,96.9375,94.4375,95.5,2.9713e+06
LLY,921076200,94.875,94.9375,90.9375,91.8125,3.7515e+06
LLY,921162600,92.1875,92.875,91.375,92.8125,3.0449e+06
LLY,921249000,93.125,95,92.8125,94.875,2.3469e+06
LLY,921508200,94.125,96.9375,93.9375,96.5625,1.6739e+06
LLY,921594600,95.875,96.4375,93.875,94.0625,2.0487e+06
LLY,921681000,90,90.75,88.6875,88.75,5.2694e+06
LLY,921767400,87.125,89.5625,86,88.8125,6.1103e+06
LLY,921853800,89.5,89.5,87.25,87.4375,3.3342e+06
LLY,922113000,86.5625,87.4375,84.75,85.0625,2.6383e+06
LLY,922199400,85.75,86.5,82.5625,84.1875,2.9794e+06
LLY,922285800,84.125,86.0625,83.625,85.6875,2.1438e+06
LLY,922372200,86.5,87.125,85.5,86.5,1.8255e+06
LLY,922458600,86.5,86.5,83.875,84.4375,1.2114e+06
LLY,922717800,87,87.5625,86.3125,86.625,2.3459e+06
LLY,922804200,86.5625,88.375,86.0625,87.9375,1.6543e+06
LLY,922890600,89.125,89.25,84.875,84.875,1.6646e+06
LLY,922977000,85.8125,87.125,84.875,86.875,1.405e+06
LLY,923319000,86.75,87,85.25,86.25,1.9735e+06
LLY,923405400,86.4375,86.5,84.875,85.9375,1.2089e+06
LLY,923491800,86.875,86.875,84.75,85.375,1.5957e+06
LLY,923578200,85.875,89.3125,85.625,88.5,2.1854e+06
LLY,923664600,88.5625,91,87.5,90.25,1.5421e+06
LLY,923923800,89.75,90.5,89.1875,90,1.9721e+06
LLY,924010200,88.125,89.125,86.125,87.4375,2.1207e+06
LLY,924096600,86,86.625,81.1875,83.6875,3.4367e+06
LLY,924183000,82,82.0625,80.0625,81.1875,4.5081e+06
LLY,924269400,81.3125,82.9375,81.0625,82.3125,2.3725e+06
LLY,924528600,78.5,78.875,71,72.875,6.6849e+06
LLY,924615000,73.25,76.4375,72.875,73.6875,5.9861e+06
LLY,924701400,75,77.3125,74.1875,76,3.4091e+06
LLY,924787800,76,76.375,74.625,75.375,3.5019e+06
LLY,924874200,75.75,76.875,74.0625,74.25,2.971e+06
LLY,925133400,75,78.8125,74.8125,77,4.0889e+06
LLY,925219800,79.75,79.8125,78.5,79.0625,2.9913e+06
LLY,925306200,80,80.5,76.8125,77.5,3.0046e+06
LLY,925392600,75,76.75,72.875,75,5.8219e+06
LLY,925479000,74.125,74.375,72.875,73.625,4.3714e+06
LLY,925738200,73.625,76.25,73.25,76.1875,3.3077e+06
LLY,925824600,76.1875,76.625,74.625,75.75,2.4469e+06
LLY,925911000,75.75,76.1875,73.75,75.1875,2.356e+06
LLY,925997400,75.0625,76.5625,74.75,76.125,2.285e+06
LLY,926083800,76,76.8125,74,75.5,2.2059e+06
LLY,926343000,74.75,75,73.25,73.3125,2.0138e+06
LLY,926429400,73.875,76.125,73.4375,75.8125,2.2661e+06
LLY,926515800,76,79,75.0625,76.4375,2.751e+06
LLY,926602200,77.6875,79.75,76.5625,78.875,2.7799e+06
LLY,926688600,76.5,77.75,76.25,76.9375,1.8489e+06
LLY,926947800,76,78.375,76,78,2.9664e+06
LLY,927034200,78,78,75.5625,77.25,2.5966e+06
LLY,927120600,76.8125,77.5,75.375,75.75,2.1297e+06
LLY,927207000,74.5,75.1875,73.625,73.875,3.0168e+06
LLY,927293400,74.25,74.375,70.6875,71.3125,3.7503e+06
LLY,927552600,71.375,72,70.25,71,4.3438e+06
LLY,927639000,70.125,70.5625,68.5,68.75,4.0576e+06
LLY,927725400,68.75,69.25,65.9375,67,4.762e+06
LLY,927811800,66.875,70,66.375,69,4.3391e+06
LLY,927898200,69.625,72.375,69.25,71.4375,3.5246e+06
LLY,928243800,71.4375,71.5,70,70.6875,2.0494e+06
LLY,928330200,71,71.6875,70,70.125,1.3973e+06
LLY,928416600,70,72,69.5,71.9375,1.785e+06
LLY,928503000,72.125,75.4375,72.125,75.25,3.4321e+06
LLY,928762200,75.25,75.75,71.75,71.875,3.2348e+06
LLY,928848600,72.375,73.6875,72.3125,72.5,3.4877e+06
LLY,928935000,72.4375,72.9375,71.25,72.8125,2.3631e+06
LLY,929021400,71.9375,72.3125,70.1875,70.6875,1.8765e+06
LLY,929107800,70.5625,72.375,69.0625,69.6875,2.3152e+06
LLY,929367000,69.625,69.8125,68.6875,68.8125,1.6282e+06
LLY,929453400,70.25,70.4375,68.0625,68.875,2.602e+06
LLY,929539800,71,71,69.5,69.75,2.0798e+06
LLY,929626200,68.875,70.875,68.75,70.625,2.134e+06
LLY,929712600,70.75,71.0625,68.875,68.9375,3.3457e+06
LLY,929971800,69.5,69.5,67.25,67.625,2.2057e+06
LLY,930058200,67.625,67.8125,66.9375,67.0625,3.7737e+06
LLY,930144600,66.875,66.875,65,65.1875,3.0028e+06
LLY,930231000,65.625,67.125,65.5625,66.9375,2.8373e+06
LLY,930317400,67,67.4375,65.5625,65.875,1.9977e+06
LLY,930576600,67.5,67.5,65,65.3125,2.7278e+06
LLY,930663000,65.3125,68.4375,64.25,68,6.8982e+06
LLY,930749400,68,72.125,67.125,71.625,5.6844e+06
LLY,930835800,73.75,75.25,72.4375,74.875,6.0096e+06
LLY,930922200,74.875,74.9375,73.5,74.6875,2.772e+06
LLY,931267800,74.6875,75.375,74.1875,74.3125,2.4167e+06
LLY,931354200,74.3125,75,73.9375,74.625,1.4278e+06
LLY,931440600,73,75.0625,73,74.5,2.0287e+06
LLY,931527000,74.75,74.9375,73.8125,74.5,1.3814e+06
LLY,931786200,75,75.25,73.4375,73.75,1.542e+06
LLY,931872600,73.375,73.625,72.8125,72.8125,1.9951e+06
LLY,931959000,73.5,74.125,72.5,73.9375,2.1705e+06
LLY,932045400,74.625,77,74.5625,76.875,3.0328e+06
LLY,932131800,77.375,77.5,76.125,76.875,2.7569e+06
LLY,932391000,76.875,77.75,75.5,76,1.8118e+06
LLY,932477400,75.5,75.5,73.375,73.8125,2.0045e+06
LLY,932563800,73.75,74.1875,72,73,2.4818e+06
LLY,932650200,73.375,73.375,71.4375,71.9375,1.8834e+06
LLY,932736600,72,72,68.25,68.875,3.1202e+06
LLY,932995800,70.375,70.375,68.9375,68.9375,2.0594e+06
LLY,933082200,69.375,69.4375,67.625,67.875,3.0975e+06
LLY,933168600,68.125,68.25,67.125,67.8125,3.0772e+06
LLY,933255000,67.0625,67.3125,65.6875,66.375,3.0884e+06
LLY,933341400,66.875,67,65.5625,65.6875,3.9108e+06
LLY,933600600,65.625,66.4375,65.1875,65.25,2.2366e+06
LLY,933687000,65.75,65.9375,64,64.25,2.5342e+06
LLY,933773400,64.3125,64.625,61.4375,62.75,4.9214e+06
LLY,933859800,62.5,63.375,61.5625,63.125,3.6486e+06
LLY,933946200,63.3125,63.6875,61.875,62.6875,3.3732e+06
LLY,934205400,62.6875,63.875,62.6875,63.75,2.1612e+06
LLY,934291800,64.125,64.625,62.875,63.3125,1.966e+06
LLY,934378200,64,64,60.5625,61.5,3.6428e+06
LLY,934464600,61.875,62.5,61,61.875,5.2803e+06
LLY,934551000,62.6875,63.6875,62.3125,63.0625,3.3512e+06
LLY,934810200,63.875,64.5625,63.5,64.4375,2.3569e+06
LLY,934896600,65.3125,65.8125,64,65.625,2.6393e+06
LLY,934983000,66.1875,67.625,65.8125,66.9375,4.1261e+06
LLY,935069400,66.9375,66.9375,65.5625,66.625,2.7912e+06
LLY,935155800,67.25,67.625,66.625,67.5625,4.1786e+06
LLY,935415000,68.25,71.3125,68,71,4.4109e+06
LLY,935501400,71,72.9375,70.1875,72.5625,3.691e+06
LLY,935587800,73,75.875,72.9375,75.625,5.4138e+06
LLY,935674200,76.375,77.0625,74.75,75,5.0723e+06
LLY,935760600,75.625,75.9375,74.75,75.25,2.3881e+06
LLY,936019800,75.375,77.0625,75.25,76.375,2.8458e+06
LLY,936106200,77.5,77.5,74.125,74.625,3.3658e+06
LLY,936192600,74.625,75.625,73.625,75.375,2.6475e+06
LLY,936279000,73.8125,74.9375,73.5625,74.875,1.3979e+06
LLY,936365400,76.5,77.25,76,77.1875,1.5677e+06
LLY,936711000,76.9375,76.9375,74.8125,75,1.4792e+06
LLY,936797400,74.5,75.25,73.625,73.9375,1.6402e+06
LLY,936883800,73.9375,73.9375,72.625,73.5,2.0179e+06
LLY,936970200,73.3125,73.625,72.25,72.375,1.8385e+06
LLY,937229400,72.75,72.8125,71.5,71.875,1.4932e+06
LLY,937315800,71.5,71.6875,69.25,69.875,2.2413e+06
LLY,937402200,70.375,71,68.125,68.125,2.3174e+06
LLY,937488600,68.125,68.3125,66.375,67.5625,3.063e+06
LLY,937575000,67.1875,67.5625,66.375,67,2.9105e+06
LLY,937834200,66.8125,67.5,66.6875,67.125,1.5822e+06
LLY,937920600,66.6875,67.125,65,65.625,2.5345e+06
LLY,938007000,66.625,67.5,66,66.6875,3.1457e+06
LLY,938093400,66.6875,66.9375,65,65.0625,2.4138e+06
LLY,938179800,65.125,65.625,63.8125,65.1875,2.2125e+06
LLY,938439000,65.8125,65.9375,63.1875,63.1875,2.36e+06
LLY,938525400,63.4375,63.5,62,62.9375,2.8056e+06
LLY,938611800,63.25,64.6875,62.875,63.25,2.4003e+06
LLY,938698200,64.625,64.9375,63.5625,64.1875,2.4301e+06
LLY,938784600,65.9375,69.375,65.5625,68.5625,4.1832e+06
LLY,939043800,69.625,71,69.1875,71,3.0613e+06
LLY,939130200,70.9375,71.375,68.6875,69.0625,2.1892e+06
LLY,939216600,69.125,70.9375,69.125,70.875,1.4564e+06
LLY,939303000,70.75,71.25,70.0625,70.6875,1.2598e+06
LLY,939389400,71.1875,74.1875,70.9375,73.4375,3.4674e+06
LLY,939648600,73,73,71.5,72.125,1.9519e+06
LLY,939735000,71.125,72,70.3125,70.625,2.0493e+06
LLY,939821400,70.375,71.3125,69.75,69.75,1.7964e+06
LLY,939907800,69.8125,69.8125,67.5,67.8125,2.3694e+06
LLY,939994200,67.75,67.75,65.125,66.375,1.9482e+06
LLY,940253400,65.25,67.5625,65.1875,67.0625,2.4825e+06
LLY,940339800,69.375,70.875,69,69.875,3.1987e+06
LLY,940426200,64.625,65.875,62.375,65.625,1.04265e+07
LLY,940512600,65.125,68.75,65.0625,68.1875,6.3532e+06
LLY,940599000,68.375,69.1875,68.1875,68.5625,2.9346e+06
LLY,940858200,67,68.5,66.1875,68.4375,2.7678e+06
LLY,940944600,68.4375,68.4375,66.625,66.8125,2.1826e+06
LLY,941031000,66.75,68.0625,66.5625,67.125,2.3078e+06
LLY,941117400,68.875,68.9375,67.1875,68.25,5.3681e+06
LLY,941203800,68.9375,69.25,68.5,68.875,4.0113e+06
LLY,941466600,68.9375,70,68.25,68.75,2.4e+06
LLY,941553000,69.625,69.875,68.5625,68.875,2.2544e+06
LLY,941639400,70.875,72.375,70.8125,71.875,4.1825e+06
LLY,941725800,73.125,76.5625,72.75,76.125,5.2946e+06
LLY,941812200,77.1875,78.75,76.75,77,5.094e+06
LLY,942071400,76,76.375,74.625,75.25,2.6218e+06
LLY,942157800,75.25,75.6875,73.5625,74,1.8991e+06
LLY,942244200,74.3125,76.6875,73.5,75.9375,1.9941e+06
LLY,942330600,77.875,77.875,76.4375,76.875,1.8432e+06
LLY,942417000,77.375,77.5625,75.75,77.375,1.4109e+06
LLY,942676200,76.75,76.875,73.875,73.875,2.285e+06
LLY,942762600,74.25,77,74.25,77,2.0936e+06
LLY,942849000,75.25,76.3125,74.625,75.0625,2.5342e+06
LLY,942935400,74.0625,75.125,73.5,73.625,2.0847e+06
LLY,943021800,72,73.1875,72,72.875,2.3936e+06
LLY,943281000,72.5,75.125,71.625,75.0625,1.413e+06
LLY,943367400,75.25,75.3125,73.0625,73.4375,2.0519e+06
LLY,943453800,73,73.9375,72.8125,73.5625,1.1785e+06
LLY,943626600,72.5625,72.8125,72.1875,72.4375,651800
LLY,943885800,71.625,75.625,71.125,75.375,1.9666e+06
LLY,943972200,73.5,74.4375,71,72.1719,3.0089e+06
LLY,944058600,71.125,71.875,70.125,71.4375,2.4204e+06
LLY,944145000,72,72,70.5,71.3281,2.1209e+06
LLY,944231400,72.25,73.875,71.375,71.875,2.4935e+06
LLY,944490600,71.3125,71.3125,69.25,69.5,2.5459e+06
LLY,944577000,69.6875,69.9375,66,66.5,3.8341e+06
LLY,944663400,67.1875,67.375,66.125,66.25,1.9145e+06
LLY,944749800,66.375,68.9375,65.75,66.875,1.9002e+06
LLY,944836200,66.25,67.6875,65.625,65.875,1.8664e+06
LLY,945095400,65.25,65.5625,63.625,64.125,4.143e+06
LLY,945181800,64,67.25,63.625,66.375,3.5428e+06
LLY,945268200,65.75,68.625,65.6875,68.5625,3.1895e+06
LLY,945354600,67.5,68.5,66.375,66.875,3.5462e+06
LLY,945441000,66.9375,67.5,65.9375,67.0625,3.3416e+06
LLY,945700200,65.625,66.375,64.5,65,3.1925e+06
LLY,945786600,64.8125,65.5625,63.75,65.4375,2.3846e+06
LLY,945873000,65.3125,67.5,64.8125,66.875,1.9434e+06
LLY,945959400,67.4375,68.5,67.1875,68.25,1.9045e+06
LLY,946305000,67.25,70.5,67.0625,70.5,2.1523e+06
LLY,946391400,69.625,69.625,67.75,68.4375,1.5487e+06
LLY,946477800,68.75,68.75,66.625,67.3125,955900
LLY,946564200,66.75,68.25,66.3125,67.25,1.0896e+06
LLY,946650600,67.4375,67.4375,66.1875,66.5,906200
LLY,946909800,65,67.4375,65,65.5625,2.645e+06
LLY,946996200,64.25,65.4375,62.75,63.5,3.701e+06
LLY,947082600,63.125,65.3125,63,64.3125,3.411e+06
LLY,947169000,65,66.1875,64.3125,66.1875,2.4601e+06
LLY,947255400,68,71.0625,67.5,71.0625,5.8633e+06
LLY,947514600,71.0625,71.0625,67.9375,68.125,2.8305e+06
LLY,947601000,67,69.375,67,68.5,3.3097e+06
LLY,947687400,67.625,68.3125,66.9375,67.5,3.5736e+06
LLY,947773800,65.75,68.375,65.625,66.6875,3.6394e+06
LLY,947860200,68.9375,69.25,68,68.3125,3.7503e+06
LLY,948205800,69.375,69.375,66.5,67.3125,2.0829e+06
LLY,948292200,66,68,65.75,67.75,2.1937e+06
LLY,948378600,67.6875,68.25,65.5625,66.7812,2.1364e+06
LLY,948465000,65.125,65.625,64.125,64.75,4.051e+06
LLY,948724200,64.625,64.8125,61.5625,62.125,4.2069e+06
LLY,948810600,62.375,63.25,61.75,62.3125,3.1487e+06
LLY,948897000,62.9375,63.375,62.125,62.75,2.2331e+06
LLY,948983400,62,64.375,61.5,64.25,3.0522e+06
LLY,949069800,65,67.375,64.875,65.3125,4.2845e+06
LLY,949329000,65.9375,67,62.375,66.875,3.3341e+06
LLY,949415400,65.875,66.5,64.6875,65.5625,2.9813e+06
LLY,949501800,65.5,66.0625,63.875,65.0625,2.0663e+06
LLY,949588200,65.3125,65.8125,63.625,65.25,2.6436e+06
LLY,949674600,64.9375,65.25,64.5,64.875,1.7176e+06
LLY,949933800,65.4375,65.4375,62.75,63.3125,1.9574e+06
LLY,950020200,62.625,63.75,62.625,63.3125,2.5367e+06
LLY,950106600,64.375,64.375,61.6875,61.75,3.211e+06
LLY,950193000,61.875,63,61.8125,62.3125,2.08e+06
LLY,950279400,62.5,62.5625,61.0625,61.625,3.2681e+06
LLY,950538600,61.375,62,60.4375,60.75,2.758e+06
LLY,950625000,60.875,61.6875,60.625,61.1875,2.9894e+06
LLY,950711400,62,62.4375,61.1875,61.25,3.2928e+06
LLY,950797800,61.75,61.9375,60.1875,60.1875,3.2905e+06
LLY,950884200,60.3125,60.375,58.25,58.5,3.684e+06
LLY,951229800,59.75,60.375,57.625,59.5,2.7165e+06
LLY,951316200,59.75,60.875,58.3125,60.3125,2.4898e+06
LLY,951402600,59.9375,60.25,57.875,58.5625,2.6127e+06
LLY,951489000,58.4375,58.8125,56.125,56.6875,2.5544e+06
LLY,951748200,57,58.4375,57,57.5,3.8329e+06
LLY,951834600,58.5,60.5,58.375,59.4375,4.1387e+06
LLY,951921000,59.4375,60.25,58,58.875,4.1867e+06
LLY,952007400,57.875,59.375,57.1875,57.6875,2.0958e+06
LLY,952093800,58.625,59,57.5625,58,2.0852e+06
LLY,952353000,57.25,58.6875,57.125,57.625,2.5497e+06
LLY,952439400,57.875,57.9375,54,54.5,3.9981e+06
LLY,952525800,55,57.375,54.5,55.5,4.2826e+06
LLY,952612200,56.4375,60.0625,56.4375,60.0625,3.8535e+06
LLY,952698600,60.125,61.9375,60,61.1875,3.5358e+06
LLY,952957800,61,61,57.625,59.25,2.1155e+06
LLY,953044200,58.25,58.6875,57.375,57.4375,2.133e+06
LLY,953130600,57.4375,63.5,57.375,62.75,4.3647e+06
LLY,953217000,63.875,65.9375,63,64.75,5.3164e+06
LLY,953303400,63.875,63.9375,61,61.375,4.8433e+06
LLY,953562600,61.375,61.4375,59.625,60.75,2.2711e+06
LLY,953649000,59.75,62,59.6875,61.6875,2.987e+06
LLY,953735400,62.375,64.3125,61.625,63.5625,3.347e+06
LLY,953821800,64.1875,64.8125,63.5625,64.375,3.1598e+06
LLY,953908200,64.125,64.1875,61.125,62.125,2.0612e+06
LLY,954167400,62,62.3125,59.9375,60.5,2.013e+06
LLY,954253800,59.8125,61,59.5,60.25,2.1141e+06
LLY,954340200,60.125,61.5,60.125,61,2.8346e+06
LLY,954426600,61.25,63.125,60.75,60.75,3.0984e+06
LLY,954513000,61.25,64.5,60.125,62.625,3.2438e+06
LLY,954768600,64.25,65.5,64,65.375,2.7413e+06
LLY,954855000,65.625,69.375,65.4375,69,6.7005e+06
LLY,954941400,68.125,69,66.875,67.4688,3.4709e+06
LLY,955027800,66,67,65.0625,65.875,2.1904e+06
LLY,955114200,65.625,65.75,64.1875,64.3125,1.6072e+06
LLY,955373400,64,66.75,63.75,64.875,2.8842e+06
LLY,955459800,65,66.9375,64.875,66.875,2.3733e+06
LLY,955546200,66.25,67,64.75,65.125,2.6182e+06
LLY,955632600,68.4375,70,68,70,4.523e+06
LLY,955719000,68.5,69.9375,66.5,67.4375,4.0563e+06
