MRO,1041863400,6.469,6.6748,6.4511,6.6599,6.3456e+06
MRO,1041949800,6.5645,6.5764,6.3527,6.3796,5.7777e+06
MRO,1042036200,6.3796,6.3855,6.299,6.3318,3.0829e+06
MRO,1042122600,6.4183,6.4213,6.3318,6.3676,4.8509e+06
MRO,1042209000,6.3706,6.4213,6.2961,6.3676,6.6041e+06
MRO,1042468200,6.5287,6.5287,6.3736,6.4034,3.4115e+06
MRO,1042554600,6.4004,6.4959,6.3706,6.4601,4.6571e+06
MRO,1042641000,6.4452,6.5138,6.4243,6.475,3.035e+06
MRO,1042727400,6.5615,6.5913,6.4929,6.5168,4.0479e+06
MRO,1042813800,6.5197,6.5764,6.4392,6.4452,4.527e+06
MRO,1043159400,6.4482,6.4661,6.308,6.3169,6.5331e+06
MRO,1043245800,6.308,6.3229,6.2036,6.2454,5.8531e+06
MRO,1043332200,6.3527,6.3527,6.2692,6.2931,5.3803e+06
MRO,1043418600,6.2811,6.2811,6.141,6.1678,4.3775e+06
MRO,1043677800,6.1708,6.2066,5.9203,6.0247,6.0747e+06
MRO,1043764200,6.0247,6.1082,6.0097,6.0545,3.7042e+06
MRO,1043850600,6.1738,6.3855,6.129,6.3468,6.1445e+06
MRO,1043937000,6.4064,6.4064,6.2632,6.2632,5.4725e+06
MRO,1044023400,6.2662,6.3199,6.1768,6.2334,8.3406e+06
MRO,1044282600,6.3199,6.4004,6.2454,6.3825,6.9059e+06
MRO,1044369000,6.3706,6.5138,6.2871,6.5138,5.8172e+06
MRO,1044455400,6.6062,6.6182,6.4929,6.5645,7.5017e+06
MRO,1044541800,6.5675,6.5883,6.472,6.5496,6.182e+06
MRO,1044628200,6.6122,6.6122,6.484,6.4899,4.3658e+06
MRO,1044887400,6.5555,6.5973,6.4899,6.5943,3.9389e+06
MRO,1044973800,6.6361,6.6927,6.5913,6.639,5.5413e+06
MRO,1045060200,6.642,6.642,6.4661,6.469,3.6985e+06
MRO,1045146600,6.481,6.5168,6.3796,6.4362,6.691e+06
MRO,1045233000,6.4034,6.4661,6.3676,6.3945,4.574e+06
MRO,1045578600,6.4273,6.6897,6.4273,6.6868,5.1111e+06
MRO,1045665000,6.6659,6.6689,6.5406,6.5854,3.9359e+06
MRO,1045751400,6.6212,6.6599,6.5227,6.5794,3.8578e+06
MRO,1045837800,6.5913,6.7255,6.5764,6.6927,3.5886e+06
MRO,1046097000,6.6927,6.7762,6.6868,6.7255,3.033e+06
MRO,1046183400,6.7166,6.8389,6.6659,6.7166,3.5302e+06
MRO,1046269800,6.7166,6.8359,6.642,6.7583,4.23e+06
MRO,1046356200,6.7733,6.8597,6.7166,6.7643,4.3014e+06
MRO,1046442600,6.7613,6.8985,6.7613,6.8866,5.1963e+06
MRO,1046701800,6.9164,6.988,6.8508,6.8687,4.985e+06
MRO,1046788200,6.8717,6.9105,6.8299,6.8299,3.7914e+06
MRO,1046874600,6.8597,6.9791,6.8419,6.9731,3.8471e+06
MRO,1046961000,6.9552,6.9761,6.8896,6.9552,2.9414e+06
MRO,1047047400,6.9552,7.0029,6.8866,6.994,3.7304e+06
MRO,1047306600,7.0536,7.0834,6.9671,6.982,4.0492e+06
MRO,1047393000,7.0178,7.1162,6.9045,6.9045,7.3367e+06
MRO,1047479400,6.9045,6.9045,6.6361,6.7047,7.3354e+06
MRO,1047565800,6.7703,6.7852,6.6748,6.7106,6.7986e+06
MRO,1047652200,6.6569,6.7434,6.6271,6.6361,5.617e+06
MRO,1047911400,6.6659,6.8299,6.648,6.8269,8.4274e+06
MRO,1047997800,6.8269,6.9194,6.7106,6.8955,7.7931e+06
MRO,1048084200,6.9194,6.9701,6.8806,6.9582,6.1622e+06
MRO,1048170600,6.9582,7.0447,6.8747,7.0148,7.3478e+06
MRO,1048257000,7.0536,7.0596,6.8866,6.9134,6.2611e+06
MRO,1048516200,6.9641,6.9999,6.8508,6.9343,7.5436e+06
MRO,1048602600,6.9791,7.1282,6.9641,6.9969,7.0259e+06
MRO,1048689000,6.9999,7.0834,6.9761,7.0208,3.5912e+06
MRO,1048775400,7.0059,7.1789,6.9641,7.1222,4.4288e+06
MRO,1048861800,7.1252,7.2475,7.1222,7.1699,3.7991e+06
MRO,1049121000,7.0387,7.1878,7.0268,7.1491,6.9632e+06
MRO,1049207400,7.1491,7.2773,7.1461,7.2743,4.3772e+06
MRO,1049293800,7.322,7.322,7.1371,7.2027,5.0474e+06
MRO,1049380200,7.1878,7.2475,7.0834,7.0894,3.8605e+06
MRO,1049466600,7.0894,7.1789,7.0894,7.155,3.1148e+06
MRO,1049722200,7.2176,7.2236,7.0327,7.0685,4.0083e+06
MRO,1049808600,7.0387,7.0417,6.9522,6.9701,4.6652e+06
MRO,1049895000,6.991,7.0984,6.9403,6.9492,4.6739e+06
MRO,1049981400,6.9343,6.9373,6.8508,6.8955,7.2764e+06
MRO,1050067800,6.8985,6.9283,6.8389,6.8717,2.9686e+06
MRO,1050327000,6.8896,6.9492,6.8538,6.9194,2.6712e+06
MRO,1050413400,6.8747,7.0238,6.8747,7.0089,4.988e+06
MRO,1050499800,7.0089,7.0357,6.8747,6.8955,5.666e+06
MRO,1050586200,6.8448,6.982,6.8389,6.9224,4.9217e+06
MRO,1050931800,6.9343,6.9641,6.8806,6.8985,3.3931e+06
MRO,1051018200,6.8985,6.9462,6.8001,6.9254,4.584e+06
MRO,1051104600,6.8955,6.9283,6.7882,6.8419,4.3188e+06
MRO,1051191000,6.8001,6.9134,6.8001,6.815,5.953e+06
MRO,1051277400,6.815,6.815,6.7047,6.7613,4.517e+06
MRO,1051536600,6.821,6.8955,6.7941,6.8448,3.7951e+06
MRO,1051623000,6.8448,6.8448,6.7106,6.7285,3.9684e+06
MRO,1051709400,6.7583,6.8299,6.7166,6.7912,8.4925e+06
MRO,1051795800,6.8061,6.8359,6.7196,6.8061,3.899e+06
MRO,1051882200,6.818,6.9433,6.809,6.9164,4.3882e+06
MRO,1052141400,6.8985,6.9641,6.8597,6.9194,2.4207e+06
MRO,1052227800,6.9701,7.0387,6.9343,6.985,3.6623e+06
MRO,1052314200,6.994,7.1699,6.994,7.1133,7.0068e+06
MRO,1052400600,7.0268,7.161,7.0208,7.0476,3.8179e+06
MRO,1052487000,7.1312,7.1312,6.9791,7.0089,3.5044e+06
MRO,1052746200,7.0089,7.0805,6.9701,7.0327,3.9698e+06
MRO,1052832600,7.0327,7.2176,7.0178,7.1669,2.7855e+06
MRO,1052919000,7.1878,7.328,7.1878,7.2475,5.2013e+06
MRO,1053005400,7.3071,7.3578,7.2862,7.331,3.0507e+06
MRO,1053091800,7.331,7.4055,7.2624,7.3608,2.6786e+06
MRO,1053351000,7.2624,7.2654,7.1282,7.1341,2.4979e+06
MRO,1053437400,7.164,7.2057,7.0984,7.1401,3.4544e+06
MRO,1053523800,7.1401,7.2862,7.0775,7.2624,4.3822e+06
MRO,1053610200,7.2624,7.3191,7.2236,7.3071,4.3061e+06
MRO,1053696600,7.3071,7.501,7.2743,7.4712,5.3545e+06
MRO,1054042200,7.4652,7.665,7.4563,7.6412,4.6689e+06
MRO,1054128600,7.6471,7.6591,7.5606,7.5726,4.1673e+06
MRO,1054215000,7.7515,7.7515,7.5517,7.5636,8.4288e+06
MRO,1054301400,7.6203,7.7127,7.5964,7.674,5.3471e+06
MRO,1054560600,7.6829,7.7575,7.6203,7.7157,5.0199e+06
MRO,1054647000,7.7336,7.7933,7.6233,7.7933,5.9178e+06
MRO,1054733400,7.7813,7.9006,7.7605,7.841,4.4362e+06
MRO,1054819800,7.6799,7.8917,7.665,7.8917,6.1069e+06
MRO,1054906200,7.9782,8.0229,7.8559,7.9006,5.1037e+06
MRO,1055165400,7.847,7.9185,7.7963,7.8261,2.9086e+06
MRO,1055251800,7.8738,7.9126,7.8022,7.8649,2.5894e+06
MRO,1055338200,7.8887,8.0527,7.8887,8.0527,3.2593e+06
MRO,1055424600,8.0378,8.1124,7.9215,7.9484,3.6469e+06
MRO,1055511000,7.9484,7.9484,7.838,7.9275,2.7319e+06
MRO,1055770200,8.002,8.0527,7.8947,8.0527,3.1004e+06
MRO,1055856600,8.0498,8.0617,7.9036,7.9573,2.7487e+06
MRO,1055943000,7.9752,8.0289,7.8768,7.9275,2.6135e+06
MRO,1056029400,7.9275,7.9663,7.7754,7.8947,4.4549e+06
MRO,1056115800,7.9633,8.0706,7.9335,8.002,5.551e+06
MRO,1056375000,8.005,8.014,7.8559,7.8977,3.6673e+06
MRO,1056461400,7.8977,7.8977,7.7784,7.7933,4.406e+06
MRO,1056547800,7.844,7.9394,7.7843,7.8082,2.9958e+06
MRO,1056634200,7.7694,7.9036,7.7396,7.7992,3.9839e+06
MRO,1056720600,7.7992,7.9036,7.7038,7.8231,3.5916e+06
MRO,1056979800,7.8559,7.9335,7.8052,7.8589,3.4977e+06
MRO,1057066200,7.8589,7.9156,7.6859,7.9066,3.26e+06
MRO,1057152600,7.9066,7.9454,7.7634,7.9335,3.7522e+06
MRO,1057239000,7.9305,7.9305,7.835,7.9096,2.2974e+06
MRO,1057584600,7.9126,7.9633,7.8649,7.8887,4.0338e+06
MRO,1057671000,7.9036,7.9722,7.841,7.9663,5.5198e+06
MRO,1057757400,7.9752,8.017,7.9066,7.9633,2.5129e+06
MRO,1057843800,7.9633,7.9633,7.7724,7.7992,3.2308e+06
MRO,1057930200,7.8022,7.8768,7.7873,7.835,2.1217e+06
MRO,1058189400,7.8947,7.9036,7.7694,7.7992,2.5944e+06
MRO,1058275800,7.7992,7.7992,7.662,7.665,4.3309e+06
MRO,1058362200,7.6799,7.7247,7.5726,7.6561,4.5797e+06
MRO,1058448600,7.6561,7.7873,7.5756,7.7515,3.3354e+06
MRO,1058535000,7.8261,7.9454,7.7843,7.9185,3.5409e+06
MRO,1058794200,7.9185,7.9633,7.7694,7.7754,3.1822e+06
MRO,1058880600,7.7754,7.8261,7.7217,7.7933,3.1815e+06
MRO,1058967000,7.8141,7.8231,7.7127,7.7575,3.1299e+06
MRO,1059053400,7.7396,7.8857,7.7396,7.7813,4.3584e+06
MRO,1059139800,7.7813,7.8589,7.6948,7.844,3.3569e+06
MRO,1059399000,7.841,7.844,7.6948,7.7605,5.959e+06
MRO,1059485400,7.7843,7.7903,7.6054,7.662,4.5981e+06
MRO,1059571800,7.7247,7.7396,7.6263,7.674,2.7721e+06
MRO,1059658200,7.7247,7.8291,7.6591,7.677,2.8415e+06
MRO,1059744600,7.6591,7.665,7.5427,7.5875,3.5037e+06
MRO,1060003800,7.5994,7.5994,7.4861,7.5278,2.8258e+06
MRO,1060090200,7.4712,7.5547,7.4563,7.4592,4.6544e+06
MRO,1060176600,7.4563,7.6024,7.4324,7.5696,3.7756e+06
MRO,1060263000,7.5517,7.6292,7.4891,7.6024,5.2083e+06
MRO,1060349400,7.6948,7.7545,7.668,7.7396,4.358e+06
MRO,1060608600,7.7396,7.9484,7.7217,7.9484,5.6258e+06
MRO,1060695000,7.9484,7.9782,7.8738,7.9782,4.3155e+06
MRO,1060781400,8.0826,8.1333,8.0527,8.1273,7.099e+06
MRO,1060867800,8.1273,8.187,8.1213,8.178,7.8776e+06
MRO,1060954200,8.2078,8.2078,8.1124,8.1631,6.4053e+06
MRO,1061213400,8.0826,8.1124,8.0438,8.0736,4.1056e+06
MRO,1061299800,8.008,8.0677,7.9842,8.0527,2.8254e+06
MRO,1061386200,7.9782,8.0498,7.9663,8.0229,2.7523e+06
MRO,1061472600,8.0378,8.1154,8.0259,8.1124,3.7337e+06
MRO,1061559000,8.0885,8.1303,7.9722,7.9991,3.0816e+06
MRO,1061818200,8.0647,8.1124,8.0498,8.0885,3.1691e+06
MRO,1061904600,8.0677,8.0736,7.9782,8.0349,3.6345e+06
MRO,1061991000,8.0527,8.184,8.0438,8.181,3.3562e+06
MRO,1062077400,8.2019,8.2556,8.0826,8.2556,6.5381e+06
MRO,1062163800,8.2556,8.3182,8.184,8.3182,3.2097e+06
MRO,1062509400,8.3271,8.4584,8.2645,8.4554,6.24e+06
MRO,1062595800,8.4822,8.5568,8.4107,8.5419,5.4105e+06
MRO,1062682200,8.5419,8.6343,8.5359,8.5896,6.1106e+06
MRO,1062768600,8.5657,8.6343,8.5508,8.5717,4.8512e+06
MRO,1063027800,8.7089,8.7894,8.694,8.7745,8.0046e+06
MRO,1063114200,8.7477,8.7477,8.6045,8.6284,5.7126e+06
MRO,1063200600,8.6791,8.6791,8.5001,8.5419,5.0518e+06
MRO,1063287000,8.5508,8.5836,8.4315,8.4822,5.4491e+06
MRO,1063373400,8.53,8.5568,8.4405,8.5419,3.4038e+06
MRO,1063632600,8.5001,8.5449,8.4107,8.5449,2.3537e+06
MRO,1063719000,8.4822,8.53,8.4405,8.4733,2.4566e+06
MRO,1063805400,8.515,8.515,8.3599,8.3778,4.2353e+06
MRO,1063891800,8.3778,8.4196,8.3212,8.4196,4.2347e+06
MRO,1063978200,8.4196,8.4643,8.3838,8.4554,2.7849e+06
MRO,1064237400,8.4405,8.4405,8.357,8.4136,2.6015e+06
MRO,1064323800,8.4733,8.4912,8.3719,8.4136,2.3678e+06
MRO,1064410200,8.4703,8.518,8.4166,8.4554,5.4943e+06
MRO,1064496600,8.4703,8.4882,8.3331,8.3659,4.229e+06
MRO,1064583000,8.351,8.4524,8.2764,8.4047,4.9378e+06
MRO,1064842200,8.4405,8.4464,8.3361,8.4047,2.0861e+06
MRO,1064928600,8.4077,8.527,8.2854,8.5001,3.1617e+06
MRO,1065015000,8.5001,8.694,8.5001,8.685,4.7081e+06
MRO,1065101400,8.6433,8.6552,8.5807,8.6224,2.8422e+06
MRO,1065187800,8.6433,8.7089,8.6075,8.6403,3.6056e+06
MRO,1065447000,8.6403,8.6612,8.5836,8.6582,2.6544e+06
MRO,1065533400,8.6194,8.7984,8.6075,8.7835,3.7847e+06
MRO,1065619800,8.7984,8.7984,8.7029,8.7984,3.3103e+06
MRO,1065706200,8.8252,8.8282,8.7536,8.8222,3.1238e+06
MRO,1065792600,8.8461,9.0221,8.8193,9.0101,6.1522e+06
MRO,1066051800,9.0071,9.0907,8.9952,9.0519,2.7238e+06
MRO,1066138200,9.0519,9.0519,8.9505,9.0221,3.3569e+06
MRO,1066224600,9.0429,9.0489,8.9087,8.9833,3.2841e+06
MRO,1066311000,8.9714,9.028,8.9505,9.0071,2.9793e+06
MRO,1066397400,9.1115,9.1115,8.9057,8.9714,3.0484e+06
MRO,1066656600,8.9475,8.9594,8.8491,8.9356,2.5082e+06
MRO,1066743000,8.9356,8.9386,8.8491,8.9117,3.429e+06
MRO,1066829400,8.8878,8.9236,8.8103,8.8371,2.0677e+06
MRO,1066915800,8.8371,8.8908,8.6791,8.8133,4.2015e+06
MRO,1067002200,8.8133,8.8133,8.6791,8.7298,2.2571e+06
MRO,1067265000,8.7864,8.855,8.7298,8.8073,3.8712e+06
MRO,1067351400,8.8282,8.8282,8.7387,8.7447,4.2595e+06
MRO,1067437800,8.7477,8.7656,8.6433,8.7059,5.0554e+06
MRO,1067524200,8.7238,8.7328,8.6135,8.697,3.9859e+06
MRO,1067610600,8.7268,8.8282,8.6582,8.8193,4.1471e+06
MRO,1067869800,8.858,8.8878,8.7864,8.855,3.3052e+06
MRO,1067956200,8.8133,8.8342,8.7268,8.7536,2.5471e+06
MRO,1068042600,8.7536,8.7775,8.6135,8.7626,4.0231e+06
MRO,1068129000,8.7656,8.7954,8.6791,8.7745,2.9086e+06
MRO,1068215400,8.7984,8.8849,8.7387,8.8729,2.9988e+06
MRO,1068474600,8.87,8.8878,8.7208,8.7357,2.5609e+06
MRO,1068561000,8.7029,8.7119,8.6194,8.6821,1.9188e+06
MRO,1068647400,8.6821,8.7178,8.6194,8.7089,3.0893e+06
MRO,1068733800,8.7089,8.8282,8.685,8.8282,2.699e+06
MRO,1068820200,8.8461,8.9773,8.8133,8.8998,3.9641e+06
MRO,1069079400,8.7984,8.7984,8.5956,8.7536,3.3572e+06
MRO,1069165800,8.7387,8.7685,8.6194,8.6343,3.8662e+06
MRO,1069252200,8.6642,8.7387,8.6284,8.7029,4.2792e+06
MRO,1069338600,8.691,8.7387,8.6343,8.6791,2.9046e+06
MRO,1069425000,8.7536,8.7536,8.6791,8.7208,3.9517e+06
MRO,1069684200,8.7208,8.7626,8.6522,8.7357,2.7406e+06
MRO,1069770600,8.7507,8.855,8.7119,8.8461,3.2271e+06
MRO,1069857000,8.8461,8.8789,8.7984,8.8491,2.7077e+06
MRO,1070029800,8.7894,8.858,8.7596,8.8312,844900
MRO,1070289000,8.8431,8.9833,8.8282,8.9624,2.859e+06
MRO,1070375400,8.9684,9.0907,8.9386,9.0042,3.0531e+06
MRO,1070461800,9.0071,9.0817,8.8849,8.8908,5.439e+06
MRO,1070548200,8.8938,8.9982,8.8938,8.9952,4.6219e+06
MRO,1070634600,8.9773,9.0549,8.9654,9.0131,3.9544e+06
MRO,1070893800,9.037,9.0519,8.9833,9.0131,4.3379e+06
MRO,1070980200,9.037,9.0787,9.0191,9.037,5.9316e+06
MRO,1071066600,9.0489,9.1026,9.028,9.0847,4.6521e+06
MRO,1071153000,9.0936,9.2398,9.0429,9.207,4.3171e+06
MRO,1071239400,9.2129,9.2458,9.1712,9.2129,3.1362e+06
MRO,1071498600,9.2159,9.2458,9.0847,9.0936,3.5698e+06
MRO,1071585000,9.1354,9.207,9.0817,9.1682,5.772e+06
MRO,1071671400,9.1682,9.2756,9.1682,9.2636,7.3062e+06
MRO,1071757800,9.2994,9.6335,9.2786,9.5858,5.3183e+06
MRO,1071844200,9.6335,9.6454,9.5529,9.5887,5.7401e+06
MRO,1072103400,9.6066,9.6394,9.5708,9.6126,2.9059e+06
MRO,1072189800,9.6126,9.6335,9.5261,9.5917,2.5451e+06
MRO,1072276200,9.6007,9.7677,9.5977,9.708,2.3476e+06
MRO,1072449000,9.7498,9.7945,9.708,9.7438,1.666e+06
MRO,1072708200,9.8094,9.9079,9.7707,9.9019,2.2997e+06
MRO,1072794600,9.9019,10.0242,9.89,9.9526,3.4642e+06
MRO,1072881000,9.9526,9.9914,9.8273,9.8691,3.9222e+06
MRO,1073053800,9.887,9.9914,9.8691,9.9168,3.6385e+06
MRO,1073313000,9.9914,10.1703,9.9675,10.1644,4.2779e+06
MRO,1073399400,10.1644,10.1823,10.1017,10.1673,4.5891e+06
MRO,1073485800,10.1465,10.1673,9.9854,10.1256,4.2595e+06
MRO,1073572200,10.2001,10.2001,10.051,10.1703,4.1371e+06
MRO,1073658600,10.1703,10.2151,10.057,10.1405,4.4704e+06
MRO,1073917800,10.1435,10.1852,10.1077,10.1345,3.4722e+06
MRO,1074004200,10.1703,10.2687,10.1584,10.2091,3.9151e+06
MRO,1074090600,10.2091,10.2091,10.0779,10.1286,5.6955e+06
MRO,1074177000,10.1703,10.1763,9.9794,9.9914,5.4092e+06
MRO,1074263400,10.0152,10.0152,9.9168,9.9645,5.1939e+06
MRO,1074609000,10.1137,10.2061,10.0361,10.1763,6.4828e+06
MRO,1074695400,10.1852,10.2986,10.1405,10.2837,4.5388e+06
MRO,1074781800,10.2896,10.3075,10.1226,10.1733,3.4487e+06
MRO,1074868200,10.2151,10.2777,10.1405,10.2091,5.429e+06
MRO,1075127400,10.2091,10.3373,10.1047,10.3075,3.9741e+06
MRO,1075213800,10.3493,10.3493,10.0451,10.2747,4.5465e+06
MRO,1075300200,10.2747,10.2896,9.9765,9.9765,5.9892e+06
MRO,1075386600,9.9765,10.0301,9.708,9.8244,7.7116e+06
MRO,1075473000,9.7647,9.7826,9.6215,9.6872,4.8875e+06
MRO,1075732200,9.6872,9.8005,9.5828,9.7379,5.9617e+06
MRO,1075818600,9.6782,9.8422,9.5887,9.7915,3.3686e+06
MRO,1075905000,9.7408,9.7766,9.5082,9.5082,5.4169e+06
MRO,1075991400,9.544,9.5679,9.4396,9.4426,4.1304e+06
MRO,1076077800,9.5142,9.6394,9.4396,9.6215,2.8911e+06
MRO,1076337000,9.6215,9.7856,9.5887,9.7051,3.8139e+06
MRO,1076423400,9.6484,9.8035,9.6335,9.7975,4.129e+06
MRO,1076509800,9.8721,9.9914,9.7498,9.9914,5.3699e+06
MRO,1076596200,9.9914,10.0331,9.8721,9.9556,3.7036e+06
MRO,1076682600,9.9496,10.0242,9.8303,9.9884,3.6466e+06
MRO,1077028200,9.9884,10.1405,9.9884,10.0689,4.0496e+06
MRO,1077114600,10.1703,10.2001,10.0898,10.1107,5.3582e+06
MRO,1077201000,10.1137,10.2598,10.1137,10.1405,4.1538e+06
MRO,1077287400,10.23,10.2479,10.0361,10.1077,3.9316e+06
MRO,1077546600,10.1554,10.1763,10.0868,10.1494,2.5082e+06
MRO,1077633000,10.1405,10.2479,10.1107,10.1316,3.0564e+06
MRO,1077719400,10.1345,10.2121,10.0898,10.1763,2.5502e+06
MRO,1077805800,10.1673,10.2926,10.1584,10.2717,2.6021e+06
MRO,1077892200,10.2747,10.5342,10.2538,10.4805,4.4466e+06
MRO,1078151400,10.4835,10.8295,10.4775,10.7549,7.2885e+06
MRO,1078237800,10.7072,10.7609,10.4417,10.4537,6.6943e+06
MRO,1078324200,10.388,10.5282,10.3552,10.4895,3.5745e+06
MRO,1078410600,10.4686,10.4835,10.3731,10.4298,2.7238e+06
MRO,1078497000,10.4328,10.5789,10.4089,10.5342,4.0576e+06
MRO,1078756200,10.5968,10.6774,10.5581,10.5879,1.7927e+06
MRO,1078842600,10.5282,10.5998,10.5103,10.5491,2.9284e+06
MRO,1078929000,10.6088,10.6386,10.394,10.397,3.8685e+06
MRO,1079015400,10.391,10.4119,10.1614,10.1733,3.6137e+06
MRO,1079101800,10.2747,10.3165,10.1375,10.2956,2.7409e+06
MRO,1079361000,10.3314,10.3851,10.2628,10.2986,3.5792e+06
MRO,1079447400,10.3493,10.3702,10.2449,10.2807,3.2744e+06
MRO,1079533800,10.3016,10.5223,10.2747,10.4954,3.0836e+06
MRO,1079620200,10.4447,10.5789,10.4149,10.561,3.6402e+06
MRO,1079706600,10.5581,10.5909,10.1256,10.1316,8.7376e+06
MRO,1079965800,9.9407,10.1077,9.8989,9.9735,6.7684e+06
MRO,1080052200,9.9615,9.9615,9.7319,9.881,8.5103e+06
MRO,1080138600,9.8721,9.887,9.5917,9.6275,7.3381e+06
MRO,1080225000,9.5858,9.5887,9.1533,9.1801,2.09294e+07
MRO,1080311400,9.1115,9.3949,9.037,9.3949,4.17559e+07
MRO,1080570600,9.3949,9.5201,9.3203,9.3949,1.15091e+07
MRO,1080657000,9.544,9.8482,9.4426,9.7468,1.52067e+07
MRO,1080743400,9.8422,10.0898,9.8422,10.0421,1.83074e+07
MRO,1080829800,10.0808,10.2001,9.7468,9.8035,1.45069e+07
MRO,1080916200,9.8422,9.893,9.6633,9.7707,9.7746e+06
MRO,1081171800,9.8273,9.89,9.7587,9.887,5.3958e+06
MRO,1081258200,9.8273,9.9437,9.7528,9.887,5.8538e+06
MRO,1081344600,9.9019,9.9019,9.6931,9.8124,6.5082e+06
MRO,1081431000,9.8572,10.06,9.8452,10.0212,9.036e+06
MRO,1081776600,10.0659,10.23,10.0451,10.1554,7.8927e+06
MRO,1081863000,10.2896,10.2896,10.0003,10.0421,8.4871e+06
MRO,1081949400,10.057,10.0808,9.8572,9.9526,6.6092e+06
MRO,1082035800,10.0063,10.1703,9.9496,10.1375,5.9342e+06
MRO,1082122200,10.23,10.2717,10.1256,10.2628,5.0142e+06
MRO,1082381400,10.2598,10.2598,10.1047,10.23,6.4204e+06
MRO,1082467800,10.23,10.23,9.9228,9.9317,3.8799e+06
MRO,1082554200,9.9019,10.0212,9.7677,9.9705,6.2839e+06
MRO,1082640600,9.9735,10.1733,9.8959,10.1286,5.609e+06
MRO,1082727000,10.0808,10.2628,9.9914,10.1644,6.5934e+06
MRO,1082986200,10.1703,10.3433,10.1703,10.2419,7.5108e+06
MRO,1083072600,10.2896,10.6058,10.2419,10.4805,8.1485e+06
MRO,1083159000,10.4358,10.4388,10.1524,10.2001,6.8191e+06
MRO,1083245400,10.23,10.23,9.8094,9.8691,5.7066e+06
MRO,1083331800,9.9615,10.051,9.9496,10.0093,6.9304e+06
MRO,1083591000,10.057,10.1405,9.9466,10.063,8.5361e+06
MRO,1083677400,10.1375,10.2896,10.0808,10.2359,5.6727e+06
MRO,1083763800,10.2001,10.3195,10.1107,10.3045,5.6657e+06
MRO,1083850200,10.3045,10.394,10.1852,10.3552,6.1129e+06
MRO,1083936600,10.3016,10.3344,10.0182,10.0421,3.67e+06
MRO,1084195800,9.9824,9.9824,9.6544,9.7379,5.2945e+06
MRO,1084282200,9.7408,10.0779,9.7379,10.051,6.3212e+06
MRO,1084368600,10.051,10.1703,9.9258,10.1077,4.747e+06
MRO,1084455000,10.1077,10.1405,9.8124,9.8751,8.6712e+06
MRO,1084541400,9.9317,10.0987,9.8601,10.0182,6.8898e+06
MRO,1084800600,9.9586,10.0779,9.8601,9.8721,6.4878e+06
MRO,1084887000,9.9168,9.9168,9.717,9.7617,4.4757e+06
MRO,1084973400,9.7796,9.8363,9.544,9.6096,6.8563e+06
MRO,1085059800,9.6454,9.7379,9.6126,9.6782,4.174e+06
MRO,1085146200,9.7886,9.7886,9.5977,9.6872,3.6439e+06
MRO,1085405400,9.6991,9.8035,9.6126,9.7707,6.5072e+06
MRO,1085491800,9.7856,9.9854,9.7677,9.9854,4.8398e+06
MRO,1085578200,10.0391,10.0898,9.9586,10.0421,5.8296e+06
MRO,1085664600,10.0421,10.063,9.7737,9.8273,8.6789e+06
MRO,1085751000,9.9019,9.9765,9.8333,9.9437,5.8437e+06
MRO,1086096600,10.0391,10.2151,10.0391,10.2151,1.02937e+07
MRO,1086183000,10.2538,10.4,10.2001,10.23,1.24305e+07
MRO,1086269400,10.2717,10.2717,10.0093,10.0272,7.9929e+06
MRO,1086355800,10.054,10.0659,9.8721,9.89,6.3148e+06
MRO,1086615000,9.9615,10.23,9.9168,10.2151,4.9595e+06
MRO,1086701400,10.2807,10.4119,10.1614,10.2001,9.5282e+06
MRO,1086787800,10.2001,10.221,10.0987,10.1107,6.5505e+06
MRO,1086874200,10.23,10.2896,10.1703,10.2896,4.3584e+06
MRO,1087219800,10.2151,10.2509,10.1465,10.1763,6.5988e+06
MRO,1087306200,10.2866,10.4238,10.2658,10.397,6.3051e+06
MRO,1087392600,10.4358,10.6147,10.4358,10.5938,6.4761e+06
MRO,1087479000,10.6475,10.8831,10.6177,10.8444,1.06065e+07
MRO,1087565400,10.8682,10.9607,10.8503,10.9279,9.2382e+06
MRO,1087824600,11.0651,11.0651,10.8891,10.9637,8.7725e+06
MRO,1087911000,10.9637,10.9637,10.7817,10.8951,1.20435e+07
MRO,1087997400,10.9786,11.1844,10.8981,11.1724,6.0147e+06
MRO,1088083800,11.1874,11.1874,11.0084,11.1068,6.9321e+06
MRO,1088170200,11.1545,11.2351,11.1038,11.1605,7.2891e+06
MRO,1088429400,11.1874,11.1993,10.9845,11.0323,5.3334e+06
MRO,1088515800,10.9458,11.08,10.9368,11.0352,7.7559e+06
MRO,1088602200,11.1098,11.2947,11.0472,11.2858,6.3071e+06
MRO,1088688600,11.2351,11.3156,11.1158,11.1754,7.4035e+06
MRO,1088775000,11.2142,11.3842,11.1367,11.3335,4.8244e+06
MRO,1089120600,11.3544,11.5781,11.2619,11.2828,7.043e+06
MRO,1089207000,10.9458,11.0889,10.7877,11.0621,1.48264e+07
MRO,1089293400,11.3335,11.3335,10.9607,11.1396,9.3217e+06
MRO,1089379800,11.1545,11.2291,11.077,11.077,6.4388e+06
MRO,1089639000,11.0949,11.0949,10.8921,10.9428,5.4524e+06
MRO,1089725400,10.9458,10.9488,10.8384,10.8861,5.209e+06
MRO,1089811800,10.7519,11.0352,10.7519,11.0293,6.5072e+06
MRO,1089898200,11.0203,11.1665,10.9935,11.0979,3.9544e+06
MRO,1089984600,11.2142,11.2291,11.1665,11.2112,4.1431e+06
MRO,1090243800,11.2142,11.2649,11.0979,11.1605,3.9084e+06
MRO,1090330200,11.1933,11.2053,11.08,11.2053,3.496e+06
MRO,1090416600,11.2082,11.2977,11.0084,11.0233,9.3297e+06
MRO,1090503000,11.0949,11.1933,11.0054,11.0651,7.3559e+06
MRO,1090589400,11.1068,11.1068,10.904,10.9905,4.0989e+06
MRO,1090848600,11.0949,11.1068,10.8444,10.8921,4.3269e+06
MRO,1090935000,10.4388,11.0651,10.4388,10.9726,1.05367e+07
MRO,1091021400,10.9756,11.0651,10.8861,10.9965,5.4719e+06
MRO,1091107800,11.08,11.1903,11.0024,11.1665,5.3686e+06
MRO,1091194200,11.1993,11.2709,11.1516,11.2351,4.979e+06
MRO,1091453400,11.241,11.2888,11.0472,11.2291,5.6439e+06
MRO,1091539800,11.253,11.3454,11.2112,11.2351,5.5396e+06
MRO,1091626200,11.2381,11.2381,10.8682,10.901,9.8997e+06
MRO,1091712600,10.9607,11.0054,10.6714,10.6774,8.6578e+06
MRO,1091799000,10.6774,10.7012,10.4895,10.4895,4.7537e+06
MRO,1092058200,10.564,10.7937,10.5312,10.7102,4.47e+06
MRO,1092144600,10.7937,10.7937,10.573,10.6028,4.4972e+06
MRO,1092231000,10.5461,10.6326,10.3552,10.397,8.4841e+06
MRO,1092317400,10.403,10.4388,10.3045,10.3254,6.1076e+06
MRO,1092403800,10.3612,10.5223,10.3284,10.4865,5.3143e+06
MRO,1092663000,10.4984,10.7937,10.4089,10.6237,6.6974e+06
MRO,1092749400,10.5581,10.5789,10.2658,10.2717,7.0497e+06
MRO,1092835800,10.3195,10.3672,10.1524,10.3165,8.3114e+06
MRO,1092922200,10.3493,10.3612,10.2449,10.2777,5.4145e+06
MRO,1093008600,10.3195,10.391,10.224,10.2538,8.817e+06
MRO,1093267800,10.2956,10.3135,10.1256,10.1345,7.6093e+06
MRO,1093354200,10.1375,10.23,10.0063,10.23,1.06786e+07
MRO,1093440600,10.3045,10.4179,10.2658,10.4089,9.1557e+06
MRO,1093527000,10.4119,10.573,10.3314,10.5431,7.9285e+06
MRO,1093613400,10.573,10.6445,10.5431,10.6147,4.0201e+06
MRO,1093872600,10.6624,10.6833,10.5073,10.564,4.7356e+06
MRO,1093959000,10.5879,10.8175,10.567,10.8175,6.1552e+06
MRO,1094045400,10.8175,10.9279,10.7668,10.9279,6.352e+06
MRO,1094131800,11.0949,11.0949,11.0054,11.0591,6.4781e+06
MRO,1094218200,11.0502,11.0531,10.8802,11.0054,5.6056e+06
MRO,1094563800,11.0054,11.0472,10.8861,11.0352,7.4078e+06
MRO,1094650200,11.0352,11.0621,10.9875,11.0352,7.5953e+06
MRO,1094736600,11.0352,11.241,11.0263,11.2082,8.0985e+06
MRO,1094823000,11.244,11.2649,11.1277,11.1665,6.1582e+06
MRO,1095082200,11.2023,11.3007,11.2023,11.244,7.4903e+06
MRO,1095168600,11.3275,11.3842,11.241,11.3574,7.5269e+06
MRO,1095255000,11.3633,11.3902,11.2739,11.3305,6.7017e+06
MRO,1095341400,11.3782,11.3782,11.2768,11.3693,4.0677e+06
MRO,1095427800,11.411,11.5751,11.3932,11.5423,5.7039e+06
MRO,1095687000,11.5423,11.6318,11.5303,11.5989,6.0006e+06
MRO,1095773400,11.6318,12.0135,11.6079,11.9688,6.2212e+06
MRO,1095859800,11.9688,11.9688,11.7988,11.93,5.9963e+06
MRO,1095946200,11.8584,11.8882,11.7093,11.8077,4.7674e+06
MRO,1096032600,11.9598,12.1775,11.9002,12.0851,8.9264e+06
MRO,1096291800,12.1089,12.2133,11.9747,12.0672,5.6626e+06
MRO,1096378200,12.2163,12.4072,12.1447,12.3833,6.6558e+06
MRO,1096464600,12.3863,12.4072,12.0761,12.1775,7.6626e+06
MRO,1096551000,12.1775,12.3744,12.1716,12.3118,6.7973e+06
MRO,1096637400,12.3177,12.5176,12.2968,12.5146,4.8043e+06
MRO,1096896600,12.5146,12.5146,12.3893,12.434,4.809e+06
MRO,1096983000,12.437,12.5504,12.2879,12.4072,9.4769e+06
MRO,1097069400,12.4818,12.5653,12.4191,12.5653,5.7981e+06
MRO,1097155800,12.5862,12.7055,12.2253,12.3028,7.1111e+06
MRO,1097242200,12.3476,12.4311,12.1686,12.2998,5.2824e+06
MRO,1097501400,12.3684,12.3774,12.1567,12.2342,2.7269e+06
MRO,1097587800,12.2282,12.3028,12.0881,12.1298,3.9138e+06
MRO,1097674200,12.0553,12.0582,11.5035,11.7242,8.7906e+06
MRO,1097760600,11.8733,12.0314,11.8495,12.0046,4.9512e+06
MRO,1097847000,12.1089,12.1388,11.933,11.9896,4.9237e+06
MRO,1098106200,12.0254,12.094,11.8346,11.8584,5.8062e+06
MRO,1098192600,11.8614,11.9509,11.7212,11.76,4.8556e+06
MRO,1098279000,11.8256,12.0463,11.7749,12.0374,6.0388e+06
MRO,1098365400,12.0702,12.106,11.9121,11.9688,4.749e+06
MRO,1098451800,12.0433,12.1597,11.9568,12.0195,5.0642e+06
MRO,1098711000,12.0195,12.0761,11.8703,11.9747,4.1706e+06
MRO,1098797400,11.9449,11.9479,11.6616,11.7332,1.09146e+07
MRO,1098883800,11.6675,11.6705,11.1128,11.3514,1.70333e+07
MRO,1098970200,11.3484,11.5303,11.1963,11.2321,9.2003e+06
MRO,1099056600,11.2739,11.3961,11.1307,11.3663,7.9051e+06
MRO,1099319400,11.4409,11.5035,11.1874,11.2231,6.3815e+06
MRO,1099405800,11.1844,11.2977,11.0323,11.0502,8.2776e+06
MRO,1099492200,11.1993,11.2768,11.0442,11.1993,6.9099e+06
MRO,1099578600,11.2291,11.3872,11.2291,11.3335,6.4452e+06
MRO,1099665000,11.3991,11.5065,11.3454,11.4588,5.8357e+06
MRO,1099924200,11.4588,11.4617,11.1605,11.25,6.3959e+06
MRO,1100010600,11.253,11.2828,11.1098,11.1665,7.3173e+06
MRO,1100097000,11.1695,11.2023,10.9726,11.1367,1.05787e+07
MRO,1100183400,11.1367,11.1993,11.1038,11.1605,5.3807e+06
MRO,1100269800,11.1844,11.3961,11.1247,11.3961,8.4201e+06
MRO,1100529000,11.3096,11.3126,10.9488,10.9845,8.2903e+06
MRO,1100615400,11.0502,11.1158,10.9965,11.0174,4.2192e+06
MRO,1100701800,11.0174,11.1933,10.9786,11.1516,6.4482e+06
MRO,1100788200,11.244,11.25,11.1367,11.1933,4.8804e+06
MRO,1100874600,11.2888,11.4826,11.2649,11.4409,7.0162e+06
MRO,1101133800,11.5393,11.6705,11.4975,11.6467,7.4893e+06
MRO,1101220200,11.7063,11.8614,11.6675,11.7003,7.6606e+06
MRO,1101306600,11.7749,11.8435,11.6556,11.8047,4.3195e+06
MRO,1101479400,11.8703,12.0195,11.8196,11.8853,2.2236e+06
MRO,1101738600,11.93,11.936,11.6914,11.8196,3.3629e+06
MRO,1101825000,11.7689,11.8853,11.7391,11.763,5.3032e+06
MRO,1101911400,11.763,11.763,11.3335,11.3932,8.4288e+06
MRO,1101997800,11.2589,11.2709,10.9667,11.1396,8.9931e+06
MRO,1102084200,11.1426,11.3126,11.1068,11.1874,4.6491e+06
MRO,1102343400,11.2589,11.3186,11.0949,11.1337,5.0799e+06
MRO,1102429800,11.1635,11.1754,10.9249,10.9577,4.8462e+06
MRO,1102516200,10.9189,11.0591,10.7459,11.0054,6.7158e+06
MRO,1102602600,11.1545,11.1545,10.8444,11.0233,7.04e+06
MRO,1102689000,11.2231,11.2231,10.8831,10.9368,6.7232e+06
MRO,1102948200,10.9756,11.0352,10.9309,11.0114,6.234e+06
MRO,1103034600,11.077,11.1038,10.9547,11.0412,3.6415e+06
MRO,1103121000,11.1844,11.2828,11.0233,11.1993,1.12533e+07
MRO,1103207400,11.1993,11.2351,11.0442,11.1217,7.5356e+06
MRO,1103293800,11.0352,11.1844,11.0352,11.1307,1.09193e+07
MRO,1103553000,11.1277,11.1575,10.9905,11.0681,8.531e+06
MRO,1103639400,11.08,11.1575,11.0502,11.1545,6.9465e+06
MRO,1103725800,11.2082,11.2142,10.9726,11.0651,8.243e+06
MRO,1103812200,11.0681,11.1844,11.0681,11.1217,4.9451e+06
MRO,1104157800,11.1247,11.1545,10.9726,10.9875,5.5014e+06
MRO,1104244200,11.0352,11.0681,10.9726,10.9816,4.3956e+06
MRO,1104330600,11.0531,11.1188,10.9219,11.086,5.4474e+06
MRO,1104417000,11.0889,11.1993,11.0382,11.1635,3.6127e+06
MRO,1104503400,11.2142,11.244,11.1635,11.2172,3.4015e+06
MRO,1104762600,11.2053,11.2082,10.8474,10.91,7.5195e+06
MRO,1104849000,10.8742,10.9726,10.7728,10.7877,6.7986e+06
MRO,1104935400,10.7877,10.8712,10.6416,10.6565,5.6704e+06
MRO,1105021800,10.6207,10.9428,10.5938,10.8205,6.3862e+06
MRO,1105108200,10.9398,11.0203,10.7966,10.9786,1.018e+07
MRO,1105367400,11.086,11.256,11.0352,11.1158,1.09455e+07
MRO,1105453800,11.1426,11.2739,11.0889,11.1963,8.0476e+06
MRO,1105540200,11.241,11.3424,11.1754,11.3037,7.2415e+06
MRO,1105626600,11.3753,11.5154,11.3126,11.423,7.1181e+06
MRO,1105713000,11.4379,11.5065,11.3723,11.423,5.608e+06
MRO,1106058600,11.5363,11.5661,11.4349,11.5602,6.1411e+06
MRO,1106145000,11.5602,11.6019,11.4498,11.4677,5.6382e+06
MRO,1106231400,11.3514,11.3633,11.1695,11.256,7.4249e+06
MRO,1106317800,11.3246,11.4617,11.3216,11.3514,5.6767e+06
MRO,1106577000,11.4826,11.5691,11.4677,11.5035,5.2938e+06
MRO,1106663400,11.6616,11.7093,11.5632,11.6825,1.00147e+07
MRO,1106749800,11.7958,11.8107,11.6228,11.751,7.4621e+06
MRO,1106836200,11.2977,11.8674,11.2977,11.5989,8.702e+06
MRO,1106922600,11.5989,11.5989,11.3574,11.4409,7.7391e+06
MRO,1107181800,11.3932,11.6079,11.3574,11.5512,8.347e+06
MRO,1107268200,11.6019,11.6944,11.5989,11.6854,8.7989e+06
MRO,1107354600,11.7063,11.9628,11.6616,11.93,1.14256e+07
MRO,1107441000,11.93,12.1537,11.8226,12.106,1.05616e+07
MRO,1107527400,12.1358,12.1477,11.9598,12.0791,5.5681e+06
MRO,1107786600,12.1089,12.1447,11.9718,12.0344,5.2204e+06
MRO,1107873000,12.0374,12.1626,11.9777,12.1388,4.7701e+06
MRO,1107959400,12.1597,12.4639,12.0791,12.267,8.2001e+06
MRO,1108045800,12.3625,12.61,12.2909,12.6011,5.9228e+06
MRO,1108132200,12.6697,12.8397,12.5593,12.7323,5.5084e+06
MRO,1108391400,12.6995,12.7353,12.5563,12.613,4.9867e+06
MRO,1108477800,12.7412,12.8397,12.6756,12.8218,5.9614e+06
MRO,1108564200,12.8456,13.0932,12.7621,13.0872,8.4519e+06
MRO,1108650600,13.123,13.2005,12.95,12.9679,7.1886e+06
MRO,1108737000,13.1081,13.4063,13.0484,13.2811,8.2219e+06
MRO,1109082600,13.4213,13.5197,13.1319,13.1409,6.2249e+06
MRO,1109169000,13.1439,13.2602,13.1111,13.2065,8.0975e+06
MRO,1109255400,13.3467,13.4809,13.2214,13.4779,6.5304e+06
MRO,1109341800,13.63,14.1013,13.5972,13.9074,1.0125e+07
MRO,1109601000,14.0177,14.1967,13.5704,14.1192,1.46943e+07
MRO,1109687400,14.0177,14.0983,13.7583,13.9581,8.5998e+06
MRO,1109773800,13.8984,14.0744,13.8179,13.9879,8.3456e+06
MRO,1109860200,14.2862,14.7067,14.2474,14.316,1.03044e+07
MRO,1109946600,14.2563,14.6441,13.982,14.5427,1.13203e+07
MRO,1110205800,14.5457,14.6679,14.3816,14.5307,9.8122e+06
MRO,1110292200,14.5307,14.6262,14.4383,14.4413,8.3926e+06
MRO,1110378600,14.5218,14.5576,13.9163,13.9551,1.22176e+07
MRO,1110465000,13.9253,13.9283,13.4481,13.63,9.8655e+06
MRO,1110551400,13.5942,13.9104,13.5286,13.6986,7.7274e+06
MRO,1110810600,13.8388,13.8716,13.4541,13.8,8.0234e+06
MRO,1110897000,13.8925,13.9462,13.6151,13.6151,7.2063e+06
MRO,1110983400,13.5435,13.9074,13.466,13.6777,7.2405e+06
MRO,1111069800,13.8537,14.0028,13.7284,13.9879,8.0449e+06
MRO,1111156200,14.0177,14.1311,13.8209,13.9999,8.8653e+06
MRO,1111415400,13.9253,14.0714,13.8597,14.0565,7.1497e+06
MRO,1111501800,14.0685,14.1937,13.627,13.6658,7.2093e+06
MRO,1111588200,13.6449,13.6479,13.299,13.5614,1.04221e+07
MRO,1111674600,13.636,13.803,13.4511,13.6151,6.8107e+06
MRO,1112020200,13.6181,13.6539,13.457,13.5406,6.3577e+06
MRO,1112106600,13.5883,13.7792,13.3944,13.4302,7.1805e+06
MRO,1112193000,13.4272,13.6897,13.1826,13.6628,9.8219e+06
MRO,1112279400,13.8686,14.0148,13.7583,13.9939,8.2668e+06
MRO,1112365800,14.1967,14.4323,14.137,14.3906,8.7557e+06
MRO,1112621400,14.6292,14.656,14.2414,14.3906,8.2769e+06
MRO,1112707800,14.3906,14.5128,14.1549,14.2355,8.2306e+06
MRO,1112794200,14.2713,14.4592,14.137,14.4323,7.3207e+06
MRO,1112880600,14.5695,14.6083,14.2474,14.4383,8e+06
MRO,1112967000,14.5128,14.5516,14.2176,14.2414,7.2915e+06
MRO,1113226200,14.2414,14.4651,14.1699,14.4651,7.0152e+06
MRO,1113312600,14.4651,14.486,13.9223,14.0625,1.0754e+07
MRO,1113399000,13.9581,14.1072,13.5614,13.6091,1.05247e+07
MRO,1113485400,13.7583,13.9193,13.6569,13.6718,1.34484e+07
MRO,1113571800,13.7195,13.7434,13.0783,13.123,1.25086e+07
MRO,1113831000,13.0633,13.4213,12.9709,13.3944,9.3391e+06
MRO,1113917400,13.5048,13.7941,13.4809,13.7613,9.0735e+06
MRO,1114003800,13.8984,14.0088,13.6777,13.7493,9.4256e+06
MRO,1114090200,13.7493,14.0834,13.6777,14.0834,7.4011e+06
MRO,1114176600,14.1818,14.3995,14.0506,14.2981,8.4177e+06
MRO,1114435800,14.8767,15.3122,14.3906,14.4621,9.2754e+06
MRO,1114522200,14.6739,14.7604,14.2444,14.2802,9.7093e+06
MRO,1114608600,14.3906,14.3906,13.8686,14.0923,9.4578e+06
MRO,1114695000,13.7941,13.9342,13.63,13.6777,1.45532e+07
MRO,1114781400,13.7344,14.0625,13.6897,13.8895,9.4672e+06
MRO,1115040600,13.8895,14.2713,13.8418,14.2713,1.19577e+07
MRO,1115127000,14.2027,14.2116,13.8597,13.9313,6.8432e+06
MRO,1115213400,14.0177,14.2414,13.9134,14.1669,9.1312e+06
MRO,1115299800,14.3011,14.4204,14.1579,14.3428,6.7849e+06
MRO,1115386200,14.4592,14.6083,14.3846,14.4114,5.5389e+06
MRO,1115645400,14.4651,14.7246,14.4562,14.6978,6.3342e+06
MRO,1115731800,14.7336,14.82,14.4681,14.5128,6.9847e+06
MRO,1115818200,14.495,14.5695,14.3697,14.4562,1.06816e+07
MRO,1115904600,14.6232,14.6232,13.6002,13.7255,1.38427e+07
MRO,1115991000,13.809,13.8239,13.4123,13.5227,8.1468e+06
MRO,1116250200,13.4123,13.4958,13.0663,13.3318,1.07309e+07
MRO,1116336600,13.2423,13.5913,13.2423,13.5525,6.7084e+06
MRO,1116423000,13.633,13.8477,13.4988,13.6569,8.6709e+06
MRO,1116509400,13.5972,13.9581,13.5823,13.9313,7.32e+06
MRO,1116595800,13.809,13.9879,13.7404,13.7851,5.5886e+06
MRO,1116855000,13.5704,14.0774,13.5704,14.0476,6.466e+06
MRO,1116941400,14.1311,14.2414,14.0356,14.1788,4.4757e+06
MRO,1117027800,14.2056,14.3637,14.0565,14.2862,7.0575e+06
MRO,1117114200,14.313,14.4442,14.2653,14.4264,5.2543e+06
MRO,1117200600,14.4651,14.6143,14.3757,14.5844,4.115e+06
MRO,1117546200,14.5099,14.5546,14.2265,14.4621,7.3505e+06
MRO,1117632600,14.5099,14.8141,14.5099,14.7962,6.4982e+06
MRO,1117719000,14.7425,14.9065,14.6143,14.7813,6.9391e+06
MRO,1117805400,14.7932,14.9453,14.7664,14.9095,5.1346e+06
MRO,1118064600,14.9871,15.0229,14.7872,14.8827,5.3897e+06
MRO,1118151000,14.8827,15.0497,14.823,14.8499,6.003e+06
MRO,1118237400,14.82,15.2078,14.8021,15.0944,1.00449e+07
MRO,1118323800,15.1243,15.509,15.0974,15.4851,8.2735e+06
MRO,1118410200,15.509,15.512,15.3122,15.4911,7.5466e+06
MRO,1118669400,15.4225,15.506,15.3151,15.4404,6.0197e+06
MRO,1118755800,15.4643,15.5657,15.2853,15.5239,6.073e+06
MRO,1118842200,15.5836,15.8013,15.509,15.7357,6.7406e+06
MRO,1118928600,15.8013,16.0459,15.6462,16.028,8.7027e+06
MRO,1119015000,16.2845,16.5171,16.2039,16.3859,1.19409e+07
MRO,1119274200,16.4932,16.5678,16.198,16.2964,7.9497e+06
MRO,1119360600,16.2964,16.3173,15.7476,15.7625,1.00157e+07
MRO,1119447000,16.2099,16.3352,15.8222,16.1204,1.83024e+07
MRO,1119533400,16.2546,16.5529,16.0757,16.2397,1.01052e+07
MRO,1119619800,16.4187,16.532,16.2397,16.3381,7.4843e+06
MRO,1119879000,16.4157,16.6722,16.4157,16.5767,7.4139e+06
MRO,1119965400,16.5767,16.6125,16.019,16.0936,1.05042e+07
MRO,1120051800,16.0369,16.1592,15.7565,15.9444,1.27875e+07
MRO,1120138200,15.9355,16.4634,15.9176,15.9176,1.40291e+07
MRO,1120224600,16.1055,16.5827,16.0429,16.5648,1.33156e+07
MRO,1120570200,16.6394,16.9943,16.5827,16.9466,1.33877e+07
MRO,1120656600,17.0152,17.1494,16.4157,16.4455,1.82477e+07
MRO,1120743000,16.2845,16.8064,16.2218,16.7617,1.503e+07
MRO,1120829400,16.9406,16.9853,16.529,16.7408,1.1265e+07
MRO,1121088600,16.4037,16.8481,16.3978,16.8302,1.0982e+07
MRO,1121175000,16.9406,17.3224,16.8631,17.209,1.11155e+07
MRO,1121261400,17.3582,17.4357,17.1345,17.2001,9.5785e+06
MRO,1121347800,17.5282,17.5282,16.3888,16.6066,1.34511e+07
MRO,1121434200,16.6871,16.7438,16.3769,16.4723,9.9922e+06
MRO,1121693400,16.3143,16.3978,16.186,16.3113,9.2982e+06
MRO,1121779800,16.3173,16.5946,16.2188,16.5946,6.9166e+06
MRO,1121866200,16.5678,16.7467,16.3769,16.6752,7.1071e+06
MRO,1121952600,16.7318,16.866,16.4515,16.6781,8.5887e+06
MRO,1122039000,16.7557,17.1524,16.7497,17.1196,8.2933e+06
MRO,1122298200,17.1792,17.4596,17.0957,17.2955,1.07346e+07
MRO,1122384600,17.2985,17.3283,17.0748,17.2031,7.1926e+06
MRO,1122471000,17.221,17.3283,16.7795,17.2627,7.3341e+06
MRO,1122557400,17.5371,17.5997,17.2717,17.5938,1.31101e+07
MRO,1122643800,17.5968,17.6325,17.3492,17.4059,8.1579e+06
MRO,1122903000,17.5968,17.895,17.5699,17.7966,1.02632e+07
MRO,1122989400,17.9547,18.2827,17.9129,18.0859,1.1157e+07
MRO,1123075800,18.3185,18.3185,17.8831,17.9636,8.6135e+06
MRO,1123162200,17.9099,18.1336,17.895,17.9815,7.3585e+06
MRO,1123248600,17.9189,17.9487,17.5908,17.8831,5.5892e+06
MRO,1123507800,18.0352,18.581,18.0352,18.3155,9.788e+06
MRO,1123594200,18.4915,18.5511,18.2678,18.3841,7.7062e+06
MRO,1123680600,18.4915,18.7897,18.3662,18.7361,9.8387e+06
MRO,1123767000,18.7897,19.1387,18.7689,18.9896,1.11188e+07
MRO,1123853400,19.0373,19.0791,18.7897,18.912,7.7099e+06
MRO,1124112600,18.8076,18.8136,18.4468,18.572,8.0318e+06
MRO,1124199000,18.4915,18.5392,18.1247,18.1694,7.7622e+06
MRO,1124285400,18.0531,18.3394,17.4625,17.6206,1.20214e+07
MRO,1124371800,17.3134,17.6117,17.209,17.5818,1.11795e+07
MRO,1124458200,17.6832,17.9845,17.6653,17.9547,6.8258e+06
MRO,1124717400,18.059,18.235,17.7578,17.9696,6.64e+06
MRO,1124803800,18.0441,18.0918,17.5789,17.7817,8.2853e+06
MRO,1124890200,17.8562,18.0978,17.6952,17.9368,8.2142e+06
MRO,1124976600,17.8652,17.8652,17.7518,17.7638,5.9134e+06
MRO,1125063000,17.8592,17.9069,17.6564,17.6564,6.2246e+06
MRO,1125322200,18.1157,18.1157,17.5908,17.9218,8.1924e+06
MRO,1125408600,17.9904,18.5303,17.9636,18.4885,1.12261e+07
MRO,1125495000,18.5183,19.3564,18.5064,19.1805,1.78199e+07
MRO,1125581400,19.3862,20.1289,19.1805,19.9291,1.70665e+07
MRO,1125667800,19.7591,19.771,19.3027,19.4071,8.5649e+06
MRO,1126013400,19.267,19.6219,19.2192,19.595,8.0352e+06
MRO,1126099800,19.5205,19.9291,19.3982,19.6875,8.1575e+06
MRO,1126186200,19.8933,19.9171,19.5175,19.5771,8.2692e+06
MRO,1126272600,19.7292,20.2184,19.7084,20.2064,7.6509e+06
MRO,1126531800,20.2512,20.3854,19.7561,19.9649,1.19423e+07
MRO,1126618200,20.0573,20.0871,19.7442,19.8127,1.19647e+07
MRO,1126704600,19.9708,20.1587,19.7263,20.0245,8.5096e+06
MRO,1126791000,20.1856,20.3556,19.8038,20.111,7.7025e+06
MRO,1126877400,20.2213,20.2929,20.0066,20.281,9.6962e+06
MRO,1127136600,20.5703,20.8477,20.5643,20.6389,8.9904e+06
MRO,1127223000,20.5494,20.6478,20.1945,20.4122,1.01186e+07
MRO,1127309400,20.8328,21.131,20.5912,21.125,1.18129e+07
MRO,1127395800,21.5486,21.6768,20.4242,21.0207,1.48311e+07
MRO,1127482200,20.8775,20.9073,20.3078,20.451,8.5166e+06
MRO,1127741400,20.3556,20.8298,20.281,20.7552,9.6301e+06
MRO,1127827800,20.7105,20.8924,20.5047,20.8477,7.7689e+06
MRO,1127914200,21.0117,21.0803,20.5822,20.9521,9.6928e+06
MRO,1128000600,21.0266,21.128,20.6389,20.8566,8.8271e+06
MRO,1128087000,20.8536,20.9789,20.5226,20.5584,7.0963e+06
MRO,1128346200,20.7135,20.8686,20.4391,20.6419,7.2965e+06
MRO,1128432600,20.287,20.3407,19.2848,19.3445,1.66119e+07
MRO,1128519000,19.3922,19.4757,18.1694,18.2141,2.12734e+07
MRO,1128605400,18.1187,18.4617,17.4924,17.8801,2.16569e+07
MRO,1128691800,18.4468,18.7629,18.2768,18.5959,1.32476e+07
MRO,1128951000,18.5959,18.5959,18.1575,18.5064,9.6271e+06
MRO,1129037400,18.8196,19.2938,18.7152,18.9627,9.8222e+06
MRO,1129123800,18.9687,19.1357,18.3603,18.5482,8.301e+06
MRO,1129210200,18.4915,18.4915,17.4804,17.8652,1.3616e+07
MRO,1129296600,17.5669,17.9338,17.3134,17.8204,1.60854e+07
MRO,1129555800,18.0143,18.3722,17.7727,18.3245,1.08727e+07
MRO,1129642200,18.1634,18.402,17.555,17.558,1.2351e+07
MRO,1129728600,18.0769,18.0769,17.0271,17.901,1.51413e+07
MRO,1129815000,17.7011,17.7906,16.526,16.7855,1.5102e+07
MRO,1129901400,17.3074,17.4387,16.6573,17.0957,1.37052e+07
MRO,1130160600,17.042,17.7906,17.0032,17.7757,9.4068e+06
MRO,1130247000,17.8443,18.2529,17.558,18.1247,9.6472e+06
MRO,1130333400,18.238,18.8613,18.0203,18.2171,1.13616e+07
MRO,1130419800,18.0739,18.1545,17.0748,17.0838,1.28499e+07
MRO,1130506200,17.3134,17.9696,17.0331,17.8771,1.17673e+07
MRO,1130769000,17.895,18.2976,17.6743,17.9427,9.5674e+06
MRO,1130855400,17.6564,18.0531,17.6445,17.7966,1.03359e+07
MRO,1130941800,17.8473,18.3543,17.7608,18.3543,9.6935e+06
MRO,1131028200,18.4408,18.9329,18.3961,18.8285,1.07222e+07
MRO,1131114600,18.7301,18.8196,17.9994,18.1724,8.3269e+06
MRO,1131373800,18.1634,18.1634,17.5043,17.5908,1.15044e+07
MRO,1131460200,17.5431,17.9547,17.5162,17.7906,6.7238e+06
MRO,1131546600,17.7459,18.1306,17.3253,17.6564,9.5047e+06
MRO,1131633000,17.4178,17.4178,16.7318,16.8004,1.59899e+07
MRO,1131719400,16.8332,17.1971,16.8302,17.0748,7.8997e+06
MRO,1131978600,17.2538,17.4148,17.1553,17.391,1.02239e+07
MRO,1132065000,17.218,17.4417,16.9883,17.036,1.31919e+07
MRO,1132151400,17.0688,17.5013,16.9674,17.4118,8.8737e+06
MRO,1132237800,17.6266,17.731,17.2388,17.4953,9.4839e+06
MRO,1132324200,17.7399,17.7429,17.2836,17.6027,8.7993e+06
MRO,1132583400,17.6982,17.8354,17.4297,17.8234,7.2325e+06
MRO,1132669800,17.9845,18.3364,17.9308,18.238,9.833e+06
MRO,1132756200,18.0292,18.2857,17.8831,18.1097,6.6008e+06
MRO,1132929000,18.1933,18.3125,18.0889,18.1933,2.1495e+06
MRO,1133188200,17.8652,17.9278,17.2388,17.2597,1.09931e+07
MRO,1133274600,17.4924,17.6803,17.382,17.4804,7.9131e+06
MRO,1133361000,17.6266,17.892,17.5103,17.6832,8.7607e+06
MRO,1133447400,17.7906,18.2827,17.7846,18.232,7.2727e+06
MRO,1133533800,18.1694,18.4975,17.8622,18.1306,7.0055e+06
MRO,1133793000,18.2231,18.5362,18.1873,18.405,9.6328e+06
MRO,1133879400,18.2827,18.6645,18.2022,18.3513,1.31728e+07
MRO,1133965800,18.4766,18.5333,18.1187,18.3394,1.12103e+07
MRO,1134052200,18.4855,18.6705,18.2738,18.6168,1.04865e+07
MRO,1134138600,18.569,18.6645,18.3125,18.405,8.7879e+06
MRO,1134397800,18.4915,18.7271,18.3125,18.4527,1.30772e+07
MRO,1134484200,18.4915,18.7719,18.4229,18.4706,9.8849e+06
MRO,1134570600,18.4468,19.1685,18.4468,19.1596,1.26719e+07
MRO,1134657000,19.1447,19.1447,18.5929,18.754,8.4435e+06
MRO,1134743400,18.7629,18.7748,18.3424,18.4289,1.2118e+07
MRO,1135002600,18.4796,18.6436,18.2469,18.3215,7.4534e+06
MRO,1135089000,18.3871,18.4915,18.2827,18.3215,7.8655e+06
MRO,1135175400,18.3961,18.6555,18.3334,18.4736,6.0097e+06
MRO,1135261800,18.5362,18.7897,18.4736,18.6466,6.6692e+06
MRO,1135348200,18.4796,18.6913,18.1873,18.5392,3.731e+06
MRO,1135693800,18.4438,18.4915,17.7608,17.8831,7.5165e+06
MRO,1135780200,18.0083,18.4348,17.9547,18.2827,7.1034e+06
MRO,1135866600,18.2917,18.4885,18.062,18.1038,4.6437e+06
MRO,1135953000,18.3424,18.3424,18.0262,18.1843,8.0301e+06
MRO,1136298600,18.5362,19.4578,18.4945,19.4578,1.48851e+07
MRO,1136385000,19.1506,19.765,19.1148,19.7143,1.19165e+07
MRO,1136471400,19.595,19.7382,19.2043,19.6487,1.05129e+07
MRO,1136557800,19.8634,20.1915,19.8157,19.8903,9.1248e+06
MRO,1136817000,19.9231,20.3585,19.7859,20.2691,9.6358e+06
MRO,1136903400,20.2512,20.8835,20.2512,20.7284,1.52865e+07
MRO,1136989800,20.4599,21.0952,20.3019,20.8417,1.19979e+07
MRO,1137076200,21.1161,21.3129,20.5852,20.6687,1.03235e+07
MRO,1137162600,20.5643,21.31,20.5614,21.2712,8.1069e+06
MRO,1137508200,21.5098,21.6738,21.1758,21.3517,1.12898e+07
MRO,1137594600,21.3845,21.4293,20.958,21.307,1.26548e+07
MRO,1137681000,21.468,21.6082,21.2205,21.5784,1.29193e+07
MRO,1137767400,21.7872,22.1033,21.4501,21.6589,1.06977e+07
MRO,1138026600,21.6201,21.9214,21.474,21.638,8.7751e+06
MRO,1138113000,21.474,22.0198,21.4442,21.7245,9.8953e+06
MRO,1138199400,21.8766,22.1003,21.1161,21.4621,1.1321e+07
MRO,1138285800,21.9065,22.1272,21.2384,21.6231,1.51423e+07
MRO,1138372200,21.7901,22.4344,21.7722,22.3807,1.12073e+07
MRO,1138631400,22.7416,23.1979,22.6282,22.831,1.0001e+07
MRO,1138717800,22.7088,23.1084,22.5805,22.9265,9.4994e+06
MRO,1138804200,22.9354,23.2098,22.5268,22.6461,1.15463e+07
MRO,1138890600,22.503,22.8161,21.5247,21.808,1.39232e+07
MRO,1138977000,21.3905,21.6172,21.0475,21.3577,1.17367e+07
MRO,1139236200,21.5575,21.9214,21.5366,21.823,1.03181e+07
MRO,1139322600,21.5396,21.5486,20.7224,20.8298,1.07718e+07
MRO,1139409000,21.1608,21.1608,20.2363,20.6836,1.34283e+07
MRO,1139495400,20.8328,21.0594,20.1915,20.2512,1.14008e+07
MRO,1139581800,20.4003,20.5196,19.3564,19.8127,1.75104e+07
MRO,1139841000,19.774,20.6091,19.774,20.114,1.18689e+07
MRO,1139927400,19.5384,19.9827,19.5354,19.8426,1.35604e+07
MRO,1140013800,20.108,20.5763,19.8813,20.1408,1.3217e+07
MRO,1140100200,20.2512,20.8179,20.2482,20.7224,1.22605e+07
MRO,1140186600,21.1608,21.3428,21.0654,21.2145,1.19366e+07
MRO,1140532200,21.4233,21.7096,21.1758,21.1758,1.08164e+07
MRO,1140618600,21.0505,21.2294,20.8626,21.1579,1.03892e+07
MRO,1140705000,21.1579,21.5724,20.9849,21.2324,9.1118e+06
MRO,1140791400,21.5187,21.6768,21.5098,21.5366,7.1892e+06
MRO,1141050600,21.4442,21.5814,21.2503,21.3219,7.8182e+06
MRO,1141137000,21.2801,21.2801,20.8715,21.0564,8.7101e+06
MRO,1141223400,21.1758,21.6231,21.0893,21.6201,7.4521e+06
MRO,1141309800,21.6231,21.8438,21.5128,21.6679,8.8908e+06
MRO,1141396200,21.4591,21.8707,21.4501,21.5754,8.2994e+06
MRO,1141655400,21.471,21.471,20.7522,20.8149,8.467e+06
MRO,1141741800,20.8298,20.8775,20.3049,20.5584,1.22585e+07
MRO,1141828200,20.4242,21.0147,20.2333,20.7373,9.7347e+06
MRO,1141914600,20.8864,21.0803,20.4689,20.5226,1.16727e+07
MRO,1142001000,20.3257,20.8775,20.1528,20.7284,8.3517e+06
MRO,1142260200,20.8686,21.2921,20.8686,21.1996,9.726e+06
MRO,1142346600,21.1996,21.8498,21.0594,21.808,9.2315e+06
MRO,1142433000,21.653,22.3091,21.5993,22.2852,1.11996e+07
MRO,1142519400,22.2644,23.2277,22.2644,23.1233,1.45756e+07
MRO,1142605800,23.2635,23.2635,22.6998,22.7744,9.8008e+06
MRO,1142865000,22.7416,22.8519,22.2495,22.2852,7.2194e+06
MRO,1142951400,22.2137,22.667,22.0317,22.5716,1.34474e+07
MRO,1143037800,22.5716,22.8579,22.3896,22.7386,1.14155e+07
MRO,1143124200,23.0368,23.1889,22.9205,22.9981,1.05532e+07
MRO,1143210600,23.001,23.5021,22.9742,23.0547,1.7609e+07
MRO,1143469800,23.1293,23.3172,22.8758,23.3082,1.01981e+07
MRO,1143556200,23.5021,23.6691,23.1502,23.2635,9.0045e+06
MRO,1143642600,23.2516,23.2605,22.7714,22.9533,1.70554e+07
MRO,1143729000,22.834,23.3053,22.8042,22.9682,9.1088e+06
MRO,1143815400,22.7863,22.8459,22.3509,22.7177,9.2616e+06
MRO,1144071000,22.8668,23.2933,22.7267,22.8758,8.3929e+06
MRO,1144157400,22.8012,23.3202,22.7296,23.2993,7.7357e+06
MRO,1144243800,23.3351,23.8361,23.2516,23.7556,9.6945e+06
MRO,1144330200,23.8898,23.8898,23.3202,23.6423,1.04395e+07
MRO,1144416600,23.5618,23.7556,23.1233,23.2933,7.7378e+06
MRO,1144675800,23.5767,23.8242,23.52,23.6035,5.6774e+06
MRO,1144762200,23.8302,24.0449,23.5021,23.6393,1.024e+07
MRO,1144848600,23.6065,23.854,23.2933,23.6453,8.0516e+06
MRO,1144935000,23.4424,23.7974,23.3351,23.7616,5.2167e+06
MRO,1145280600,24.0479,24.6026,23.9077,24.5669,7.6261e+06
MRO,1145367000,24.8144,25.229,24.6444,25.2081,1.20717e+07
MRO,1145453400,25.053,25.3512,24.8144,25.2081,9.6915e+06
MRO,1145539800,25.1425,25.3304,24.537,25.2528,1.10387e+07
MRO,1145626200,25.4676,25.8135,25.1365,25.6614,9.7066e+06
MRO,1145885400,25.56,25.572,24.889,25.0083,9.2187e+06
MRO,1145971800,25.2558,25.5153,24.379,24.6921,1.39342e+07
MRO,1146058200,24.6444,25.2856,24.2209,24.4237,1.34702e+07
MRO,1146144600,23.86,24.4326,23.2903,23.4365,1.47517e+07
MRO,1146231000,23.6065,24.0389,23.4872,23.6691,1.18615e+07
MRO,1146490200,23.9196,24.4326,23.8958,24.197,8.1056e+06
MRO,1146576600,24.367,24.5877,24.0121,24.5072,9.7592e+06
MRO,1146663000,24.3909,24.543,23.8421,24.1463,8.245e+06
MRO,1146749400,24.0389,24.4297,23.5468,24.0091,1.27728e+07
MRO,1146835800,24.1433,24.3849,23.9793,24.2328,1.1268e+07
MRO,1147095000,23.8302,24.1523,23.6661,24.1046,9.0756e+06
MRO,1147181400,24.0091,24.3044,23.8242,24.1135,1.24006e+07
MRO,1147267800,24.0598,24.4684,23.9167,24.4505,8.8895e+06
MRO,1147354200,24.7846,24.9069,23.9405,24.0509,9.7505e+06
MRO,1147440600,23.9614,24.0091,23.3261,23.3709,1.1436e+07
MRO,1147699800,22.3687,22.8251,22.0347,22.4433,1.40425e+07
MRO,1147786200,22.5179,23.2784,22.4731,22.8817,1.31872e+07
MRO,1147872600,22.8519,23.1144,21.9363,22.318,1.26249e+07
MRO,1147959000,22.3687,22.67,22.1779,22.2823,1.22273e+07
MRO,1148045400,22.3002,22.7654,21.8945,22.5179,1.35051e+07
MRO,1148304600,21.9065,22.0705,21.0654,21.6022,2.07138e+07
MRO,1148391000,22.1779,22.9175,22.0526,22.1212,1.58591e+07
MRO,1148477400,21.7931,22.2196,21.3249,21.8766,1.16083e+07
MRO,1148563800,22.4642,22.9474,22.2614,22.5805,1.38326e+07
MRO,1148650200,22.5805,22.7624,22.3956,22.667,6.5478e+06
MRO,1148995800,22.8459,23.0368,22.1421,22.2137,8.6417e+06
MRO,1149082200,22.1451,22.4105,21.8438,22.3837,1.26806e+07
MRO,1149168600,22.2942,22.9503,22.1659,22.9086,1.08486e+07
MRO,1149255000,23.1114,23.4902,22.8012,23.3798,9.0943e+06
MRO,1149514200,23.7109,23.7884,22.837,22.9653,1.3777e+07
MRO,1149600600,22.667,23.347,22.667,22.9682,1.155e+07
MRO,1149687000,22.8698,22.8728,22.0794,22.1123,1.05575e+07
MRO,1149773400,21.817,22.2345,21.1787,22.1898,1.50404e+07
MRO,1149859800,22.2226,22.3389,21.5724,21.8826,1.18662e+07
MRO,1150119000,22.0705,22.1987,21.5038,21.5575,1.17777e+07
MRO,1150205400,21.2265,21.4859,20.6926,20.8268,1.26112e+07
MRO,1150291800,20.8715,21.4621,20.8715,21.4054,1.13143e+07
MRO,1150378200,21.5784,22.4433,21.5098,22.318,1.03074e+07
MRO,1150464600,22.2435,22.4016,21.7484,22.2345,9.5728e+06
MRO,1150723800,22.1898,22.2763,21.2622,21.4203,1.0182e+07
MRO,1150810200,21.5486,21.8558,21.3398,21.4233,7.951e+06
MRO,1150896600,21.4561,22.4016,21.4561,22.1152,9.0202e+06
MRO,1150983000,22.1451,22.4314,21.9124,22.333,7.4953e+06
MRO,1151069400,22.5,22.9623,22.4344,22.8817,9.1118e+06
MRO,1151328600,22.8817,23.0667,22.6252,22.9295,6.4268e+06
MRO,1151415000,23.1084,24.1374,23.0726,23.8033,1.75859e+07
MRO,1151501400,23.8988,24.4505,23.8779,24.3969,1.05418e+07
MRO,1151587800,24.534,25.0112,24.4833,24.9188,1.19175e+07
MRO,1151674200,24.7428,25.05,24.5847,24.8442,8.7037e+06
MRO,1151933400,25.0232,25.0232,24.7816,24.8353,5.7367e+06
MRO,1152106200,24.7219,25.3751,24.4893,25.3244,1.4402e+07
MRO,1152192600,25.2797,25.7032,25.1723,25.6256,1.33679e+07
MRO,1152279000,25.8792,26.2907,25.5034,25.569,1.47463e+07
MRO,1152538200,25.3721,25.8613,25.2409,25.6077,8.5133e+06
MRO,1152624600,25.8225,26.583,25.7092,26.4339,1.04851e+07
MRO,1152711000,26.413,26.5085,25.736,25.8135,1.50437e+07
MRO,1152797400,25.9478,26.2579,25.5779,25.9179,1.17763e+07
MRO,1152883800,26.1834,26.2669,25.6286,26.2042,1.12523e+07
MRO,1153143000,26.0372,26.1834,25.0291,25.3363,1.07785e+07
MRO,1153229400,25.6256,25.9478,25.223,25.7092,1.08925e+07
MRO,1153315800,25.727,26.082,25.5541,25.8732,1.19376e+07
MRO,1153402200,26.0313,26.1834,25.4437,25.4527,1.12841e+07
MRO,1153488600,25.6286,25.6286,24.9725,25.0918,1.04791e+07
MRO,1153747800,25.0828,26.3295,25.0112,26.1804,9.1e+06
MRO,1153834200,26.4995,26.7292,26.0193,26.5413,1.04942e+07
MRO,1153920600,26.6337,27.3048,26.3832,27.096,1.44945e+07
MRO,1154007000,27.3286,27.5822,26.5741,26.6874,1.36479e+07
MRO,1154093400,26.5771,26.932,26.1834,26.6486,1.00774e+07
MRO,1154352600,26.7023,27.096,26.3474,27.0334,1.03547e+07
MRO,1154439000,27.439,27.8208,26.6964,27.0036,1.85562e+07
MRO,1154525400,26.8783,27.1885,26.1834,26.4279,1.53847e+07
MRO,1154611800,26.0671,26.2639,25.7748,25.8434,1.6183e+07
MRO,1154698200,25.8941,26.1267,25.5481,26.0074,1.49032e+07
MRO,1154957400,26.3444,26.7023,26.0253,26.4697,1.15825e+07
MRO,1155043800,26.4697,27.3078,26.413,26.9857,1.29934e+07
MRO,1155130200,27.2451,27.7343,27.0364,27.4957,1.35916e+07
MRO,1155216600,27.2392,27.5076,26.7769,27.1736,1.38739e+07
MRO,1155303000,27.1736,27.2392,26.4727,26.6486,1.12751e+07
MRO,1155562200,26.3951,26.3981,25.56,25.7479,1.11912e+07
MRO,1155648600,26.076,26.2788,25.5749,26.2013,1.04281e+07
MRO,1155735000,26.24,26.8425,26.1028,26.3951,1.65549e+07
MRO,1155821400,26.243,26.2609,25.56,25.7539,1.26819e+07
MRO,1155907800,25.2648,26.0492,25.2648,26.0104,1.45374e+07
MRO,1156167000,26.3086,26.9499,26.252,26.8246,1.28673e+07
MRO,1156253400,26.8723,27.3137,26.8067,27.2302,1.12734e+07
MRO,1156339800,27.1408,27.26,26.7232,26.9171,1.2756e+07
MRO,1156426200,26.9141,27.3406,26.6934,27.3078,9.1208e+06
MRO,1156512600,27.4241,27.6358,27.1258,27.4778,9.4243e+06
MRO,1156771800,26.9707,27.1378,26.6755,26.7441,9.6174e+06
MRO,1156858200,26.4548,26.5234,26.0462,26.2162,1.44526e+07
MRO,1156944600,26.07,26.0909,25.056,25.3214,1.9668e+07
MRO,1157031000,25.3214,25.3214,24.7995,24.9039,1.39399e+07
MRO,1157117400,25.1544,25.3483,24.9188,25.3483,1.07242e+07
MRO,1157463000,25.053,25.1126,24.5132,24.7846,1.61659e+07
MRO,1157549400,24.546,24.5609,23.5319,23.7198,2.09834e+07
MRO,1157635800,23.6721,24.0002,23.3828,23.6989,1.77649e+07
MRO,1157722200,23.5916,23.9346,22.9891,23.0398,1.52204e+07
MRO,1157981400,22.8758,22.8907,22.0019,22.333,2.38373e+07
MRO,1158067800,22.2495,22.5895,21.8975,22.2495,2.06866e+07
MRO,1158154200,22.4284,22.7803,22.2972,22.5238,1.80975e+07
MRO,1158240600,22.5179,22.6312,21.9273,21.9423,1.7149e+07
MRO,1158327000,21.9094,21.9661,21.6052,21.8349,1.61793e+07
MRO,1158586200,21.8945,22.5686,21.8945,22.5298,1.7157e+07
MRO,1158672600,22.6103,22.6849,21.6321,21.9035,1.54528e+07
MRO,1158759000,21.7096,22.0258,21.0684,21.0952,2.31483e+07
MRO,1158845400,21.1758,21.6231,21.1758,21.3845,2.02326e+07
MRO,1158931800,21.5486,21.6142,21.0564,21.2354,1.25961e+07
MRO,1159191000,20.97,21.4591,20.5285,21.2712,2.10786e+07
MRO,1159277400,21.2205,22.0973,21.1758,22.0645,2.03869e+07
MRO,1159363800,22.3658,22.7923,21.99,22.7624,2.46873e+07
MRO,1159450200,22.837,23.0309,22.491,22.667,1.75453e+07
MRO,1159536600,22.6014,23.0846,22.5358,22.9354,1.1833e+07
MRO,1159795800,22.9265,23.2188,22.5238,22.5626,1.40637e+07
MRO,1159882200,22.2823,22.2823,21.4114,21.4561,2.05656e+07
MRO,1159968600,21.6679,22.0556,21.0714,22.0526,2.3546e+07
MRO,1160055000,22.3717,22.7028,22.2584,22.497,2.6179e+07
MRO,1160141400,22.5179,22.9235,22.1928,22.9235,1.73123e+07
MRO,1160400600,23.2337,23.2993,22.7177,22.8012,1.45629e+07
MRO,1160487000,22.6968,23.7974,22.673,23.7079,2.66283e+07
MRO,1160573400,23.4096,23.8451,23.344,23.5856,1.79222e+07
MRO,1160659800,23.7735,24.0091,23.4663,23.9465,1.93307e+07
MRO,1160746200,24.0837,25.0381,24.0598,24.7935,2.08033e+07
MRO,1161005400,24.7219,25.4616,24.7219,25.387,1.32181e+07
MRO,1161091800,25.3363,25.3721,24.9963,25.2737,1.1101e+07
MRO,1161178200,25.3662,25.6346,24.7786,25.217,1.57005e+07
MRO,1161264600,25.3334,25.733,25.0172,25.733,1.54702e+07
MRO,1161351000,25.8881,25.9597,25.5779,25.8374,1.26762e+07
MRO,1161610200,25.5004,26.0313,25.5004,26.0313,1.20476e+07
MRO,1161696600,25.8583,26.0641,25.7509,25.9985,1.4758e+07
MRO,1161783000,25.7986,26.3862,25.7718,26.1267,1.87735e+07
MRO,1161869400,26.3951,26.413,25.8583,25.897,1.49545e+07
MRO,1161955800,25.9179,26.1416,25.6793,25.7539,8.8244e+06
MRO,1162218600,25.6256,25.906,25.3841,25.4377,1.22031e+07
MRO,1162305000,25.2141,25.7688,24.6295,25.7688,2.31849e+07
MRO,1162391400,25.9418,25.9478,25.2111,25.6406,1.61656e+07
MRO,1162477800,25.5004,25.7509,25.217,25.6465,1.26873e+07
MRO,1162564200,25.7688,26.5532,25.7658,26.4041,1.34115e+07
MRO,1162823400,26.243,26.8485,26.0342,26.7709,1.41274e+07
MRO,1162909800,26.6874,26.6993,26.0969,26.2878,1.03922e+07
MRO,1162996200,26.1327,26.5741,26.0909,26.3534,1.24358e+07
MRO,1163082600,26.4607,26.8813,26.3713,26.6904,1.2987e+07
MRO,1163169000,26.6486,26.935,26.2132,26.3921,1.02511e+07
MRO,1163428200,26.1327,26.9171,26.0193,26.6337,1.0638e+07
MRO,1163514600,26.5592,26.7709,26.3892,26.6635,1.0068e+07
MRO,1163601000,26.8127,27.0543,26.586,26.7978,1.27701e+07
MRO,1163687400,26.9469,27.0006,25.8135,25.909,1.47701e+07
MRO,1163773800,25.7986,26.5651,25.6048,26.5413,1.66863e+07
MRO,1164033000,26.4607,26.8276,26.416,26.5681,1.22913e+07
MRO,1164119400,26.7679,27.2779,26.7351,27.2153,1.1206e+07
MRO,1164205800,27.1378,27.3108,26.7202,27.0662,1.03805e+07
MRO,1164378600,27.0215,27.4092,26.9976,27.2272,3.9537e+06
MRO,1164637800,27.5434,27.7104,27.2541,27.3674,1.32516e+07
MRO,1164724200,27.436,27.8744,27.272,27.4211,1.4804e+07
MRO,1164810600,27.5881,28.4978,27.5643,28.2085,1.99336e+07
MRO,1164897000,28.0355,28.3188,27.8595,28.1488,2.11547e+07
MRO,1164983400,28.0892,28.6529,27.6716,28.5276,1.65669e+07
MRO,1165242600,28.4381,28.6171,28.2323,28.462,1.21109e+07
MRO,1165329000,28.5067,28.7364,28.0743,28.3606,1.38571e+07
MRO,1165415400,28.3039,28.8378,28.2443,28.5753,1.35718e+07
MRO,1165501800,28.3069,28.3934,27.9073,27.9788,1.3445e+07
MRO,1165588200,28.1876,28.3516,27.8983,27.955,8.5069e+06
MRO,1165847400,27.8864,28.3039,27.776,28.0295,7.7448e+06
MRO,1165933800,27.9371,28.2532,27.7134,27.8923,8.9709e+06
MRO,1166020200,27.8267,28.4709,27.8267,28.3367,1.0866e+07
MRO,1166106600,28.4799,29.4462,28.1816,29.1003,1.60006e+07
MRO,1166193000,29.1003,29.3657,28.4829,28.4829,1.7321e+07
MRO,1166452200,28.465,28.5306,27.5762,27.5762,1.30347e+07
MRO,1166538600,27.5583,28.4232,27.1795,28.3636,1.25622e+07
MRO,1166625000,28.3964,28.4292,27.8118,27.8983,9.3136e+06
MRO,1166711400,28.0116,28.2711,27.1616,27.3823,1.24704e+07
MRO,1166797800,27.3436,27.5881,27.0274,27.0722,7.1698e+06
MRO,1167143400,27.4897,27.4897,26.932,27.1467,5.0018e+06
MRO,1167229800,27.3257,27.7074,27.1437,27.6478,5.4001e+06
MRO,1167316200,27.5762,27.8983,27.3674,27.776,7.2214e+06
MRO,1167402600,27.6776,27.8148,27.4748,27.5881,5.1302e+06
MRO,1167834600,27.2899,27.2899,25.906,26.0521,1.86306e+07
MRO,1167921000,25.9478,25.9478,25.0679,25.1246,2.14923e+07
MRO,1168007400,25.1276,25.7599,25.053,25.6256,1.89864e+07
MRO,1168266600,25.9478,26.1714,25.3751,25.8702,1.37062e+07
MRO,1168353000,25.3363,25.9328,25.0739,25.5928,1.77347e+07
MRO,1168439400,25.3274,25.5302,24.9039,25.3214,1.61022e+07
MRO,1168525800,25.1872,25.9149,24.7547,24.883,1.78883e+07
MRO,1168612200,25.1723,25.9537,24.9635,25.8792,1.5087e+07
MRO,1168957800,25.5898,25.9746,25.2648,25.402,1.21401e+07
MRO,1169044200,25.4944,25.909,25.402,25.6555,1.2172e+07
MRO,1169130600,25.9328,26.0999,24.9874,25.4049,1.4233e+07
MRO,1169217000,25.56,25.9985,25.393,25.9985,1.06216e+07
MRO,1169476200,26.1088,26.2997,25.8106,26.0939,1.20928e+07
MRO,1169562600,26.2102,26.9916,26.2102,26.9081,1.31185e+07
MRO,1169649000,26.7888,27.0751,26.2758,27.0662,1.15215e+07
MRO,1169735400,27.0215,27.0543,26.2758,26.5025,9.1527e+06
MRO,1169821800,26.6069,26.8693,26.3713,26.4906,8.1673e+06
MRO,1170081000,26.3355,26.7202,25.9209,26.0074,1.6974e+07
MRO,1170167400,26.1863,26.7023,26.1863,26.6367,8.7782e+06
MRO,1170253800,26.4548,26.9737,26.246,26.9439,1.09837e+07
MRO,1170340200,26.7381,27.3316,26.5055,27.1139,1.69394e+07
MRO,1170426600,27.1736,27.2153,26.4995,26.7292,1.11929e+07
MRO,1170685800,26.8067,27.0095,26.7292,26.8992,8.5958e+06
MRO,1170772200,27.0364,27.1169,26.4697,26.7023,7.8045e+06
MRO,1170858600,26.6814,27.1109,26.4488,26.6188,1.00154e+07
MRO,1170945000,26.8067,27.609,26.7172,27.4927,1.53589e+07
MRO,1171031400,27.4241,27.7194,27.093,27.1795,8.8217e+06
MRO,1171290600,27.0662,27.2302,26.7083,26.8485,8.3782e+06
MRO,1171377000,27.1467,27.5762,27.0364,27.5553,7.9158e+06
MRO,1171463400,27.5553,27.8864,27.442,27.6776,9.2777e+06
MRO,1171549800,27.4569,27.7253,27.0453,27.2213,9.5155e+06
MRO,1171636200,27.0215,27.2779,26.9946,27.1497,8.7815e+06
MRO,1171981800,26.9618,26.9946,26.6457,26.9648,7.8873e+06
MRO,1172068200,26.8843,27.5106,26.8634,27.3823,1.07859e+07
MRO,1172154600,27.4986,27.6895,27.1974,27.4748,1.01009e+07
MRO,1172241000,27.5643,27.8983,27.5195,27.615,7.5235e+06
MRO,1172500200,27.6716,28.0773,27.618,27.6627,7.7046e+06
MRO,1172586600,27.3585,27.8804,26.4786,26.7769,1.58461e+07
MRO,1172673000,26.8067,27.272,26.7978,27.0572,1.37961e+07
MRO,1172759400,26.7829,27.5344,26.4249,27.1795,1.23359e+07
MRO,1172845800,27.0364,27.1795,26.5443,26.6158,9.9513e+06
MRO,1173105000,26.2042,26.8007,26.1118,26.595,1.45089e+07
MRO,1173191400,26.8425,27.2153,26.7888,27.1557,9.5916e+06
MRO,1173277800,27.1825,28.2443,27.0722,27.7432,1.4178e+07
MRO,1173364200,27.9341,28.2771,27.7522,28.0802,1.40395e+07
MRO,1173450600,28.1846,28.3725,27.9967,28.2532,1.24905e+07
MRO,1173706200,27.949,28.1399,27.7402,27.8923,1.14772e+07
MRO,1173792600,27.8595,28.2443,27.3316,27.3913,1.15661e+07
MRO,1173879000,27.7134,27.8595,27.0304,27.8595,1.59792e+07
MRO,1173965400,28.1548,28.3516,27.8864,28.0057,1.81505e+07
MRO,1174051800,28.125,28.1548,27.6358,27.8237,1.44667e+07
MRO,1174311000,28.0355,28.4829,27.9609,28.4829,1.58461e+07
MRO,1174397400,28.4471,29.2285,28.3308,29.2285,1.79701e+07
MRO,1174483800,29.5983,29.6729,29.0525,29.5983,1.59943e+07
MRO,1174570200,29.6162,30.8062,29.6013,30.2634,2.05971e+07
MRO,1174656600,30.335,30.6571,30.0606,30.159,1.39647e+07
MRO,1174915800,30.2843,30.7048,29.9771,30.5885,1.43601e+07
MRO,1175002200,30.5885,30.8599,30.3768,30.5438,1.34581e+07
MRO,1175088600,30.7078,30.8361,30.3469,30.511,1.42078e+07
MRO,1175175000,30.7436,30.8599,30.3141,30.3797,1.50055e+07
MRO,1175261400,30.4573,30.4573,29.4522,29.476,1.55584e+07
MRO,1175520600,29.5238,30.0964,29.5178,29.9622,1.2805e+07
MRO,1175607000,29.4552,30.1232,29.2285,30.0397,1.1097e+07
MRO,1175693400,29.9831,30.5378,29.7385,30.4215,1.65599e+07
MRO,1175779800,30.6601,30.7854,30.4215,30.6571,1.05032e+07
MRO,1176125400,30.678,31.0866,30.2873,30.4006,1.38377e+07
MRO,1176211800,30.5706,30.6452,29.8846,30.2306,1.54226e+07
MRO,1176298200,30.1561,30.7197,30.0338,30.2276,1.36083e+07
MRO,1176384600,30.4245,30.7168,30.1411,30.5557,1.23041e+07
MRO,1176471000,30.7108,30.851,30.2187,30.4185,1.24496e+07
MRO,1176730200,30.4245,30.6541,30.0785,30.4811,9.3773e+06
MRO,1176816600,30.5676,30.6601,29.5536,29.8041,1.37267e+07
MRO,1176903000,29.7236,30.2754,29.652,30.2187,1.6687e+07
MRO,1176989400,30.0875,30.2127,29.7713,29.9801,9.6563e+06
MRO,1177075800,29.9532,30.0308,29.4969,29.989,1.65012e+07
MRO,1177335000,29.831,30.3469,29.8101,29.9383,1.13666e+07
MRO,1177421400,29.7654,30.0517,29.6162,29.7594,9.2613e+06
MRO,1177507800,30.1083,30.8629,29.8011,30.5855,1.82051e+07
MRO,1177594200,30.8659,31.1671,30.5229,30.7794,1.4006e+07
MRO,1177680600,30.6631,30.9106,30.4513,30.6601,9.263e+06
MRO,1177939800,30.6899,31.1343,30.2873,30.2873,1.05505e+07
MRO,1178026200,30.3171,30.7257,30.0487,30.2038,1.50699e+07
MRO,1178112600,30.2485,30.5229,29.9682,30.5229,1.15004e+07
MRO,1178199000,30.3022,31.0478,30.1024,30.8927,1.23416e+07
MRO,1178285400,31.0777,31.4654,30.7794,31.1403,1.2e+07
MRO,1178544600,30.9852,31.2208,30.8301,31.1373,7.3327e+06
MRO,1178631000,31.1373,31.4982,30.9047,31.4415,1.20888e+07
MRO,1178717400,31.4177,31.8799,31.1373,31.7666,1.35108e+07
MRO,1178803800,31.7666,32.1364,31.1105,31.4803,1.34155e+07
MRO,1178890200,31.7606,32.1335,31.5548,32.0291,1.12113e+07
MRO,1179149400,32.1812,32.5778,32.0619,32.4854,1.51436e+07
MRO,1179235800,33.1952,33.4696,32.548,33.2429,2.03222e+07
MRO,1179322200,33.1207,33.3891,32.7568,33.3324,1.6243e+07
MRO,1179408600,33.2579,34.1228,33.2161,33.8365,1.22186e+07
MRO,1179495000,33.7052,34.2361,33.6247,34.1556,1.31399e+07
MRO,1179754200,34.5075,34.9191,34.2689,34.6179,1.73445e+07
MRO,1179840600,34.9161,35.2323,34.6924,34.6924,1.47704e+07
MRO,1179927000,34.8326,35.5574,34.7461,35.1458,1.53106e+07
MRO,1180013400,35.1935,35.7542,34.764,34.8952,1.88509e+07
MRO,1180099800,35.447,35.6737,35.2561,35.6707,1.08868e+07
MRO,1180445400,35.5902,35.8586,35.1786,35.4589,1.34538e+07
MRO,1180531800,35.441,36.5237,35.3068,36.4163,1.41696e+07
MRO,1180618200,36.5654,37.2097,36.473,36.9263,1.7725e+07
MRO,1180704600,36.9532,37.8688,36.9442,37.8062,1.43664e+07
MRO,1180963800,37.8121,38.4086,37.5348,38.2864,1.12687e+07
MRO,1181050200,38.0865,38.1611,37.5825,37.9553,1.46863e+07
MRO,1181136600,37.8807,37.9314,37.0277,37.2783,1.38558e+07
MRO,1181223000,37.147,37.9851,36.8041,36.8309,1.58008e+07
MRO,1181309400,36.8249,37.4334,36.5953,37.4155,1.1266e+07
MRO,1181568600,37.3409,37.5467,36.983,37.2574,1.03275e+07
MRO,1181655000,37.2216,37.4214,36.6519,36.6758,1.14611e+07
MRO,1181741400,37.0426,37.6302,36.8339,37.6063,9.6979e+06
MRO,1181827800,37.8599,38.4921,37.7734,38.4743,1.04325e+07
MRO,1181914200,38.6234,39.5658,38.5965,39.5211,1.78279e+07
MRO,1182173400,39.6076,39.9894,39.1543,39.1811,1.15252e+07
MRO,1182259800,38.5339,38.9455,38.3251,38.5876,1.10437e+07
MRO,1182346200,38.8918,39.2199,36.8518,36.8518,1.3804e+07
MRO,1182432600,37.2693,37.8121,36.983,37.7286,9.9124e+06
MRO,1182519000,37.5199,37.7584,36.7563,37.0546,9.1463e+06
MRO,1182778200,36.8041,37.5318,36.4939,37.0426,1.02534e+07
MRO,1182864600,37.8778,37.8778,35.9868,36.0942,8.6501e+06
MRO,1182951000,34.7461,35.79,34.6209,35.7244,1.34467e+07
MRO,1183037400,36.2016,36.5297,35.623,35.6349,7.1639e+06
MRO,1183123800,36.1777,36.5356,35.5693,35.7661,8.8523e+06
MRO,1183383000,36.0286,36.5237,35.8318,36.5058,7.4652e+06
MRO,1183469400,37.1023,37.6332,36.9234,37.5616,7.1362e+06
MRO,1183642200,37.7406,38.0388,36.9412,37.4304,8.6243e+06
MRO,1183728600,37.8479,38.003,37.502,37.9314,5.5961e+06
MRO,1183987800,38.182,38.2356,37.5795,38.1163,8.1237e+06
MRO,1184074200,37.9851,38.4802,37.4304,38.2118,1.2845e+07
MRO,1184160600,37.9076,38.0865,37.2216,37.502,8.47e+06
MRO,1184247000,37.5795,38.1939,37.502,38.0388,1.01391e+07
MRO,1184333400,38.2356,38.8918,37.9613,38.7964,7.2804e+06
MRO,1184592600,38.7725,38.8978,37.317,37.6988,7.9356e+06
MRO,1184679000,37.9851,38.349,36.9651,37.0605,1.22238e+07
MRO,1184765400,36.8398,38.0448,36.5953,37.8658,1.15532e+07
MRO,1184851800,37.9672,38.4921,37.49,37.6391,9.4687e+06
MRO,1184938200,37.4423,37.6451,36.3149,36.5416,1.12212e+07
MRO,1185197400,37.0486,37.0486,35.4619,36.5237,1.04518e+07
MRO,1185283800,35.8556,36.2016,34.4479,34.6328,1.47077e+07
MRO,1185370200,35.1935,35.5633,34.1496,35.444,9.8145e+06
MRO,1185456600,35.0265,35.2114,32.9566,33.9707,1.25626e+07
MRO,1185543000,34.1317,34.2331,31.9605,32.897,1.39279e+07
MRO,1185802200,33.1236,34.1258,32.9089,34.0005,9.3704e+06
MRO,1185888600,34.597,34.776,32.5689,32.9268,1.94689e+07
MRO,1185975000,32.3601,33.0401,29.9741,32.3422,1.63661e+07
MRO,1186061400,32.3899,33.2549,30.4215,30.8629,2.38459e+07
MRO,1186147800,31.1373,31.5787,29.6282,29.7117,1.6352e+07
MRO,1186407000,29.998,30.2604,28.0176,29.3717,1.93844e+07
MRO,1186493400,29.0973,31.4236,28.632,31.2566,2.13436e+07
MRO,1186579800,31.5429,31.7278,30.511,31.0538,1.88893e+07
MRO,1186666200,30.4215,31.3759,29.3717,29.3717,2.00494e+07
MRO,1186752600,29.1748,31.3759,28.632,30.9345,1.93731e+07
MRO,1187011800,31.8829,32.7478,31.3759,32.0678,1.37934e+07
MRO,1187098200,32.3899,32.6584,31.0478,31.1552,1.26484e+07
MRO,1187184600,31.3103,31.9128,29.6639,29.825,1.32244e+07
MRO,1187271000,28.8706,30.2425,28.4829,29.9741,1.56534e+07
MRO,1187357400,30.7555,32.0261,30.3261,31.877,1.48866e+07
MRO,1187616600,31.364,31.5787,30.3022,30.9583,1.30994e+07
MRO,1187703000,30.7496,31.018,30.2008,30.5348,1.21361e+07
MRO,1187789400,30.8569,31.1671,30.3261,30.9822,1.3924e+07
MRO,1187875800,31.4952,31.5847,30.2306,30.511,1.22829e+07
MRO,1187962200,30.6005,32.1275,30.5408,32.0499,1.40279e+07
MRO,1188221400,31.9128,31.9128,31.4654,31.525,9.0432e+06
MRO,1188307800,31.4057,31.4534,30.1173,30.1948,9.2335e+06
MRO,1188394200,30.5885,32.1692,30.5348,32.0321,1.11751e+07
MRO,1188480600,31.7934,32.1513,31.3401,31.7577,9.6336e+06
MRO,1188567000,32.3303,32.5689,31.9426,32.1454,6.9936e+06
MRO,1188912600,32.2468,33.4159,32.1752,33.2191,1.02098e+07
MRO,1188999000,33.1236,33.75,33.1236,33.4398,1.21849e+07
MRO,1189085400,34.1496,34.2928,33.4159,33.75,1.4259e+07
MRO,1189171800,33.1833,33.3861,32.2706,32.5152,1.21084e+07
MRO,1189431000,32.3422,33.0163,31.018,31.7398,1.34202e+07
MRO,1189517400,31.9426,32.0201,31.0717,31.5429,1.35076e+07
MRO,1189603800,31.5429,32.724,31.5429,32.1931,1.50155e+07
MRO,1189690200,32.3184,32.9566,32.2706,32.73,1.27376e+07
MRO,1189776600,32.4496,33.5472,32.3661,33.3443,1.02105e+07
MRO,1190035800,33.1952,34.0363,33.1117,33.6605,1.15562e+07
MRO,1190122200,33.6903,34.5433,33.6545,34.43,1.18424e+07
MRO,1190208600,34.8654,35.5216,34.6865,34.8237,1.57362e+07
MRO,1190295000,34.8237,35.1875,34.6745,34.7998,8.5522e+06
MRO,1190381400,35.1875,35.2054,34.5493,34.7461,1.07426e+07
MRO,1190640600,34.6984,34.8356,34.251,34.4598,6.2238e+06
MRO,1190727000,33.7261,34.2152,33.5054,33.9707,9.2928e+06
MRO,1190813400,34.5016,34.776,33.5889,34.3226,8.1324e+06
MRO,1190899800,34.5493,34.7998,34.1198,34.1795,7.8942e+06
MRO,1190986200,34.5493,34.8833,33.6903,34.0124,9.6256e+06
MRO,1191245400,34.0124,34.4479,33.6724,34.3226,7.897e+06
MRO,1191331800,33.9766,34.3942,33.0282,34.2451,9.9914e+06
MRO,1191418200,34.0602,34.5731,33.41,33.8991,8.731e+06
MRO,1191504600,33.6605,34.8595,33.5114,34.418,8.2462e+06
MRO,1191591000,34.4359,35.1398,34.4359,34.8714,7.2544e+06
MRO,1191850200,34.7819,35.4858,34.3405,34.943,7.1641e+06
MRO,1191936600,34.9549,35.3725,33.9707,34.8237,1.15041e+07
MRO,1192023000,34.263,35.45,33.9468,35.2233,1.13321e+07
MRO,1192109400,35.3605,35.79,34.078,34.4658,8.9554e+06
MRO,1192195800,34.3047,35.4739,34.09,34.7998,9.098e+06
MRO,1192455000,35.3725,35.6349,34.776,35.4082,1.0816e+07
MRO,1192541400,35.4917,35.8675,35.0861,35.45,1.19191e+07
MRO,1192627800,35.8795,35.9093,34.251,34.5433,9.8714e+06
MRO,1192714200,34.3644,35.5275,34.1317,35.456,2.14392e+07
MRO,1192800600,35.2532,35.444,34.4777,34.6626,1.96082e+07
MRO,1193059800,34.1019,35.5633,34.0005,34.6567,1.43597e+07
MRO,1193146200,34.597,35.0503,33.8752,34.4359,7.9595e+06
MRO,1193232600,34.0005,35.1875,33.911,35.0563,9.2573e+06
MRO,1193319000,35.3307,35.7423,34.7044,35.5753,9.9765e+06
MRO,1193405400,36.2672,37.0307,36.0047,36.2314,9.5366e+06
MRO,1193664600,36.8041,36.8339,35.6767,36.0882,7.6491e+06
MRO,1193751000,35.617,35.6946,34.084,34.2212,9.0145e+06
MRO,1193837400,34.6924,35.6588,34.4479,35.271,1.26556e+07
MRO,1193923800,34.597,35.9033,34.3286,34.4002,1.06487e+07
MRO,1194010200,34.9012,35.8437,34.4837,35.5991,1.11269e+07
MRO,1194273000,35.1935,35.7781,34.6865,35.0444,8.5346e+06
MRO,1194359400,36.7444,36.7444,35.2889,36.5833,1.01886e+07
MRO,1194445800,36.8876,37.4304,35.79,35.8556,1.33195e+07
MRO,1194532200,36.3686,36.9651,35.5096,36.3925,1.29726e+07
MRO,1194618600,36.3805,36.3805,35.5275,35.6051,8.04e+06
MRO,1194877800,35.45,35.45,34.2212,34.2391,9.2655e+06
MRO,1194964200,34.2868,34.8058,33.2549,34.3286,1.44724e+07
MRO,1195050600,34.6507,35.1637,33.1594,33.3682,1.16769e+07
MRO,1195137000,33.3742,33.4756,32.1454,32.4496,9.779e+06
MRO,1195223400,33.0819,34.5851,33.0342,34.3047,1.38263e+07
MRO,1195482600,34.1556,34.3286,33.4756,33.6008,9.7171e+06
MRO,1195569000,33.7559,34.7819,33.7023,34.2928,1.10518e+07
MRO,1195655400,34.1556,34.5135,33.41,33.5651,7.7815e+06
MRO,1195828200,33.8573,33.8573,33.1833,33.6247,4.4249e+06
MRO,1196087400,33.5591,33.7619,32.0261,32.0857,1.07604e+07
MRO,1196173800,32.0857,32.1991,31.012,31.8173,1.15378e+07
MRO,1196260200,32.1215,32.8433,31.9485,32.7061,1.21158e+07
MRO,1196346600,32.6643,33.398,32.1573,32.9924,8.9559e+06
MRO,1196433000,33.4517,33.4636,32.7538,33.3443,9.517e+06
MRO,1196692200,33.1236,34.078,33.1236,33.8693,8.7e+06
MRO,1196778600,33.6008,33.8633,33.3324,33.3384,6.9409e+06
MRO,1196865000,33.6366,34.084,33.4815,33.7858,9.1554e+06
MRO,1196951400,33.7619,35.0921,33.6724,34.8893,8.0928e+06
MRO,1197037800,35.0265,35.7304,34.943,35.3307,9.1614e+06
MRO,1197297000,35.3605,35.6349,35.0682,35.2054,5.721e+06
MRO,1197383400,35.3307,35.7304,34.7342,34.8952,1.04036e+07
MRO,1197469800,35.6409,36.1479,35.0444,35.444,1.04662e+07
MRO,1197556200,35.1875,35.6707,34.9251,35.5872,6.3659e+06
MRO,1197642600,35.4381,35.6588,34.6089,34.7879,8.2953e+06
MRO,1197901800,34.5672,34.7879,33.7023,34.0363,7.7864e+06
MRO,1197988200,34.257,35.1637,33.9886,34.9191,7.1912e+06
MRO,1198074600,34.9967,35.4917,34.7163,34.931,7.1601e+06
MRO,1198161000,35.2591,35.7304,35.1935,35.6946,8.5721e+06
MRO,1198247400,35.8795,36.6728,35.79,36.6311,1.09061e+07
MRO,1198506600,36.5356,36.9174,36.3925,36.9114,1.9153e+06
MRO,1198679400,36.7444,37.5079,36.7205,37.3349,5.1371e+06
MRO,1198765800,37.15,37.6213,36.8756,36.9472,6.3661e+06
MRO,1198852200,37.0665,37.496,37.0009,37.2097,4.3926e+06
MRO,1199111400,37.1619,37.2574,36.1539,36.303,5.5299e+06
MRO,1199284200,36.3865,36.9532,36.3865,36.6251,9.5451e+06
MRO,1199370600,36.816,37.7107,36.3865,36.9114,8.0397e+06
MRO,1199457000,36.5953,36.5953,35.4619,35.5335,1.00105e+07
MRO,1199716200,35.4798,35.9451,34.8058,35.1637,1.25756e+07
MRO,1199802600,35.7423,36.1419,34.8177,34.937,1.42881e+07
MRO,1199889000,34.2988,34.6805,33.5173,34.1377,1.40444e+07
MRO,1199975400,33.7082,34.0005,32.4914,33.3861,1.25973e+07
MRO,1200061800,33.0103,33.2966,32.4257,32.5093,9.8162e+06
