MT,1040653800,6.54,6.54,6.3,6.54,23500
MT,1040740200,6.33,6.36,6.3,6.36,28700
MT,1040913000,6.15,6.3,6,6.3,18700
MT,1040999400,6.15,6.24,6.06,6.24,13600
MT,1041258600,6.12,6.57,6.12,6.57,8500
MT,1041345000,6.6,6.6,6.36,6.6,5200
MT,1041517800,6.6,6.75,6.57,6.66,11100
MT,1041604200,6.6,6.6,6.36,6.6,5900
MT,1041863400,6.36,6.51,6.15,6.45,64500
MT,1041949800,6.48,6.75,6.48,6.75,9200
MT,1042036200,6.6,6.75,6.6,6.75,52600
MT,1042122600,6.75,6.9,6.75,6.87,4400
MT,1042209000,7.02,7.17,6.9,7.17,11100
MT,1042468200,6.96,7.32,6.96,7.32,4600
MT,1042554600,7.26,7.68,7.2,7.59,27600
MT,1042641000,7.65,8.1,7.62,8.1,9400
MT,1042727400,8.1,8.25,7.83,8.22,8100
MT,1042813800,8.01,8.19,7.95,8.16,6200
MT,1043159400,7.95,8.22,7.8,8.22,5700
MT,1043245800,7.89,8.13,7.86,8.13,2800
MT,1043332200,8.19,8.22,7.95,7.95,3800
MT,1043418600,7.83,8.1,7.74,8.1,6000
MT,1043677800,8.1,8.1,7.83,7.98,900
MT,1043764200,7.98,8.1,7.98,8.1,2800
MT,1043850600,8.07,8.07,7.77,7.95,9900
MT,1043937000,8.01,8.01,7.74,7.95,9400
MT,1044023400,7.8,7.98,7.74,7.95,21500
MT,1044282600,7.71,7.74,7.65,7.68,3500
MT,1044369000,7.53,7.65,7.41,7.5,4300
MT,1044455400,7.65,7.77,7.53,7.77,4700
MT,1044541800,8.01,8.4,7.65,7.95,22900
MT,1044628200,7.8,7.95,7.65,7.95,7800
MT,1044887400,7.8,8.07,7.5,7.95,13300
MT,1044973800,8.01,8.07,7.77,8.07,5600
MT,1045060200,7.95,7.95,6.96,7.89,19100
MT,1045146600,7.95,7.95,7.47,7.92,5600
MT,1045233000,7.86,8.04,7.65,8.04,900
MT,1045578600,7.59,8.04,7.41,8.04,6100
MT,1045665000,7.89,7.95,7.68,7.92,2200
MT,1045751400,7.83,7.95,7.5,7.95,1500
MT,1045837800,7.92,8.07,7.65,7.95,3600
MT,1046097000,7.95,7.95,7.77,7.95,5000
MT,1046183400,7.8,7.95,7.71,7.95,3600
MT,1046269800,7.8,7.92,7.65,7.92,40000
MT,1046356200,7.8,8.52,7.68,8.52,17900
MT,1046442600,8.4,8.64,8.1,8.64,10400
MT,1046701800,8.7,8.7,8.49,8.67,5400
MT,1046788200,8.67,8.7,8.58,8.7,2000
MT,1046874600,8.7,8.94,8.7,8.94,19000
MT,1046961000,9,9.15,9,9.03,18100
MT,1047047400,8.91,9,8.85,9,9000
MT,1047306600,9,9.15,8.91,9,6800
MT,1047393000,9.24,9.24,9,9,39000
MT,1047479400,9,9.15,8.94,9.15,6300
MT,1047565800,9.15,9.3,9.15,9.3,6800
MT,1047652200,9.3,9.3,9.21,9.3,3900
MT,1047911400,9.3,9.45,9.3,9.45,5300
MT,1047997800,9.21,9.27,9,9.09,7100
MT,1048084200,9,9.15,8.88,9.15,10100
MT,1048170600,9,9.03,8.97,9.03,2900
MT,1048257000,9.03,9.9,9.03,9.9,30400
MT,1048516200,9.6,9.6,9.15,9.45,7500
MT,1048602600,9.45,9.6,9.45,9.54,7700
MT,1048689000,9.54,9.93,9.45,9.93,17700
MT,1048775400,9.9,9.93,9.75,9.75,5400
MT,1048861800,9.66,9.75,9.24,9.54,32300
MT,1049121000,9.3,9.9,9.15,9.9,191000
MT,1049207400,9.96,10.05,9.9,9.96,4500
MT,1049293800,9.81,10.5,9.81,10.35,11800
MT,1049380200,10.35,10.77,10.35,10.56,11600
MT,1049466600,10.44,10.44,9.81,10.05,5500
MT,1049722200,10.05,10.77,9.75,9.96,9900
MT,1049808600,9.75,9.75,9.48,9.72,20300
MT,1049895000,9.78,9.87,9.63,9.87,1000
MT,1049981400,9.78,9.99,9.78,9.99,7800
MT,1050067800,9.9,10.35,9.9,10.05,3300
MT,1050327000,10.11,10.35,10.05,10.2,1300
MT,1050413400,10.05,10.2,9.72,10.2,31900
MT,1050499800,10.14,10.29,9.81,10.02,16300
MT,1050586200,10.02,10.65,10.02,10.53,10700
MT,1050931800,10.5,10.8,10.35,10.8,12000
MT,1051018200,10.86,10.92,10.2,10.65,27200
MT,1051104600,10.65,11.1,10.38,10.95,20000
MT,1051191000,10.98,11.76,10.95,11.7,23500
MT,1051277400,11.43,11.85,11.4,11.58,6200
MT,1051536600,11.58,12,11.55,11.85,6900
MT,1051623000,11.7,11.7,11.22,11.25,26900
MT,1051709400,11.34,11.85,11.25,11.76,14800
MT,1051795800,11.76,11.76,11.28,11.4,2400
MT,1051882200,11.16,11.85,11.1,11.73,17100
MT,1052141400,11.7,11.97,11.7,11.94,3600
MT,1052227800,11.76,12.27,11.76,12.24,658900
MT,1052314200,12.36,13.05,12.3,12.75,31700
MT,1052400600,12.75,12.9,12.45,12.45,5700
MT,1052487000,12.45,12.45,12.3,12.3,18400
MT,1052746200,12.45,12.75,12.45,12.75,7500
MT,1052832600,12.6,12.75,12.48,12.6,4600
MT,1052919000,12.6,12.84,12.45,12.6,3900
MT,1053005400,12.75,13.02,12.39,12.63,9800
MT,1053091800,12.6,12.9,12.6,12.69,2900
MT,1053351000,12.75,12.99,12.75,12.87,3700
MT,1053437400,12.87,13.02,12.75,12.9,14500
MT,1053523800,12.9,13.59,12.9,13.44,23700
MT,1053610200,13.56,13.95,13.5,13.8,24900
MT,1053696600,13.8,14.1,13.8,13.83,19300
MT,1054042200,13.95,14.1,13.8,13.95,12800
MT,1054128600,14.07,14.1,13.5,13.65,11300
MT,1054215000,13.5,13.77,12.9,13.35,9200
MT,1054301400,13.5,13.5,13.2,13.41,2300
MT,1054560600,13.65,14.1,13.5,13.92,6400
MT,1054647000,13.8,13.95,13.53,13.53,2600
MT,1054733400,13.53,13.92,13.5,13.53,13000
MT,1054819800,13.53,13.8,13.05,13.05,11000
MT,1054906200,12.87,12.99,12,12.39,38900
MT,1055165400,12.09,12.09,10.2,11.67,36100
MT,1055251800,10.95,11.64,10.86,11.64,15200
MT,1055338200,11.34,12.3,11.13,12.03,16100
MT,1055424600,12,12.15,11.7,12.03,11400
MT,1055511000,11.73,12.3,11.37,12.09,7600
MT,1055770200,12.06,12.15,11.7,12.15,2000
MT,1055856600,12,12.09,11.7,12.03,3600
MT,1055943000,11.91,12.45,11.7,12.33,10200
MT,1056029400,12.33,12.42,12.3,12.36,3800
MT,1056115800,12.3,12.3,11.7,12,12100
MT,1056375000,11.97,11.97,10.65,11.94,11800
MT,1056461400,11.91,12,11.25,11.97,7500
MT,1056547800,11.79,12,11.76,12,4300
MT,1056634200,11.85,12.09,11.85,12,10600
MT,1056720600,12,12.09,11.1,12,15500
MT,1056979800,11.7,12.15,11.64,12.15,10700
MT,1057066200,12.09,12.33,11.49,12.3,23300
MT,1057152600,12.21,12.48,12.06,12.45,3700
MT,1057239000,12.45,12.45,11.88,12.3,17000
MT,1057584600,12.42,12.42,12,12.3,17200
MT,1057671000,12,12.42,12,12.33,7900
MT,1057757400,12.21,12.45,11.85,12.21,22100
MT,1057843800,12.21,12.42,12.18,12.33,3800
MT,1057930200,12.42,12.42,12.18,12.33,4500
MT,1058189400,12.3,12.42,12.03,12.42,9700
MT,1058275800,12.3,12.42,11.94,12.3,25000
MT,1058362200,12.24,12.42,12.09,12.3,10000
MT,1058448600,12.27,12.42,11.88,12.42,14400
MT,1058535000,12.42,12.42,12.15,12.3,3400
MT,1058794200,12.18,12.42,12.18,12.42,9200
MT,1058880600,12.3,12.42,12.27,12.36,9700
MT,1058967000,12.3,12.42,12.21,12.36,37900
MT,1059053400,12.24,12.45,12.24,12.45,26700
MT,1059139800,12.36,12.57,12.09,12.48,26200
MT,1059399000,12.33,12.57,12.33,12.48,3100
MT,1059485400,12.54,12.54,12.33,12.54,3400
MT,1059571800,12.42,12.72,12.42,12.72,12600
MT,1059658200,12.66,12.9,12.6,12.78,11000
MT,1059744600,12.48,12.78,12.48,12.75,108200
MT,1060003800,12.75,12.75,12.48,12.69,2400
MT,1060090200,12.39,12.57,12.24,12.39,9600
MT,1060176600,12.15,12.45,12.03,12.45,11500
MT,1060263000,12.15,12.75,12.15,12.69,3600
MT,1060349400,12.39,12.72,12.39,12.72,5800
MT,1060608600,12.54,12.78,12.06,12.75,26600
MT,1060695000,12.75,12.75,12.36,12.75,600
MT,1060781400,12.75,13.02,12.48,13.02,3400
MT,1060867800,12.84,13.2,12.84,13.2,2100
MT,1060954200,13.2,13.2,12.81,13.14,2500
MT,1061213400,13.05,13.35,12.84,13.23,11700
MT,1061299800,13.2,13.47,12.81,13.47,27800
MT,1061386200,13.35,13.5,13.35,13.5,1900
MT,1061472600,13.35,13.5,13.11,13.44,3500
MT,1061559000,13.26,13.56,13.26,13.44,3700
MT,1061818200,13.47,13.8,13.47,13.77,1200
MT,1061904600,13.77,13.8,13.56,13.65,400
MT,1061991000,13.77,13.8,13.35,13.62,5300
MT,1062077400,13.5,13.65,13.14,13.47,38300
MT,1062163800,13.35,13.56,13.2,13.41,5900
MT,1062509400,12.6,13.35,12.45,13.32,26300
MT,1062595800,13.2,13.32,12.63,13.32,17600
MT,1062682200,13.62,13.77,13.2,13.74,6800
MT,1062768600,13.77,13.92,13.47,13.92,6100
MT,1063027800,13.92,13.95,13.74,13.8,4900
MT,1063114200,13.5,14.4,13.5,14.34,26500
MT,1063200600,14.25,14.49,13.95,14.4,26200
MT,1063287000,14.4,15.03,14.25,14.94,121000
MT,1063373400,15.24,15.6,14.64,15.6,31900
MT,1063632600,15.75,18.6,15.75,17.91,65900
MT,1063719000,18.09,18.63,17.4,17.43,45800
MT,1063805400,17.43,17.43,16.8,17.1,12800
MT,1063891800,17.1,17.55,16.95,17.22,15400
MT,1063978200,17.31,17.91,17.19,17.91,16000
MT,1064237400,17.7,18.3,17.4,18.09,6800
MT,1064323800,18.21,18.42,18,18.15,9900
MT,1064410200,18.18,18.18,17.1,17.7,7900
MT,1064496600,17.7,17.7,16.5,16.74,8200
MT,1064583000,16.44,16.44,15.45,16.11,10400
MT,1064842200,16.71,17.04,15.9,16.74,10300
MT,1064928600,16.65,16.77,16.2,16.74,3300
MT,1065015000,16.74,16.74,16.35,16.47,1500
MT,1065101400,16.05,16.35,15.81,16.2,5800
MT,1065187800,16.2,16.44,16.2,16.44,10000
MT,1065447000,16.44,16.65,15.72,16.41,6500
MT,1065533400,16.2,16.38,16.02,16.29,2300
MT,1065619800,16.2,16.2,15.81,16.14,4300
MT,1065706200,16.2,16.2,15.93,16.14,5000
MT,1065792600,16.2,16.5,16.05,16.38,3600
MT,1066051800,16.5,17.4,16.32,16.98,7300
MT,1066138200,16.98,16.98,16.65,16.86,4000
MT,1066224600,16.86,16.89,16.5,16.62,5200
MT,1066311000,16.62,16.62,16.35,16.35,3100
MT,1066397400,16.41,16.41,16.11,16.35,2800
MT,1066656600,16.23,16.53,16.02,16.53,1400
MT,1066743000,16.53,16.53,16.2,16.47,3400
MT,1066829400,16.35,16.38,16.02,16.35,3200
MT,1066915800,16.35,16.47,15.99,16.47,3200
MT,1067002200,16.47,16.62,16.08,16.44,2000
MT,1067265000,16.29,16.44,16.11,16.44,1200
MT,1067351400,16.38,16.65,16.08,16.47,5000
MT,1067437800,16.65,17.25,16.56,17.22,11900
MT,1067524200,17.4,17.4,16.65,17.01,5600
MT,1067610600,17.01,17.31,16.41,17.04,10000
MT,1067869800,17.25,17.31,16.56,17.25,16000
MT,1067956200,17.37,17.37,16.56,17.25,81100
MT,1068042600,17.55,18.48,17.46,18.48,95800
MT,1068129000,18.33,18.75,17.97,18.66,54900
MT,1068215400,18.66,18.75,18.45,18.48,48700
MT,1068474600,18.51,19.35,18.48,18.81,37100
MT,1068561000,18.81,19.17,18.6,19.11,36500
MT,1068647400,18.78,19.26,18.78,18.99,11200
MT,1068733800,19.11,19.26,18.9,19.17,14000
MT,1068820200,19.08,20.4,19.08,20.13,45900
MT,1069079400,20.13,20.22,19.2,19.86,12500
MT,1069165800,19.77,20.16,19.65,19.65,7700
MT,1069252200,19.95,20.04,19.68,20.01,3400
MT,1069338600,20.01,20.25,19.65,19.8,18800
MT,1069425000,20.04,20.28,18.75,19.83,35200
MT,1069684200,19.65,20.01,19.38,20.01,10900
MT,1069770600,19.8,20.52,19.5,20.4,15800
MT,1069857000,20.55,20.79,20.4,20.55,17000
MT,1070029800,20.7,21,20.55,20.55,3500
MT,1070289000,20.55,21.69,20.55,21.6,28700
MT,1070375400,21.72,21.81,21.15,21.57,29300
MT,1070461800,21.57,22.47,21.57,22.35,12700
MT,1070548200,22.2,22.95,21.3,21.9,38800
MT,1070634600,22.02,22.2,20.76,21.24,31900
MT,1070893800,21.24,21.69,21.24,21.54,11200
MT,1070980200,21.75,22.17,21.75,21.93,38800
MT,1071066600,22.14,23.01,21.96,22.8,22900
MT,1071153000,23.1,24,22.89,23.85,55600
MT,1071239400,24.03,24.51,24,24.45,43900
MT,1071498600,24.69,25.35,24.63,24.75,44200
MT,1071585000,25.26,25.44,24.75,24.78,85000
MT,1071671400,25.08,25.2,24.66,24.78,32100
MT,1071757800,24.78,25.35,24.6,25.11,69900
MT,1071844200,25.2,25.38,24.63,25.11,21000
MT,1072103400,25.41,26.25,25.05,26.22,68500
MT,1072189800,26.28,26.31,25.92,26.13,43500
MT,1072276200,26.25,26.4,26.04,26.22,5500
MT,1072449000,26.1,26.43,26.07,26.37,7100
MT,1072708200,26.76,27.12,26.55,26.88,68100
MT,1072794600,27.18,27.18,26.34,26.61,21500
MT,1072881000,26.4,26.94,25.95,26.61,36800
MT,1073053800,26.91,27.6,26.16,26.97,59800
MT,1073313000,27.27,27.72,27,27.6,37500
MT,1073399400,27.72,27.72,27.39,27.57,39100
MT,1073485800,27.6,27.6,25.8,27.15,36600
MT,1073572200,27.45,27.45,24.81,25.8,55800
MT,1073658600,25.62,25.62,24.45,24.57,29900
MT,1073917800,24.3,24.3,21.3,22.2,102300
MT,1074004200,22.2,24.03,22.2,23.79,57000
MT,1074090600,24.09,24.9,24.03,24.75,33000
MT,1074177000,24.9,25.11,24.63,24.75,28200
MT,1074263400,24.75,24.75,23.76,23.76,23200
MT,1074609000,24,24.78,23.4,24.21,22300
MT,1074695400,24.51,24.57,24.3,24.48,30400
MT,1074781800,24.69,24.9,24.6,24.75,16200
MT,1074868200,24.6,24.72,24.3,24.54,10200
MT,1075127400,24.24,24.27,23.7,24.03,14600
MT,1075213800,23.85,24,23.55,23.58,13700
MT,1075300200,23.4,23.73,22.62,22.8,27300
MT,1075386600,22.8,22.8,21.48,22.05,24500
MT,1075473000,21.75,22.5,21.45,22.47,19000
MT,1075732200,22.65,22.95,22.29,22.68,11000
MT,1075818600,22.5,22.62,22.05,22.35,12600
MT,1075905000,22.35,22.5,21.9,22.23,14700
MT,1075991400,21.93,22.02,20.4,21.9,59600
MT,1076077800,21.75,23.46,21.48,23.1,22400
MT,1076337000,23.25,23.37,22.71,23.25,32800
MT,1076423400,23.46,23.61,23.13,23.25,20400
MT,1076509800,23.46,24,23.28,23.94,26200
MT,1076596200,23.94,24.6,23.94,24.09,35900
MT,1076682600,24.09,24.36,23.46,24,27700
MT,1077028200,23.85,24.75,23.7,24.69,39000
MT,1077114600,24.69,25.32,24.45,25.08,55100
MT,1077201000,25.08,25.2,25.05,25.05,32700
MT,1077287400,25.05,25.05,24.6,24.72,40100
MT,1077546600,24.75,24.87,24.75,24.78,17500
MT,1077633000,24.84,24.87,24.3,24.75,9800
MT,1077719400,24.75,24.9,24.75,24.78,15700
MT,1077805800,24.75,25.02,24.75,24.9,21100
MT,1077892200,24.75,25.47,24.75,25.44,24200
MT,1078151400,25.5,26.25,25.47,25.8,50700
MT,1078237800,25.83,26.73,25.83,26.46,53600
MT,1078324200,26.46,26.73,26.1,26.73,37800
MT,1078410600,26.55,27,26.25,26.91,12900
MT,1078497000,26.7,27.57,26.49,27.27,73900
MT,1078756200,27.27,27.45,27,27.18,13600
MT,1078842600,27.21,27.3,26.55,27.15,41700
MT,1078929000,27.12,27.21,26.25,26.97,48700
MT,1079015400,26.67,26.97,26.4,26.82,18900
MT,1079101800,26.79,27.09,26.64,27.06,10800
MT,1079361000,27.03,27.15,27,27.03,35900
MT,1079447400,27,28.2,27,28.2,1.1537e+06
MT,1079533800,28.44,29.07,27.9,28.32,41500
MT,1079620200,28.02,28.95,27.96,28.95,24800
MT,1079706600,29.04,33.18,28.56,32.64,118800
MT,1079965800,32.55,32.55,29.85,30.54,43200
MT,1080052200,30.84,31.44,30.54,30.69,55700
MT,1080138600,30.99,31.38,29.52,29.91,34300
MT,1080225000,29.94,30.45,29.64,30.21,23700
MT,1080311400,30.3,30.54,30,30.45,18100
MT,1080570600,30.3,31.83,30.15,31.83,32500
MT,1080657000,31.92,32.52,31.92,32.4,18000
MT,1080743400,32.55,33,32.4,32.85,47200
MT,1080829800,32.91,33.75,32.91,33.6,31500
MT,1080916200,34.08,34.74,33.99,34.47,27400
MT,1081171800,34.65,35.64,34.5,34.98,28900
MT,1081258200,34.98,35.34,34.8,35.34,14200
MT,1081344600,35.4,35.4,34.5,34.89,11600
MT,1081431000,34.71,34.8,33.3,34.17,14200
MT,1081776600,34.17,34.95,34.17,34.95,6200
MT,1081863000,34.98,35.1,33.93,33.93,11800
MT,1081949400,33.63,33.75,32.73,33.24,24600
MT,1082035800,33.15,33.36,32.25,33,20300
MT,1082122200,33,34.2,33,34.11,17800
MT,1082381400,34.11,34.5,33.84,34.35,19600
MT,1082467800,34.35,34.35,33.75,33.78,22600
MT,1082554200,33.81,33.9,33.3,33.57,35400
MT,1082640600,33.75,34.35,33.75,34.35,89200
MT,1082727000,34.2,34.44,34.05,34.41,11500
MT,1082986200,34.71,34.71,34.23,34.65,28300
MT,1083072600,34.89,34.89,34.32,34.68,37700
MT,1083159000,34.95,34.95,31.74,33.75,47600
MT,1083245400,33.3,33.3,32.22,32.7,44400
MT,1083331800,32.4,32.58,32.1,32.28,26800
MT,1083591000,32.25,32.25,31.5,31.95,22200
MT,1083677400,31.95,32.55,31.95,32.25,24600
MT,1083763800,32.19,32.37,31.95,32.31,16300
MT,1083850200,32.31,33.24,32.31,33.09,38000
MT,1083936600,32.85,33.06,32.55,33,56000
MT,1084195800,32.4,32.7,28.23,32.55,65000
MT,1084282200,32.7,33,32.1,32.7,23300
MT,1084368600,32.55,32.7,30.9,32.55,63100
MT,1084455000,32.25,32.85,30.45,32.79,412400
MT,1084541400,31.95,32.76,31.65,32.76,20500
MT,1084800600,32.25,32.73,30.99,32.73,33600
MT,1084887000,32.67,34.5,32.28,34.5,124700
MT,1084973400,34.5,35.55,34.05,34.8,43700
MT,1085059800,34.74,35.55,34.74,34.98,15000
MT,1085146200,35.28,37.74,35.28,37.5,787000
MT,1085405400,37.65,39,36.6,36.6,101100
MT,1085491800,36.9,38.04,36.54,37.47,30500
MT,1085578200,38.1,38.4,36,37.38,42600
MT,1085664600,37.26,38.7,37.11,37.95,29800
MT,1085751000,38.04,38.04,36.51,37.83,20100
MT,1086096600,37.56,38.22,37.2,38.22,19300
MT,1086183000,38.25,38.4,37.77,38.31,18100
MT,1086269400,38.25,38.25,37.53,37.8,22300
MT,1086355800,37.8,38.1,37.65,37.8,32100
MT,1086615000,37.95,38.4,37.8,38.04,47700
MT,1086701400,38.1,38.22,37.8,38.22,29300
MT,1086787800,38.01,38.19,37.8,37.95,20300
MT,1086874200,38.1,39.93,37.98,39.75,78500
MT,1087219800,39.72,39.72,38.43,38.85,28100
MT,1087306200,39.15,39.87,39,39.3,24700
MT,1087392600,39.15,39.27,38.79,38.82,49000
MT,1087479000,38.94,40.35,38.85,40.32,61500
MT,1087565400,40.32,40.71,40.26,40.35,32800
MT,1087824600,40.44,40.8,39.9,40.35,47500
MT,1087911000,40.35,40.8,40.35,40.5,16100
MT,1087997400,40.92,42.66,40.92,42.48,30500
MT,1088083800,42.72,43.5,41.4,42.51,38200
MT,1088170200,42.21,43.35,42.06,43.02,26100
MT,1088429400,43.32,44.82,43.29,44.28,39600
MT,1088515800,44.64,45.18,43.53,45,187400
MT,1088602200,45,45.15,44.1,44.1,24000
MT,1088688600,44.4,45,44.13,44.85,49900
MT,1088775000,44.97,44.97,44.55,44.85,19700
MT,1089120600,44.25,45.15,42.48,44.31,70200
MT,1089207000,44.4,45.15,43.56,45.12,44700
MT,1089293400,44.37,45,43.95,44.97,29500
MT,1089379800,44.82,45.15,44.4,45.03,25000
MT,1089639000,45.15,45.3,44.73,45.09,20900
MT,1089725400,45.12,45.45,44.91,45.42,17300
MT,1089811800,45.42,47.7,45.42,47.46,60100
MT,1089898200,47.34,47.91,46.8,47.1,49200
MT,1089984600,47.1,48.21,47.1,48.06,44900
MT,1090243800,47.97,48,47.34,47.7,38100
MT,1090330200,47.94,48.12,47.46,48,42900
MT,1090416600,48.15,48.15,46.17,47.4,37300
MT,1090503000,47.43,47.46,45.57,47.1,33100
MT,1090589400,47.1,47.34,46.95,47.1,13100
MT,1090848600,47.1,47.52,45.9,47.34,21600
MT,1090935000,47.28,48.21,46.59,48.03,39800
MT,1091021400,48.15,49.74,47.85,49.53,73500
MT,1091107800,50.22,51.03,49.77,51,61700
MT,1091194200,51.42,54.51,51.12,52.65,53100
MT,1091453400,52.8,57.45,52.71,57.3,112100
MT,1091539800,57.3,61.14,57.21,58.5,132800
MT,1091626200,57.9,60.18,57.48,58.11,73900
MT,1091712600,62.7,72.6,62.19,71.28,403400
MT,1091799000,71.28,76.68,69,74.22,209800
MT,1092058200,75.09,78.75,74.49,76.95,162500
MT,1092144600,79.5,83.4,77.88,82.95,334900
MT,1092231000,83.25,83.67,79.53,81.87,241500
MT,1092317400,82.5,82.5,75.03,75.66,286000
MT,1092403800,74.1,78.3,73.8,77.7,215500
MT,1092663000,76.8,78.6,76.8,78.3,146900
MT,1092749400,78.6,79.2,77.4,78.3,140700
MT,1092835800,78.6,79.05,77.76,78.24,48500
MT,1092922200,78.66,78.75,77.67,78.72,58400
MT,1093008600,78.72,78.9,77.25,78.3,77100
MT,1093267800,78.45,78.63,76.23,76.92,124800
MT,1093354200,77.25,77.55,76.2,76.95,102200
MT,1093440600,76.5,77.16,76.5,76.8,83200
MT,1093527000,76.35,76.5,75.6,75.87,40800
MT,1093613400,75.72,76.41,74.25,76.2,72400
MT,1093872600,76.5,77.55,75.09,76.35,44500
MT,1093959000,76.35,76.56,75.15,75.6,27600
MT,1094045400,75.75,76.2,74.85,74.97,43500
MT,1094131800,74.34,77.43,74.34,77.22,75400
MT,1094218200,76.44,82.44,76.29,81.42,212400
MT,1094563800,85.5,89.58,84.3,89.04,251600
MT,1094650200,90,91.14,86.76,87.84,152900
MT,1094736600,89.55,90.57,87.96,89.43,154400
MT,1094823000,89.85,90.36,87.45,89.82,124700
MT,1095082200,90,90.42,89.16,90.06,77400
MT,1095168600,90,91.35,89.4,89.97,78200
MT,1095255000,90.21,90.24,87.45,88.35,92500
MT,1095341400,87.6,87.84,86.19,87.78,64800
MT,1095427800,87.6,88.2,84.63,85.05,50200
MT,1095687000,84.3,84.33,80.7,81.9,135800
MT,1095773400,81.75,83.64,81.06,83.25,101300
MT,1095859800,82.77,83.22,81.93,82.11,47100
MT,1095946200,81.9,82.02,80.67,81.12,66100
MT,1096032600,81.3,82.17,80.55,81.3,46100
MT,1096291800,81.45,81.45,78.42,79.2,47900
MT,1096378200,78.45,83.82,78.45,83.7,104500
MT,1096464600,84.75,86.4,82.89,83.25,88900
MT,1096551000,83.76,87,83.76,87,91300
MT,1096637400,87.3,88.14,85.95,86.73,64400
MT,1096896600,87.6,96,87.6,95.13,160500
MT,1096983000,97.44,97.47,94.05,95.67,112300
MT,1097069400,96.9,99.72,96.6,98.61,129300
MT,1097155800,99.15,99.15,95.1,95.55,81200
MT,1097242200,95.55,96.6,94.17,94.71,45300
MT,1097501400,96.51,96.51,93.3,93.33,31500
MT,1097587800,93.36,94.05,91.8,93.54,39400
MT,1097674200,93.54,93.54,81.75,81.75,198900
MT,1097760600,81.75,88.35,80.1,86.64,118500
MT,1097847000,87,88.41,85.8,87.15,25900
MT,1098106200,86.7,88.05,85.8,86.01,21400
MT,1098192600,86.7,87.3,76.71,77.25,180700
MT,1098279000,75.3,78.3,75.3,77.19,123400
MT,1098365400,76.44,76.95,73.5,76.02,236000
MT,1098451800,76.68,77.58,75.75,76.02,88400
MT,1098711000,85.5,102.6,85.5,96.9,978200
MT,1098797400,96.75,104.25,95.91,104.07,836000
MT,1098883800,104.97,107.37,99.75,100.05,351800
MT,1098970200,97.5,102.6,96.6,99.54,221700
MT,1099056600,99.75,102.45,99.3,100.98,115200
MT,1099319400,100.5,102.6,100.08,102,106700
MT,1099405800,101.4,106.5,101.07,106.08,260200
MT,1099492200,106.83,110.7,106.2,108.9,267800
MT,1099578600,109.5,109.77,107.25,109.05,148500
MT,1099665000,109.05,109.98,107.16,108.93,95200
MT,1099924200,108.93,112.47,107.46,111.93,173600
MT,1100010600,112.23,114,111.93,113.31,95900
MT,1100097000,113.61,113.61,110.94,111.36,87500
MT,1100183400,111.36,112.14,110.13,112.14,66100
MT,1100269800,112.89,116.25,112.77,115.2,106700
MT,1100529000,115.2,117.42,113.43,114.63,244200
MT,1100615400,114.63,116.22,114,114.03,94000
MT,1100701800,114.15,116.4,114.15,116.37,103400
MT,1100788200,115.8,116.13,114.9,115.08,62900
MT,1100874600,115.32,116.25,113.7,114,91000
MT,1101133800,114,115.32,113.82,115.23,43600
MT,1101220200,115.23,116.7,114,114.36,137500
MT,1101306600,114.96,115.14,109.8,113.64,56400
MT,1101479400,114.84,126.72,114.84,126.15,138100
MT,1101738600,126.45,126.57,122.55,122.94,129600
MT,1101825000,125.1,126.6,124.5,125.85,163600
MT,1101911400,128.4,128.4,126.48,127.5,102800
MT,1101997800,127.5,127.5,115.95,119.7,189700
MT,1102084200,120,126.42,119.88,125.67,105800
MT,1102343400,125.7,125.7,120.06,121.29,85800
MT,1102429800,121.74,121.74,112.5,113.19,166000
MT,1102516200,113.19,113.19,109.5,110.79,149900
MT,1102602600,111.06,111.78,109.68,110.52,73000
MT,1102689000,110.94,113.4,110.43,110.55,84400
MT,1102948200,111.9,116.07,111.75,115.5,89500
MT,1103034600,114,114.9,112.02,112.68,56600
MT,1103121000,112.56,116.31,112.53,115.2,74900
MT,1103207400,115.95,116.49,113.31,114,58800
MT,1103293800,113.25,115.86,113.25,115.8,47500
MT,1103553000,116.55,120.03,116.55,118.53,142500
MT,1103639400,118.08,119.25,117.75,118.95,91100
MT,1103725800,119.7,121.05,118.5,120.84,117000
MT,1103812200,120.39,120.9,117.54,117.69,51100
MT,1104157800,116.94,118.8,116.1,116.22,88900
MT,1104244200,116.22,117.42,116.04,116.52,52200
MT,1104330600,116.7,118.2,116.25,117.75,120700
MT,1104417000,117.3,117.3,108.3,113.25,142000
MT,1104503400,113.85,116.7,113.85,115.95,47500
MT,1104762600,116.1,116.52,110.19,110.88,245900
MT,1104849000,109.38,110.4,103.32,103.65,253800
MT,1104935400,101.1,104.55,100.83,103.17,225900
MT,1105021800,102.42,105.66,102.21,105.66,281500
MT,1105108200,105.66,106.74,101.61,102.36,180400
MT,1105367400,100.5,102,100.2,100.89,182700
MT,1105453800,100.5,100.53,92.28,92.31,342300
MT,1105540200,90.12,96.3,90.12,96.3,304400
MT,1105626600,97.65,104.4,97.65,102,298300
MT,1105713000,103.98,107.43,103.98,105.75,177100
MT,1106058600,109.35,109.5,106.23,106.59,149100
MT,1106145000,107.31,107.4,106.35,106.74,73300
MT,1106231400,106.35,106.35,102.39,105.6,66600
MT,1106317800,105.6,107.55,105.6,106.35,71100
MT,1106577000,106.38,107.79,104.55,105,58100
MT,1106663400,106.35,108.9,106.35,108.39,146900
MT,1106749800,108.87,109.65,102.96,106.5,137700
MT,1106836200,106.2,107.79,105.27,107.25,82400
MT,1106922600,108,108.75,107.34,107.34,50300
MT,1107181800,108,110.04,107.1,109.14,79800
MT,1107268200,109.5,111.45,109.2,110.46,133700
MT,1107354600,112.05,112.29,110.73,111.6,94000
MT,1107441000,111.6,111.75,109.65,110.25,89400
MT,1107527400,110.85,111.9,108.18,109.95,96800
MT,1107786600,110.64,114,110.64,112.35,55100
MT,1107873000,112.8,114.3,111.42,114,74700
MT,1107959400,114,114.93,112.5,112.95,95700
MT,1108045800,115.5,116.25,113.04,113.7,212300
MT,1108132200,114.45,116.1,113.55,115.2,112400
MT,1108391400,116.1,116.94,115.29,116.88,102200
MT,1108477800,116.97,116.97,114.3,114.6,88700
MT,1108564200,114.3,122.91,114,121.95,297900
MT,1108650600,122.4,122.73,117.72,119.1,330900
MT,1108737000,122.1,122.1,118.95,119.7,104500
MT,1109082600,120.45,120.45,114.45,114.45,184200
MT,1109169000,114.6,117,114.45,114.84,106200
MT,1109255400,115.59,118.8,115.47,118.65,155600
MT,1109341800,119.1,128.64,118.65,127.89,401100
MT,1109601000,128.7,129,122.55,125.4,287200
MT,1109687400,123.6,124.2,120.33,121.77,278900
MT,1109773800,123,124.44,120.03,123.6,166100
MT,1109860200,123.9,126.3,123.9,125.79,248400
MT,1109946600,126.45,131.58,126.45,127.08,396600
MT,1110205800,128.25,129.9,124.41,125.04,118300
MT,1110292200,125.04,125.04,117.42,121.23,463300
MT,1110378600,118.95,121.98,118.77,119.67,227400
MT,1110465000,119.46,120.75,115.83,116.61,295000
MT,1110551400,118.35,120.72,117.9,119.7,162500
MT,1110810600,119.7,119.7,116.25,117.48,211200
MT,1110897000,116.94,119.79,116.94,117.63,156800
MT,1110983400,117.51,117.9,108.6,108.78,338800
MT,1111069800,106.5,112.95,106.5,111.06,369400
MT,1111156200,111,111.18,107.55,107.58,136800
MT,1111415400,107.7,110.7,107.22,109.35,169200
MT,1111501800,110.1,113.22,109.2,110.88,180300
MT,1111588200,110.4,110.4,104.1,104.1,156600
MT,1111674600,104.49,106.32,101.46,102,213500
MT,1112020200,101.91,102.66,94.83,96.45,427100
MT,1112106600,96.84,97.05,89.1,90.3,452400
MT,1112193000,90.51,92.85,90,92.85,308700
MT,1112279400,93.75,98.1,92.85,97.05,367100
MT,1112365800,97.8,102,97.5,97.5,267000
MT,1112621400,97.2,97.2,93.54,94.08,151400
MT,1112707800,95.7,96.81,94.08,95.64,195200
MT,1112794200,95.43,96,94.23,95.07,194800
MT,1112880600,95.4,95.4,94.35,95.1,121600
MT,1112967000,95.7,95.7,92.91,93.03,170100
MT,1113226200,93.03,94.8,91.5,94.8,242400
MT,1113312600,94.35,95.55,91.95,95.4,370800
MT,1113399000,95.43,96,89.97,90.75,274600
MT,1113485400,90.03,90.06,82.65,84,722300
MT,1113571800,82.2,85.02,79.23,79.86,583700
MT,1113831000,79.5,84.21,78.66,82.65,311400
MT,1113917400,84,86.85,83.19,86.13,245900
MT,1114003800,86.94,90,85.95,87.51,353800
MT,1114090200,88.95,91.35,88.5,91.02,249400
MT,1114176600,91.05,91.2,83.1,85.44,319100
MT,1114435800,85.8,87.27,82.47,82.65,642000
MT,1114522200,82.8,83.4,76.56,77.4,999100
MT,1114608600,73.8,75,69.87,72,600700
MT,1114695000,72,73.05,68.37,72,672700
MT,1114781400,73.2,73.35,69.6,71.85,770700
MT,1115040600,71.85,72.06,70.2,71.04,231700
MT,1115127000,70.77,71.25,69,70.59,684800
MT,1115213400,70.59,75.15,70.2,74.52,597700
MT,1115299800,73.8,76.05,72.3,75.9,1.0694e+06
MT,1115386200,76.11,80.82,76.11,78.9,589600
MT,1115645400,79.65,81.27,79.2,81.06,570600
MT,1115731800,80.55,80.55,77.76,78,527100
MT,1115818200,78.03,79.14,76.59,78.84,307100
MT,1115904600,79.14,79.14,74.1,74.46,679300
MT,1115991000,74.37,74.46,70.5,72.15,474500
MT,1116250200,69.15,74.52,69.15,74.16,463000
MT,1116336600,74.22,75.18,72.15,74.25,271800
MT,1116423000,75,79.29,74.31,76.08,518700
MT,1116509400,75.75,76.74,73.02,76.35,181900
MT,1116595800,74.85,75.72,73.8,74.7,422900
MT,1116855000,74.85,75.9,74.28,75.36,117900
MT,1116941400,76.65,76.65,73.92,73.95,141900
MT,1117027800,73.92,73.95,68.76,71.22,805700
MT,1117114200,71.55,74.7,71.37,74.4,264000
MT,1117200600,75.57,76.8,75.03,75.78,216100
MT,1117546200,75.45,75.75,74.25,75,139900
MT,1117632600,75,76.26,74.43,75.36,315700
MT,1117719000,74.76,76.8,74.19,75.72,151800
MT,1117805400,75.45,77.25,75.18,75.33,117700
MT,1118064600,76.2,76.2,73.92,74.43,122600
MT,1118151000,75.54,75.6,74.25,75.03,127900
MT,1118237400,75.57,76.05,74.4,75.18,149500
MT,1118323800,74.73,75.3,74.4,74.76,207000
MT,1118410200,74.76,75.81,71.49,71.7,584900
MT,1118669400,73.05,73.92,70.59,71.73,378600
MT,1118755800,72.54,73.29,72.33,72.9,251600
MT,1118842200,73.56,75.6,73.5,75.27,183500
MT,1118928600,75.06,77.85,75.06,77.4,301100
MT,1119015000,78,79.17,78,78.3,208800
MT,1119274200,78,78.15,76.11,76.17,123700
MT,1119360600,75.42,75.45,73.65,74.04,341800
MT,1119447000,74.04,74.64,72.27,72.27,165600
MT,1119533400,72.27,72.3,68.7,69.75,282300
MT,1119619800,69.75,70.08,66.33,66.75,404600
MT,1119879000,66.75,67.83,66.48,67.65,110900
MT,1119965400,70.5,71.04,69.15,70.71,188300
MT,1120051800,72,72.24,70.98,71.85,132500
MT,1120138200,72.45,72.6,70.23,71.22,120800
MT,1120224600,70.8,71.7,70.65,71.16,45600
MT,1120570200,71.4,72.15,70.92,71.34,166000
MT,1120656600,71.34,72.9,70.98,72.39,110000
MT,1120743000,72.15,72.72,71.88,72.54,212800
MT,1120829400,72.93,74.85,72.93,74.82,171900
MT,1121088600,75.15,76.53,75.12,76.35,223700
MT,1121175000,76.23,81.12,75.96,80.85,688100
MT,1121261400,81.09,81.75,80.31,81.15,366300
MT,1121347800,81.45,81.72,78.24,78.33,256500
MT,1121434200,78.75,78.78,77.31,78.18,277300
MT,1121693400,76.5,78.54,76.5,78.03,75400
MT,1121779800,78.78,81.6,78.36,81.15,180900
MT,1121866200,81.3,84.48,81.3,83.49,287800
MT,1121952600,84,87.12,82.5,86.58,444700
MT,1122039000,87.75,89.25,87.45,87.78,352100
MT,1122298200,89.1,89.1,84.72,85.47,134800
MT,1122384600,84.6,88.47,83.52,87.99,325100
MT,1122471000,87,88.05,86.19,86.97,154300
MT,1122557400,87.3,88.74,87.3,88.68,289600
MT,1122643800,88.92,88.92,87,87.36,49800
MT,1122903000,87.06,88.53,86.49,87.6,91400
MT,1122989400,88.35,90.57,88.35,89.4,486400
MT,1123075800,89.94,90.6,87.75,87.75,124800
MT,1123162200,87.75,88.02,86.01,86.82,131200
MT,1123248600,86.94,87.9,83.01,85.8,186600
MT,1123507800,86.55,89.55,86.55,88.44,201300
MT,1123594200,89.4,90,87.72,87.9,282500
MT,1123680600,86.01,88.83,85.62,86.4,387900
MT,1123767000,86.4,88.95,86.4,87.75,658500
MT,1123853400,88.35,88.8,86.64,86.76,450600
MT,1124112600,87.3,88.35,86.4,88.2,213200
MT,1124199000,88.62,88.62,86.4,86.43,232500
MT,1124285400,86.04,87.72,85.95,86.82,272900
MT,1124371800,86.1,86.55,83.97,84.45,191000
MT,1124458200,84,85.35,84,84.27,163900
MT,1124717400,84.27,87.15,84.24,86.25,224200
MT,1124803800,86.88,86.88,83.07,83.49,350800
MT,1124890200,83.19,83.4,82.02,82.2,373600
MT,1124976600,81.96,84.03,81.96,82.47,246300
MT,1125063000,82.59,83.1,81.57,82.89,261600
MT,1125322200,82.89,86.1,82.5,84.48,124500
MT,1125408600,84.51,84.6,83.13,83.55,80900
MT,1125495000,84,84.45,82.68,84.45,143600
MT,1125581400,86.25,88.02,86.07,86.34,329100
MT,1125667800,87,87.39,85.8,86.25,164600
MT,1126013400,86.07,87.63,85.77,86.67,175000
MT,1126099800,87.6,89.22,87.6,87.87,555700
MT,1126186200,88.14,88.17,86.94,87.75,160700
MT,1126272600,88.35,89.37,87.75,89.25,200800
MT,1126531800,89.25,90.45,88.8,89.07,473800
MT,1126618200,90.45,90.69,89.7,89.97,195700
MT,1126704600,90.3,90.51,89.58,89.85,107600
MT,1126791000,90.6,91.11,90,90.42,165800
MT,1126877400,90.9,91.8,90.84,91.08,292300
MT,1127136600,90.75,91.5,90.15,91.05,170000
MT,1127223000,91.5,92.34,87.66,88.53,394600
MT,1127309400,88.65,90.57,88.38,88.8,198000
MT,1127395800,88.47,90.57,88.47,89.25,325400
MT,1127482200,90,90,88.65,89.28,222000
MT,1127741400,89.85,90.72,88.95,89.97,249400
MT,1127827800,90,90.27,88.2,88.2,211600
MT,1127914200,88.77,89.25,87.51,87.6,242900
MT,1128000600,87.54,88.2,86.61,86.7,254700
MT,1128087000,86.55,87.3,84.39,86.4,625500
MT,1128346200,88.2,88.62,85.53,86.1,224900
MT,1128432600,86.1,86.16,82.56,82.8,341500
MT,1128519000,82.83,82.83,78.6,78.75,539800
MT,1128605400,79.2,79.5,76.53,77.85,482000
MT,1128691800,79.2,79.65,77.4,77.88,347500
MT,1128951000,81,81,77.04,77.79,623200
MT,1129037400,78.06,79.02,76.89,77.37,221600
MT,1129123800,77.7,77.7,73.08,74.25,330300
MT,1129210200,73.71,73.74,70.32,71.82,640600
MT,1129296600,73.47,73.5,71.64,73.2,551400
MT,1129555800,73.2,74.4,72.93,73.47,397100
MT,1129642200,73.5,73.65,71.1,71.55,391400
MT,1129728600,70.8,72.93,68.85,72.69,527700
MT,1129815000,74.22,74.64,70.53,71.13,328100
MT,1129901400,71.34,72.78,71.01,71.22,225400
MT,1130160600,71.97,76.47,71.97,76.17,477000
MT,1130247000,77.85,79.11,75.51,75.9,565200
MT,1130333400,77.25,78.6,76.5,77.28,286000
MT,1130419800,76.8,76.92,72.15,72.27,258100
MT,1130506200,72.6,76.41,72.6,75.9,251400
MT,1130769000,76.5,77.46,75.54,75.9,289900
MT,1130855400,75.9,78.24,75.6,78,247000
MT,1130941800,78,78.99,77.82,78.78,323000
MT,1131028200,78.03,79.2,77.61,78.45,379600
MT,1131114600,78.45,78.45,75.6,76.98,205800
MT,1131373800,77.37,77.7,75.6,75.78,195400
MT,1131460200,76.2,76.2,74.4,75.06,206100
MT,1131546600,75.6,75.6,72.21,72.48,452400
MT,1131633000,73.65,74.1,72,74.1,358800
MT,1131719400,74.94,79.44,74.58,78.96,437200
MT,1131978600,78.96,79.29,77.7,79.29,981100
MT,1132065000,79.2,80.97,78.39,79.56,751200
MT,1132151400,80.25,80.43,79.05,79.53,370900
MT,1132237800,79.8,80.55,78.81,80.19,380200
MT,1132324200,80.1,80.64,79.2,79.92,257800
MT,1132583400,80.55,84,80.49,83.58,770300
MT,1132669800,83.94,83.94,80.73,81.99,509700
MT,1132756200,83.85,84.36,81.66,82.38,424700
MT,1132929000,82.8,83.7,81,81.57,101700
MT,1133188200,82.8,82.86,80.61,80.94,299000
MT,1133274600,82.5,84,81.87,81.9,456400
MT,1133361000,82.35,83.07,81.93,82.77,300400
MT,1133447400,83.4,86.19,83.34,85.38,745200
MT,1133533800,85.5,85.5,83.1,83.4,673600
MT,1133793000,84.75,85.5,84.39,84.48,312700
MT,1133879400,86.1,86.1,84.06,84.81,262500
MT,1133965800,85.56,85.71,84.42,85.23,286900
MT,1134052200,84.6,84.75,83.25,83.46,280400
MT,1134138600,84.42,84.42,82.8,82.98,169000
MT,1134397800,83.7,83.88,81.48,82.32,310800
MT,1134484200,82.05,82.11,78.81,79.38,510300
MT,1134570600,79.59,80.91,79.35,80.7,269700
MT,1134657000,80.7,80.7,77.94,78.03,318600
MT,1134743400,78.75,80.07,78.69,78.78,149100
MT,1135002600,78.78,79.35,77.4,77.55,195100
MT,1135089000,77.7,78.48,76.38,76.83,163000
MT,1135175400,77.22,79.14,77.16,77.7,226900
MT,1135261800,78.72,78.78,77.4,78.48,204400
MT,1135348200,78.45,78.75,77.85,78.27,129700
MT,1135693800,78.75,78.75,77.25,77.55,159500
MT,1135780200,77.55,78.06,77.31,77.4,179300
MT,1135866600,77.73,80.31,76.8,79.95,228500
MT,1135953000,78.6,79.35,78.48,78.99,156300
MT,1136298600,81.75,82.29,80.16,80.49,368200
MT,1136385000,81.6,81.87,80.82,81.66,222400
MT,1136471400,81,81.09,79.14,80.25,244700
MT,1136557800,81,82.98,80.49,82.98,331000
MT,1136817000,83.85,85.5,83.1,84.75,454300
MT,1136903400,84.3,86.07,83.49,85.05,434600
MT,1136989800,85.5,86.4,85.5,86.1,331800
MT,1137076200,86.1,86.1,83.94,84.54,260000
MT,1137162600,84.75,84.81,83.88,84.09,276300
MT,1137508200,84.45,86.19,84.12,85.56,247800
MT,1137594600,84.6,84.93,83.61,83.76,182100
MT,1137681000,84.9,87.21,84.45,86.46,638100
MT,1137767400,86.52,87.18,85.2,85.56,163600
MT,1138026600,85.89,88.11,85.56,87.72,253100
MT,1138113000,89.67,91.71,88.92,91.29,916000
MT,1138199400,92.55,96.15,92.46,92.67,989500
MT,1138285800,93.42,97.59,93.24,96.9,637300
MT,1138372200,100.53,105.03,100.11,102.78,2.3804e+06
MT,1138631400,108,109.02,106.77,107.1,1.8928e+06
MT,1138717800,106.35,109.65,104.49,108.6,955800
MT,1138804200,108,109.05,106.83,107.7,718000
MT,1138890600,106.5,107.7,103.65,105.81,597400
MT,1138977000,105.45,109.2,105.27,106.14,766000
MT,1139236200,106.8,108.6,106.5,106.95,610500
MT,1139322600,108,109.08,99.75,102.96,868400
MT,1139409000,100.86,103.62,98.4,102.99,704700
MT,1139495400,102.66,103.92,99,100.2,841800
MT,1139581800,100.47,100.5,97.05,100.2,383500
MT,1139841000,100.2,102.33,100.2,101.1,449900
MT,1139927400,101.1,105.66,101.1,103.8,428300
MT,1140013800,102.81,103.71,96.9,97.05,612500
MT,1140100200,97.32,100.56,95.25,99.51,862800
MT,1140186600,98.85,100.29,98.4,99,433800
MT,1140532200,99.75,100.86,98.85,99.3,234400
MT,1140618600,99.3,99.84,97.86,98.52,308200
MT,1140705000,99.06,102.84,98.46,102.09,549500
MT,1140791400,100.8,102.21,100.59,101.88,207100
MT,1141050600,101.16,101.4,100.14,100.53,298200
MT,1141137000,100.77,100.77,98.61,99.36,248900
MT,1141223400,101.55,102.3,100.47,101.85,534300
MT,1141309800,103.32,105.3,102.75,103.95,386800
MT,1141396200,105.3,108.99,105,105.12,439400
MT,1141655400,108.6,108.6,100.53,103.8,275200
MT,1141741800,102.75,102.75,99.6,100.5,244700
MT,1141828200,99.15,101.85,97.65,101.43,291400
MT,1141914600,102,102.3,97.95,97.95,366100
MT,1142001000,99.03,102.33,97.2,101.16,474300
MT,1142260200,101.1,101.52,99.3,101.25,170600
MT,1142346600,102,104.76,100.14,103.17,738900
MT,1142433000,105,105,103.26,103.56,544900
MT,1142519400,104.25,105.87,103.23,105.6,440700
MT,1142605800,105.39,113.7,104.97,112.35,967400
MT,1142865000,109.32,112.59,108,112.56,853600
MT,1142951400,109.35,110.55,107.25,108.21,749400
MT,1143037800,107.97,109.77,105.72,108.54,431800
MT,1143124200,108.6,108.9,107.16,107.31,426400
MT,1143210600,108.45,112.71,107.7,112.62,527100
MT,1143469800,112.98,115.29,111.3,114.03,512400
MT,1143556200,113.97,116.55,112.8,116.04,534100
MT,1143642600,114.75,119.25,114.15,117.9,568000
MT,1143729000,117.6,118.65,115.26,115.86,309600
MT,1143815400,115.95,115.95,112.74,113.25,252600
MT,1144071000,115.2,118.14,113.34,113.4,427700
MT,1144157400,114.9,115.65,111.96,115.53,515200
MT,1144243800,115.2,115.89,113.55,114.36,413800
MT,1144330200,114.9,115.35,112.83,114,209400
MT,1144416600,114.81,116.22,112.2,116.22,615800
MT,1144675800,115.95,116.07,112.83,113.16,362400
MT,1144762200,114.3,114.6,110.1,111.18,146100
MT,1144848600,111.6,112.8,110.61,112.53,134400
MT,1144935000,113.55,114.18,111.48,112.86,162100
MT,1145280600,114.3,115.44,113.31,113.52,155500
MT,1145367000,115.35,120.42,115.32,119.31,525100
MT,1145453400,118.5,118.71,117.03,117.78,246200
MT,1145539800,118.53,118.71,113.37,113.55,387300
MT,1145626200,115.65,117.69,114.63,115.65,270700
MT,1145885400,117,117.06,113.43,113.82,191600
MT,1145971800,115.2,115.8,113.55,113.67,191900
MT,1146058200,114.9,116.04,114.18,115.29,216800
MT,1146144600,112.2,113.04,108,109.14,803000
MT,1146231000,110.4,112.59,109.56,112.47,191600
MT,1146490200,113.25,115.44,112.5,113.55,156600
MT,1146576600,115.2,115.5,114.48,114.96,256200
MT,1146663000,114.45,115.02,113.25,114.93,486000
MT,1146749400,115.2,120.3,114.63,119.85,486300
MT,1146835800,120.6,121.89,120.15,120.63,352100
MT,1147095000,122.1,127.71,121.35,126.84,532700
MT,1147181400,127.71,128.43,123.66,123.9,451400
MT,1147267800,123.87,126,123.3,124.47,314700
MT,1147354200,125.1,125.25,117.27,117.75,440700
MT,1147440600,121.95,122.67,113.43,114.36,1.0733e+06
MT,1147699800,114,114.03,106.53,111.03,695400
MT,1147786200,110.85,110.88,105.51,106.89,889200
MT,1147872600,108.6,110.25,103.62,104.04,786600
MT,1147959000,105.9,106.59,101.25,102.48,765800
MT,1148045400,100.8,100.8,96.3,99.3,2.6264e+06
MT,1148304600,96,96,90.06,91.32,1.9833e+06
MT,1148391000,94.47,94.62,92.13,92.4,1.4925e+06
MT,1148477400,92.34,92.43,86.85,88.65,1.1795e+06
MT,1148563800,92.97,104.94,91.8,96.93,3.6062e+06
MT,1148650200,96.18,101.16,93.78,101.13,1.4995e+06
MT,1148995800,99.75,100.5,96.33,97.35,708400
MT,1149082200,98.7,99.81,96.66,98.94,365300
MT,1149168600,98.7,102.57,98.4,101.4,625100
MT,1149255000,103.17,104.22,99.6,102.57,561500
MT,1149514200,102.18,102.18,95.22,96.75,302300
MT,1149600600,96.75,96.78,94.5,95.1,354400
MT,1149687000,94.8,96.09,93.03,93.57,322200
MT,1149773400,92.76,92.76,86.4,91.2,876300
MT,1149859800,92.01,95.82,90.57,91.8,822600
MT,1150119000,91.5,91.77,86.73,87.18,295100
MT,1150205400,87.21,90.24,85.95,89.19,645500
MT,1150291800,87.66,91.92,87.39,90.18,569100
MT,1150378200,91.5,98.34,91.5,98.25,716600
MT,1150464600,94.5,95.01,91.56,94.2,736300
MT,1150723800,94.14,96.3,93.06,94.59,827900
MT,1150810200,94.05,98.55,94.02,98.55,1.0143e+06
MT,1150896600,96.66,100.59,96.66,99.15,1.1385e+06
MT,1150983000,100.38,100.38,94.02,94.35,545200
MT,1151069400,97.5,97.5,93.69,96.51,1.6272e+06
MT,1151328600,89.25,95.07,89.1,94.2,3.1556e+06
MT,1151415000,91.5,92.07,88.98,89.85,1.7656e+06
MT,1151501400,88.38,91.32,88.2,90.54,1.8286e+06
MT,1151587800,90.75,96.99,89.46,96.96,2.0532e+06
MT,1151674200,92.7,93.96,90.99,91.53,1.9892e+06
MT,1151933400,91.5,91.5,89.43,89.67,1.2912e+06
MT,1152106200,85.35,85.53,83.37,84.87,3.1175e+06
MT,1152192600,84.87,86.4,83.52,85.92,2.0019e+06
MT,1152279000,89.1,89.28,86.88,88.32,1.6358e+06
MT,1152538200,87.9,88.38,86.22,86.28,851200
MT,1152624600,87.45,88.53,85.35,88.23,671000
MT,1152711000,91.35,92.82,90.78,92.25,1.7958e+06
MT,1152797400,95.7,99,93,94.5,3.5593e+06
MT,1152883800,97.2,97.95,91.53,95.1,1.5068e+06
MT,1153143000,94.11,95.01,90.3,91.35,729000
MT,1153229400,93,93.6,91.65,93.54,1.0425e+06
MT,1153315800,96,99.78,95.25,99.51,1.3375e+06
MT,1153402200,100.65,102.42,95.88,96.9,1.3316e+06
MT,1153488600,98.28,98.52,95.43,97.32,1.8526e+06
MT,1153747800,96.27,97.14,93.12,96.45,1.3238e+06
MT,1153834200,96.33,96.69,94.65,96.15,888000
MT,1153920600,99.9,100.02,97.77,99.75,1.1653e+06
MT,1154007000,99.9,101.22,98.76,99.03,700200
MT,1154093400,100.26,101.01,99.21,100.98,932700
MT,1154352600,100.5,102.63,100.17,102.63,2.1395e+06
MT,1154439000,103.68,104.07,102.78,103.02,882000
MT,1154525400,102.6,104.58,101.49,103.53,887800
MT,1154611800,103.8,103.8,101.4,102.3,699500
MT,1154698200,103.14,103.41,99.42,99.9,714700
MT,1154957400,100.2,100.5,99.24,99.75,299200
MT,1155043800,98.46,99,97.41,98.1,744500
MT,1155130200,97.41,98.1,96.84,97.2,1.1584e+06
MT,1155216600,96.6,96.6,94.98,96.57,801200
MT,1155303000,95.49,95.61,91.65,93.39,811900
MT,1155562200,95.19,95.19,93.03,93.42,775700
MT,1155648600,95.1,95.67,94.11,95.64,713100
MT,1155735000,96.3,98.1,96.27,98.1,621400
MT,1155821400,98.7,98.82,96.45,96.9,861100
MT,1155907800,96.24,96.93,95.22,96.3,254800
MT,1156167000,97.5,97.65,95.58,96.21,501000
MT,1156253400,96.45,97.35,95.82,96.81,338800
MT,1156339800,99.48,99.81,96.84,97.86,929300
MT,1156426200,100.47,101.46,99.84,100.5,948400
MT,1156512600,101.55,101.79,100.53,101.28,343100
MT,1156771800,101.64,102,100.53,100.86,822800
MT,1156858200,100.62,100.62,98.01,99.24,757500
MT,1156944600,100.41,100.8,99.63,100.65,644900
MT,1157031000,100.35,103.08,99.48,102.75,699100
MT,1157117400,102.93,104.82,102.63,103.8,513500
MT,1157463000,103.59,105.27,103.17,104.25,322700
MT,1157549400,103.2,103.23,101.1,101.73,463700
MT,1157635800,101.67,101.73,99.72,100.5,519100
MT,1157722200,101.01,101.58,100.11,100.89,470200
MT,1157981400,100.95,100.95,95.97,96.75,1.272e+06
MT,1158067800,98.28,99.3,97.26,98.67,608400
MT,1158154200,99.3,100.95,99.15,100.5,671500
MT,1158240600,102.27,102.69,100.95,101.79,615500
MT,1158327000,101.4,102.09,99.45,101.19,681400
MT,1158586200,102.12,103.65,101.64,102.69,398700
MT,1158672600,102.78,102.78,100.53,101.67,475200
MT,1158759000,102.18,102.54,101.19,101.85,373900
MT,1158845400,102.21,102.42,100.38,101.19,777300
MT,1158931800,100.98,100.98,99.06,99.96,562500
MT,1159191000,98.52,98.61,95.1,96.9,748300
MT,1159277400,98.1,99.75,97.89,99.6,410300
MT,1159363800,102.18,102.3,100.32,101.49,892100
MT,1159450200,104.76,104.82,102.81,103.35,1.3416e+06
MT,1159536600,104.61,104.76,103.62,104.22,949800
MT,1159795800,103.98,105.48,103.2,103.8,386400
MT,1159882200,103.08,103.68,102.21,102.45,697300
MT,1159968600,102.3,103.77,101.7,103.62,398800
MT,1160055000,105.9,107.4,104.28,106.62,1.1123e+06
MT,1160141400,107.4,108.81,106.89,108.78,809100
MT,1160400600,109.23,111.42,109.08,109.26,675400
MT,1160487000,112.02,112.89,111.48,112.38,1.3569e+06
MT,1160573400,111.27,111.93,110.46,110.79,1.0053e+06
MT,1160659800,112.5,113.79,112.35,113.7,580500
MT,1160746200,113.04,114.93,112.86,114.45,972800
MT,1161005400,116.4,117.75,116.34,117,1.7378e+06
MT,1161091800,116.43,117.66,114.9,116.52,1.1359e+06
MT,1161178200,119.7,119.94,117.72,118.59,1.1662e+06
MT,1161264600,119.37,120.78,118.86,120.6,1.5281e+06
MT,1161351000,120.45,121.59,120.03,120.96,1.0738e+06
MT,1161610200,120.51,123.75,120.3,123.27,913300
MT,1161696600,126.15,128.7,125.61,128.4,2.5344e+06
MT,1161783000,127.17,130.02,127.14,129.72,1.0514e+06
MT,1161869400,127.98,129.81,127.14,129.81,926500
MT,1161955800,128.31,129.3,127.2,128.46,620600
MT,1162218600,125.94,126.51,125.49,126.42,658500
MT,1162305000,127.29,129.21,127.23,128.25,620400
MT,1162391400,130.2,131.01,127.26,127.71,721200
MT,1162477800,126.33,126.72,124.74,126.09,847600
MT,1162564200,125.07,126.75,124.95,125.85,559300
MT,1162823400,124.62,126.84,124.44,126,669600
MT,1162909800,124.95,125.16,123.57,124.5,540900
MT,1162996200,124.11,124.98,123.57,124.8,447900
MT,1163082600,128.04,129.51,125.64,126.15,1.4206e+06
MT,1163169000,129.51,129.51,126.39,127.38,1.076e+06
MT,1163428200,128.7,129.33,127.98,128.82,698800
MT,1163514600,127.8,128.49,126.3,127.71,716800
MT,1163601000,124.32,126.15,124.23,125.13,892200
MT,1163687400,124.47,124.62,121.44,122.61,1.1897e+06
MT,1163773800,121.89,123.12,120.09,121.17,1.0957e+06
MT,1164033000,122.94,123.45,121.26,121.86,709100
MT,1164119400,124.05,124.95,123.72,124.44,500100
MT,1164205800,127.47,127.62,126.03,126.63,565500
MT,1164378600,124.74,125.67,124.2,125.07,276900
MT,1164637800,126.99,127.17,124.8,125.46,763100
MT,1164724200,122.13,122.85,121.41,122.19,927800
MT,1164810600,123.57,126.87,123.39,125.52,1.1595e+06
MT,1164897000,124.59,124.95,123.21,123.63,640700
MT,1164983400,123.6,123.6,120.36,121.26,828300
MT,1165242600,121.14,124.11,121.14,123.54,844400
MT,1165329000,124.59,126.21,123.96,125.4,599600
MT,1165415400,125.31,127.29,124.65,125.64,749100
MT,1165501800,127.71,130.8,127.32,129.45,867600
MT,1165588200,128.1,128.1,126.12,127.35,418800
MT,1165847400,128.88,130.17,128.37,129.69,755200
MT,1165933800,126.45,126.48,122.7,123,1.508e+06
MT,1166020200,125.19,127.11,124.86,126.69,704000
MT,1166106600,124.83,125.61,123.42,124.59,575000
MT,1166193000,125.97,125.97,124.05,125.58,321300
MT,1166452200,126.15,126.21,123.03,123.3,426200
MT,1166538600,123.03,124.38,122.58,124.2,363200
MT,1166625000,125.94,126.72,124.68,125.34,339100
MT,1166711400,125.97,126.21,124.23,125.7,431300
MT,1166797800,125.88,126.06,123.78,125.07,301600
MT,1167143400,125.04,126,123.66,124.35,408800
MT,1167229800,124.86,126.03,124.71,125.67,486300
MT,1167316200,126.81,127.47,126.03,126.78,350100
MT,1167402600,126.39,126.69,125.85,126.54,179300
MT,1167834600,125.85,126.15,121.29,122.4,1.0698e+06
MT,1167921000,120.36,120.51,118.77,120,615900
MT,1168007400,121.29,121.41,119.28,120.03,433500
MT,1168266600,119.91,121.41,119.49,120.96,365800
MT,1168353000,121.71,121.74,120,121.05,393700
MT,1168439400,119.91,121.11,119.13,120.6,366700
MT,1168525800,120.69,121.11,118.95,119.64,558900
MT,1168612200,120.84,122.64,120.63,121.68,643800
MT,1168957800,124.68,125.07,124.35,124.53,535100
MT,1169044200,122.67,123.87,121.98,123.42,368000
MT,1169130600,125.64,125.85,122.67,122.85,434900
MT,1169217000,122.07,125.67,121.98,125.31,376600
MT,1169476200,127.05,127.23,125.76,126.33,468700
MT,1169562600,128.88,131.19,128.85,130.77,856400
MT,1169649000,134.97,137.94,134.91,137.13,1.06e+06
MT,1169735400,137.7,138.33,135.36,136.35,986900
MT,1169821800,135.42,137.37,134.76,136.86,442000
MT,1170081000,136.74,139.05,136.68,137.58,374200
MT,1170167400,137.43,141.21,136.95,140.67,695100
MT,1170253800,138.87,142.71,138.15,142.71,903700
MT,1170340200,143.88,145.47,143.34,145.2,727900
MT,1170426600,142.71,143.4,141.18,142.68,483400
MT,1170685800,141.69,143.55,141.45,142.77,486900
MT,1170772200,141.45,142.53,141.09,141.99,486100
MT,1170858600,142.77,144.33,142.56,143.76,517700
MT,1170945000,141.36,142.98,140.34,142.59,499300
MT,1171031400,142.17,142.68,139.62,139.98,474200
MT,1171290600,139.62,141.54,139.35,140.13,444100
MT,1171377000,141.69,143.28,140.67,141.39,753400
MT,1171463400,147.75,148.14,146.31,147.66,804300
MT,1171549800,150,150.78,149.1,150.3,737500
MT,1171636200,151.74,153.09,151.08,152.85,550100
MT,1171981800,150.03,152.55,149.13,151.95,498700
MT,1172068200,151.26,155.52,150.54,154.32,805500
MT,1172154600,155.85,156.15,153.87,155.82,763400
MT,1172241000,156.12,156.84,154.5,156.42,642600
MT,1172500200,161.31,162.15,159,160.44,1.1385e+06
MT,1172586600,154.26,155.25,144.21,147.39,1.3781e+06
MT,1172673000,149.25,153.39,147.78,152.58,1.2033e+06
MT,1172759400,149.73,163.05,148.44,156.75,2.949e+06
MT,1172845800,157.47,158.04,153.03,153.87,939700
MT,1173105000,148.32,150.45,146.67,147.24,1.3464e+06
MT,1173191400,151.83,153.87,150.6,152.52,651800
MT,1173277800,154.14,156.33,153.66,154.62,678500
MT,1173364200,157.59,158.97,156.48,157.5,865100
MT,1173450600,156.96,157.98,155.37,156.51,577000
MT,1173706200,154.41,157.17,153.69,155.64,624200
MT,1173792600,154.2,155.55,150.09,150.63,805600
MT,1173879000,150.36,151.71,147.72,151.71,730600
MT,1173965400,149.07,152.16,148.92,151.05,503800
MT,1174051800,151.8,152.97,149.97,150.15,609200
MT,1174311000,149.64,150.21,148.17,149.55,646600
MT,1174397400,147.84,149.91,146.97,149.61,1.0178e+06
MT,1174483800,152.76,160.17,152.46,159.27,1.0921e+06
MT,1174570200,159.42,159.42,155.13,156.36,969500
MT,1174656600,155.79,158.91,155.46,157.95,788800
MT,1174915800,159.84,161.22,157.65,161.07,953200
MT,1175002200,159.78,159.87,157.05,157.32,810900
MT,1175088600,155.22,155.82,152.85,153,639200
MT,1175175000,157.62,159.87,156.27,159.36,887600
MT,1175261400,158.76,160.17,158.25,158.67,705800
MT,1175520600,160.17,161.46,159.3,160.8,599200
MT,1175607000,160.77,162.36,159.99,160.8,391400
MT,1175693400,160.98,165.54,160.65,165.12,1.3171e+06
MT,1175779800,162.42,165.36,162.36,164.46,551800
MT,1176125400,165,166.02,163.53,163.71,548600
MT,1176211800,166.35,166.47,164.67,166.02,543800
MT,1176298200,165.81,165.99,162.69,163.05,684300
MT,1176384600,161.97,164.04,161.97,163.05,559200
MT,1176471000,162.75,163.65,162.51,163.08,783100
MT,1176730200,164.16,164.67,163.35,164.31,695800
MT,1176816600,162.54,162.72,160.35,160.5,810400
MT,1176903000,158.7,160.17,157.5,159.63,518800
MT,1176989400,158.04,160.5,157.26,160.2,848200
MT,1177075800,164.07,166.17,164.07,164.64,1.2416e+06
MT,1177335000,163.56,165.33,163.44,164.13,533500
MT,1177421400,162.33,163.08,160.98,162.27,731500
MT,1177507800,163.23,163.86,161.7,162.75,572400
MT,1177594200,162,162.24,159.96,160.8,570800
MT,1177680600,160.95,161.82,160.26,161.04,723200
MT,1177939800,162.51,163.5,160.2,160.26,510400
MT,1178026200,160.35,162.12,157.23,158.85,698300
MT,1178112600,160.44,163.08,160.2,162.96,777500
MT,1178199000,164.22,164.49,161.7,163.53,697100
MT,1178285400,165.9,171.12,165.75,169.41,1.0923e+06
MT,1178544600,173.85,173.97,172.23,172.44,596300
MT,1178631000,168.87,169.56,167.31,169.2,775000
MT,1178717400,169.38,172.41,169.38,172.05,745400
MT,1178803800,168.42,169.26,164.7,165.03,661300
MT,1178890200,167.76,169.89,166.77,168.96,475500
MT,1179149400,169.47,171.57,169.35,170.19,891200
MT,1179235800,170.97,175.02,170.82,174.24,959800
MT,1179322200,171.18,173.52,169.5,172.02,1.2689e+06
MT,1179408600,172.77,174.3,170.76,172.95,961200
MT,1179495000,177.45,178.59,177,177.87,1.1939e+06
MT,1179754200,177.57,179.4,176.16,177.36,1.2343e+06
MT,1179840600,177.36,178.05,175.83,175.83,744900
MT,1179927000,177.78,179.28,175.08,175.71,1.0285e+06
MT,1180013400,176.34,177.51,171.27,172.26,1.4022e+06
MT,1180099800,173.85,176.61,173.1,176.07,629700
MT,1180445400,176.52,177.15,173.55,175.8,921100
MT,1180531800,172.95,175.98,172.53,175.98,748400
MT,1180618200,178.89,180.36,178.05,179.97,932600
MT,1180704600,182.7,190.65,182.58,190.11,1.9069e+06
MT,1180963800,188.01,190.08,187.68,189.69,880000
MT,1181050200,190.62,191.49,189.06,190.08,563300
MT,1181136600,188.28,188.43,185.07,186.42,700100
MT,1181223000,185.37,186.66,180.39,181.2,645500
MT,1181309400,181.89,186.45,181.08,185.1,804200
MT,1181568600,185.16,188.67,184.35,186,1.0419e+06
MT,1181655000,185.52,186.66,182.1,182.28,816900
MT,1181741400,186.78,190.29,186.78,189.57,1.2421e+06
MT,1181827800,191.91,194.7,191.7,193.62,813800
MT,1181914200,193.74,194.22,191.13,192.81,591400
MT,1182173400,195.12,195.78,193.77,195,509800
MT,1182259800,195.36,198.27,194.94,197.85,511400
MT,1182346200,200.61,200.7,196.77,196.83,763100
MT,1182432600,196.41,199.5,194.88,198.93,810300
MT,1182519000,195.6,195.69,192.15,193.23,612200
MT,1182778200,194.28,195.96,192.39,192.6,655400
MT,1182864600,189.03,189.45,184.02,185.19,1.2696e+06
MT,1182951000,184.86,185.76,183.27,185.76,1.5299e+06
MT,1183037400,187.68,188.64,186.9,187.95,595100
MT,1183123800,187.32,189,186.09,187.2,525500
MT,1183383000,191.31,195,190.89,194.49,491400
MT,1183469400,191.67,193.41,191.67,192.42,397100
MT,1183642200,194.37,194.94,191.91,194.16,379500
MT,1183728600,194.16,195.33,193.41,194.46,335200
MT,1183987800,199.89,201.6,199.11,200.1,810700
MT,1184074200,195.06,197.13,193.08,194.04,691600
MT,1184160600,196.77,200.25,196.41,199.23,547100
MT,1184247000,200.85,203.67,200.67,203.67,673700
MT,1184333400,202.26,202.71,200.28,201.57,466100
MT,1184592600,198.81,200.28,198.06,199.35,382600
MT,1184679000,197.91,200.7,197.67,198.57,412700
MT,1184765400,197.37,198.21,195.09,196.29,619900
MT,1184851800,199.59,199.71,196.74,198.03,759400
MT,1184938200,198.12,198.18,195.3,196.95,622600
MT,1185197400,200.49,201.66,198.99,200.91,542800
MT,1185283800,197.37,199.77,194.61,195.48,695200
MT,1185370200,196.62,197.1,192.48,194.55,637600
MT,1185456600,187.5,188.31,179.76,184.05,1.3046e+06
MT,1185543000,184.95,185.4,179.31,181.95,628900
MT,1185802200,186.03,188.76,183.96,187.65,664600
MT,1185888600,189,189.39,183,183.06,738400
MT,1185975000,192.87,196.8,189,195.93,2.4931e+06
MT,1186061400,192.33,195.84,191.46,194.34,811400
MT,1186147800,192.3,193.38,188.73,189.27,826100
MT,1186407000,189.42,191.04,185.82,190.62,1.1345e+06
MT,1186493400,182.61,192.39,182.43,189.45,1.4355e+06
MT,1186579800,188.64,194.04,188.64,192.6,1.2923e+06
MT,1186666200,179.16,184.44,177.6,179.49,1.4672e+06
MT,1186752600,173.43,176.94,171.24,175.29,1.2679e+06
MT,1187011800,177.93,178.47,173.91,174.63,521700
MT,1187098200,177.75,177.99,170.1,170.64,787000
MT,1187184600,168.57,171.09,165.57,166.02,876100
MT,1187271000,162.06,163.8,153.54,161.46,1.43e+06
MT,1187357400,164.58,177.69,160.65,165.99,1.5728e+06
MT,1187616600,168.81,170.19,164.31,169.56,769800
MT,1187703000,172.05,174.45,170.37,172.26,692300
MT,1187789400,176.73,181.38,176.46,180.45,617500
MT,1187875800,182.28,182.79,176.58,178.8,528400
MT,1187962200,188.64,193.32,187.83,193.02,1.3351e+06
MT,1188221400,193.14,194.55,190.5,193.17,580500
MT,1188307800,185.79,187.32,182.49,183.93,792600
MT,1188394200,189.51,193.8,188.55,193.5,625900
MT,1188480600,190.29,194.79,190.08,193.35,525500
MT,1188567000,198.12,200.31,195.78,198.6,568500
MT,1188912600,196.86,199.86,196.44,198.69,417500
MT,1188999000,195.33,196.47,193.74,195.15,465400
MT,1189085400,196.83,199.26,194.37,197.91,566000
MT,1189171800,193.92,195.33,191.22,191.94,525800
MT,1189431000,190.83,190.98,186.18,186.96,623300
MT,1189517400,190.83,194.88,190.35,194.79,500400
MT,1189603800,189.69,192.45,188.88,190.8,554900
MT,1189690200,200.4,203.88,199.29,201.3,989900
MT,1189776600,201.6,205.89,200.46,204.75,566400
MT,1190035800,199.56,201.48,197.58,198.78,496600
MT,1190122200,204.69,214.74,203.04,214.74,1.0264e+06
MT,1190208600,214.62,217.92,210.84,214.05,988800
MT,1190295000,219.66,221.46,218.94,220.32,791600
MT,1190381400,227.49,228.78,225,228.33,1.5421e+06
MT,1190640600,231.9,232.92,229.89,231.51,739600
MT,1190727000,229.47,231.15,228.15,230.91,659900
MT,1190813400,234.9,235.35,231.09,234.39,616700
MT,1190899800,235.77,237.72,233.88,235.65,656400
MT,1190986200,234.66,236.88,233.25,235.08,439700
MT,1191245400,236.37,241.23,236.1,240.24,663400
MT,1191331800,236.82,237.6,232.26,234.84,826600
MT,1191418200,230.37,231.69,227.76,227.76,618500
MT,1191504600,226.2,229.98,225.33,228.39,594900
MT,1191591000,228.54,235.95,228.54,234,732700
MT,1191850200,230.67,231,228.42,230.7,383000
MT,1191936600,228.48,234.87,228.39,234.75,485500
MT,1192023000,235.08,237,233.55,234.39,522000
MT,1192109400,240.18,243.06,233.58,235.71,1.0121e+06
MT,1192195800,236.79,236.82,233.28,235.23,650200
MT,1192455000,237.75,238.74,232.41,233.97,651200
MT,1192541400,228.15,229.59,225.06,225.93,900100
MT,1192627800,232.98,237.09,231.51,234.51,1.1733e+06
MT,1192714200,233.37,238.92,233.34,238.29,692600
MT,1192800600,238.95,239.46,231.84,232.89,973600
MT,1193059800,225.87,228.3,222.99,226.59,927700
MT,1193146200,232.77,238.08,232.77,237.96,839100
MT,1193232600,235.14,236.55,232.08,235.95,846200
MT,1193319000,238.26,239.07,234,236.82,677500
MT,1193405400,239.19,245.82,238.11,244.71,738900
MT,1193664600,247.26,251.64,247.2,251.64,887900
MT,1193751000,243.96,244.5,237.45,238.08,1.4693e+06
MT,1193837400,241.71,243,237,239.85,1.2165e+06
MT,1193923800,231.27,231.78,225.03,225.93,1.1962e+06
MT,1194010200,226.92,229.59,224.49,227.16,1.2425e+06
MT,1194273000,227.55,229.17,222,226.62,907800
MT,1194359400,228.75,233.58,228.75,232.14,622600
MT,1194445800,233.07,233.34,222.9,224.31,777100
MT,1194532200,238.5,238.56,223.95,230.16,1.5861e+06
MT,1194618600,227.13,228.75,217.5,219.03,1.6023e+06
MT,1194877800,211.68,213.84,205.8,205.8,1.4528e+06
MT,1194964200,209.94,220.77,209.22,217.95,1.2182e+06
MT,1195050600,222.33,222.45,216.15,218.1,945800
MT,1195137000,210.99,214.59,206.82,208.65,867100
MT,1195223400,213.03,213.54,209.46,212.25,1.2759e+06
MT,1195482600,211.17,211.17,203.04,204.99,985700
MT,1195569000,211.26,216.36,209.55,212.7,1.1848e+06
MT,1195655400,209.49,213.57,205.8,209.22,1.0054e+06
MT,1195828200,214.89,215.7,212.85,214.35,299400
MT,1196087400,218.37,219.93,210.9,211.23,688100
MT,1196173800,210.48,211.59,203.4,206.34,1.5994e+06
MT,1196260200,209.85,217.29,209.85,216.3,1.1376e+06
MT,1196346600,217.23,221.58,216,218.01,825500
MT,1196433000,226.53,226.53,220.26,221.46,776900
MT,1196692200,219.27,219.33,215.1,216.18,679800
MT,1196778600,210.24,210.57,207.9,208.83,844500
MT,1196865000,214.35,215.25,211.86,213.33,706900
MT,1196951400,211.71,219.15,211.5,218.43,960500
MT,1197037800,221.82,222.3,218.85,221.79,639400
MT,1197297000,223.95,224.91,222.3,224.37,440400
MT,1197383400,223.32,227.16,216.9,216.9,684700
MT,1197469800,226.95,228.45,222.48,224.7,890300
MT,1197556200,221.94,222.57,216.51,221.52,641700
MT,1197642600,213.63,215.79,211.32,213.84,1.1646e+06
MT,1197901800,209.4,210.63,204.36,205.8,811200
MT,1197988200,212.61,212.61,205.2,209.58,716400
MT,1198074600,210.9,213.3,209.76,211.02,568400
MT,1198161000,214.05,216.3,210.51,214.2,847800
MT,1198247400,222.66,223.2,219.3,219.72,572200
MT,1198506600,222.75,224.82,219.84,223.35,196100
MT,1198679400,223.68,226.95,223.47,226.35,443200
MT,1198765800,229.95,230.82,228.48,228.66,641800
MT,1198852200,232.74,234.06,231.87,233.4,521800
MT,1199111400,232.98,233.91,230.13,232.05,492500
MT,1199284200,235.08,235.44,227.07,229.2,827700
MT,1199370600,228.93,229.62,226.71,227.58,532500
MT,1199457000,222.75,222.81,217.38,219.42,759500
MT,1199716200,216.96,217.23,210.87,214.35,942500
MT,1199802600,215.91,218.94,209.43,209.67,868700
MT,1199889000,208.68,208.86,201.66,206.88,1.2001e+06
MT,1199975400,197.67,207.72,197.04,205.35,1.6862e+06
MT,1200061800,198.51,202.86,197.64,201.21,943900
MT,1200321000,203.37,208.44,200.55,207.21,824400
MT,1200407400,200.76,202.47,194.67,196.38,1.1488e+06
MT,1200493800,193.11,196.29,187.74,189.87,1.1016e+06
MT,1200580200,191.85,193.05,182.55,183.54,1.0605e+06
MT,1200666600,192.18,192.9,183.03,188.1,1.3846e+06
MT,1201012200,172.68,184.17,171.69,182.1,2.1648e+06
MT,1201098600,168.84,181.44,166.59,179.1,2.8474e+06
MT,1201185000,183.21,193.05,182.46,191.4,1.2884e+06
MT,1201271400,198.18,200.1,187.83,188.94,1.2632e+06
MT,1201530600,188.88,194.94,185.22,194.73,740400
MT,1201617000,196.47,196.8,191.22,193.02,1.175e+06
MT,1201703400,195.45,202.29,192.84,195.87,1.2063e+06
MT,1201789800,191.1,202.02,189.48,199.17,1.5228e+06
MT,1201876200,205.95,216.54,205.74,214.35,2.0455e+06
MT,1202135400,209.25,212.94,208.26,211.65,989700
MT,1202221800,202.56,203.37,197.64,197.7,1.1957e+06
MT,1202308200,201,206.79,198.48,201.15,1.1444e+06
MT,1202394600,196.11,202.32,194.31,199.5,1.0172e+06
MT,1202481000,195.51,201.75,195,199.83,1.1118e+06
MT,1202740200,204.15,204.27,199.17,203.46,644800
MT,1202826600,209.91,216.06,207.96,209.67,1.3276e+06
MT,1202913000,208.56,210.75,203.85,209.88,964600
MT,1202999400,213.15,213.93,209.13,210.75,950200
MT,1203085800,211.23,212.37,207.78,211.5,850900
MT,1203431400,211.74,214.17,210.21,211.26,1.3738e+06
MT,1203517800,212.88,226.35,212.31,224.61,2.0253e+06
MT,1203604200,227.85,231.27,225.9,226.59,1.5322e+06
MT,1203690600,234.03,235.47,227.61,234.54,1.3577e+06
MT,1203949800,231.6,235.44,228.27,233.61,1.2407e+06
MT,1204036200,233.28,239.25,232.95,237.3,1.0667e+06
MT,1204122600,235.5,240.63,235.29,239.43,933000
MT,1204209000,236.97,239.97,234.27,237.78,1.0571e+06
MT,1204295400,232.35,232.68,226.56,228.06,1.2361e+06
MT,1204554600,229.74,236.01,227.94,235.5,1.1602e+06
MT,1204641000,235.29,237.78,226.41,230.55,1.6282e+06
MT,1204727400,230.34,238.38,230.04,236.04,1.1925e+06
MT,1204813800,235.8,237.18,231.15,233.7,1.4234e+06
MT,1204900200,226.23,230.97,222.72,224.28,1.7062e+06
MT,1205155800,220.56,221.58,215.49,216.12,1.5289e+06
MT,1205242200,226.26,228.54,220.5,227.85,1.3379e+06
MT,1205328600,229.98,233.88,228.15,230.73,989900
MT,1205415000,226.5,238.74,223.89,234.75,1.4739e+06
MT,1205501400,237.39,238.65,229.98,236.91,1.7252e+06
MT,1205760600,232.71,235.41,225.99,231.63,1.4821e+06
MT,1205847000,229.56,239.55,229.56,238.35,1.5506e+06
MT,1205933400,237.36,239.58,223.95,224.82,2.0949e+06
MT,1206019800,219.66,225.69,218.85,222.27,1.8417e+06
MT,1206365400,222,233.34,222,227.61,660200
MT,1206451800,232.8,232.89,228.48,230.79,1.3803e+06
MT,1206538200,237.06,242.91,234.96,241.2,1.5824e+06
MT,1206624600,243.12,243.21,235.5,236.55,1.2663e+06
MT,1206711000,241.44,243.75,238.02,241.02,1.2567e+06
MT,1206970200,246.09,246.78,241.83,245.4,1.1779e+06
MT,1207056600,241.59,247.8,240.42,247.23,1.2638e+06
MT,1207143000,242.07,247.14,240.6,244.47,1.0341e+06
MT,1207229400,242.46,249.66,241.74,247.44,1.351e+06
MT,1207315800,247.83,259.08,247.29,255.51,1.7342e+06
MT,1207575000,258.75,259.32,251.58,253.32,995000
MT,1207661400,252.33,258.06,251.82,256.35,657200
MT,1207747800,259.59,261,253.77,255.99,1.0691e+06
MT,1207834200,255.75,258.45,252.69,256.92,681800
MT,1207920600,252.54,253.92,247.74,248.7,921200
MT,1208179800,250.89,252.06,248.76,250.23,809900
MT,1208266200,254.37,255.39,251.13,254.85,1.0373e+06
MT,1208352600,261.63,267,260.97,265.95,1.2315e+06
MT,1208439000,262.32,266.88,261.69,265.05,1.2309e+06
MT,1208525400,265.2,269.55,264.15,266.4,919500
MT,1208784600,269.01,272.64,266.85,272.1,818300
MT,1208871000,270.18,270.39,262.74,264.81,913600
MT,1208957400,274.26,276.81,269.97,272.73,1.6031e+06
MT,1209043800,271.17,271.95,266.04,267.75,1.5347e+06
MT,1209130200,267.39,268.35,264.24,266.88,811100
MT,1209389400,270.78,274.23,268.95,271.05,742400
MT,1209475800,264.48,265.83,261.36,261.96,1.0082e+06
MT,1209562200,262.71,269.7,261.09,267.27,993900
MT,1209648600,267.24,268.2,258.6,262.8,1.2112e+06
MT,1209735000,263.94,268.5,262.65,267.45,1.1239e+06
MT,1209994200,269.19,272.85,268.62,272.7,861800
MT,1210080600,277.2,283.53,276.39,282.87,1.4995e+06
MT,1210167000,283.26,283.59,275.28,276.42,1.3071e+06
MT,1210253400,283.47,290.25,283.02,288.06,1.3903e+06
MT,1210339800,283.8,285.12,279.51,283.71,766400
MT,1210599000,287.73,288,284.52,287.67,1.0853e+06
MT,1210685400,287.79,292.41,285.84,291.69,905800
MT,1210771800,296.37,301.29,289.86,291,2.3271e+06
MT,1210858200,296.25,301.83,294.51,301.74,1.5042e+06
MT,1210944600,301.86,305.19,299.52,304.68,988600
MT,1211203800,305.34,309.42,301.86,301.86,1.144e+06
MT,1211290200,301.68,302.1,297.24,301.71,1.097e+06
MT,1211376600,305.37,306.51,296.4,296.85,1.1958e+06
MT,1211463000,301.02,303.18,295.32,296.43,869100
MT,1211549400,303.06,303.42,296.91,299.52,1.2237e+06
MT,1211895000,292.14,295.02,288,291.72,1.0364e+06
MT,1211981400,297.66,302.22,295.29,301.8,1.2628e+06
MT,1212067800,299.88,300.51,295.5,296.85,1.1614e+06
MT,1212154200,298.62,300.12,297.06,297.99,852900
MT,1212413400,292.05,296.25,290.82,292.86,769900
MT,1212499800,299.1,304.92,295.56,298.83,1.4119e+06
MT,1212586200,294.36,298.95,291.18,292.05,1.1384e+06
MT,1212672600,302.61,313.38,301.41,312.75,1.7857e+06
MT,1212759000,311.34,314.04,307.26,309.03,1.0893e+06
MT,1213018200,314.31,314.31,305.85,310.44,732300
MT,1213104600,298.53,301.14,293.73,294.63,1.293e+06
MT,1213191000,294.12,294.84,285.12,285.75,1.3616e+06
MT,1213277400,286.17,287.22,277.32,279.48,1.2597e+06
MT,1213363800,278.91,288.39,278.91,285.84,1.1836e+06
MT,1213623000,285.45,290.04,284.91,289.47,960800
MT,1213709400,293.73,294.36,288.45,289.05,930400
MT,1213795800,292.14,295.32,288.3,293.55,826300
MT,1213882200,304.62,307.02,302.46,305.07,1.1686e+06
MT,1213968600,305.88,307.47,298.05,301.05,1.0611e+06
MT,1214227800,308.94,310.5,305.85,308.28,819900
MT,1214314200,303.54,309.51,299.7,301.08,1.3116e+06
MT,1214400600,300.93,305.1,295.62,299.22,1.2461e+06
MT,1214487000,304.74,305.61,292.14,295.2,1.4692e+06
MT,1214573400,298.62,302.97,294.09,298.08,1.1552e+06
MT,1214832600,298.32,300.03,294.57,297.21,901500
MT,1214919000,284.31,286.02,275.28,279.51,1.9332e+06
MT,1215005400,277.2,277.77,246.69,250.2,4.1681e+06
MT,1215091800,257.7,257.79,250.62,251.4,1.6601e+06
MT,1215437400,257.94,263.43,256.59,261.6,2.0755e+06
MT,1215523800,255.45,255.72,246.12,255.06,1.9136e+06
MT,1215610200,258.42,265.86,257.07,258,2.0171e+06
MT,1215696600,264.3,270.57,260.97,269.91,1.8115e+06
MT,1215783000,265.44,269.04,259.56,266.34,1.2509e+06
MT,1216042200,268.62,269.64,261.45,263.01,1.1482e+06
MT,1216128600,261.84,262.02,253.59,256.35,1.9709e+06
MT,1216215000,253.47,262.02,248.46,259.92,1.8775e+06
MT,1216301400,247.71,254.22,235.32,239.91,2.4799e+06
MT,1216387800,240.12,240.45,231.3,234.66,2.3124e+06
MT,1216647000,244.53,247.11,239.34,246.78,1.5785e+06
MT,1216733400,246.45,246.84,233.79,239.13,2.3342e+06
MT,1216819800,241.11,242.46,234.42,235.59,1.6886e+06
MT,1216906200,232.98,234.36,224.91,226.86,1.6495e+06
MT,1216992600,231.48,235.11,228.96,234.06,962800
MT,1217251800,240.15,242.58,236.49,237.63,931000
MT,1217338200,252.45,254.19,246.42,252,2.0598e+06
MT,1217424600,271.17,275.4,266.1,274.5,2.8436e+06
MT,1217511000,273.6,273.6,261.57,262.26,2.6397e+06
MT,1217597400,260.67,260.79,252.45,252.75,1.8433e+06
MT,1217856600,253.26,253.56,241.86,244.8,2.2771e+06
MT,1217943000,245.31,250.02,242.82,249.81,1.9588e+06
MT,1218029400,250.86,255.21,249.9,254.46,1.2463e+06
MT,1218115800,258.18,258.21,247.44,248.49,1.663e+06
MT,1218202200,237.81,239.79,235.47,238.41,1.3347e+06
MT,1218461400,234.18,235.62,229.08,231.81,1.4577e+06
MT,1218547800,228.75,233.16,228.18,231.72,1.4881e+06
MT,1218634200,233.34,242.28,230.67,239.28,2.1492e+06
MT,1218720600,233.85,236.79,228.72,231.15,1.5508e+06
MT,1218807000,227.04,227.64,221.07,222.63,1.6168e+06
