NFLX,1358173800,14.4271,14.9286,14.3657,14.7786,2.34731e+07
NFLX,1358260200,14.7171,14.9086,14.4357,14.5271,1.70681e+07
NFLX,1358346600,14.5457,14.6143,13.8229,13.9257,2.80147e+07
NFLX,1358433000,14.0129,14.0857,13.6786,13.9571,1.62211e+07
NFLX,1358519400,14.34,14.5629,14.0971,14.1671,3.59996e+07
NFLX,1358865000,14.2357,14.2357,13.7986,13.9729,2.27731e+07
NFLX,1358951400,13.8757,14.8329,13.86,14.7514,7.4235e+07
NFLX,1359037800,20.57,21.31,19.9457,20.98,1.188054e+08
NFLX,1359124200,20.81,24.6686,20.8014,24.2229,1.914458e+08
NFLX,1359383400,24.6443,25.3214,22.97,23.1586,1.091048e+08
NFLX,1359469800,22.59,24.2686,22.3757,24.16,5.9542e+07
NFLX,1359556200,24.7843,25.0714,23.2371,23.9571,4.80627e+07
NFLX,1359642600,23.8714,24.1429,22.9029,23.6057,3.56013e+07
NFLX,1359729000,24.2857,24.7143,23.4114,23.5429,5.0358e+07
NFLX,1359988200,23.2543,25.0186,23.2543,24.9629,5.09691e+07
NFLX,1360074600,24.6257,25.4129,24.4286,24.9129,5.70563e+07
NFLX,1360161000,25,26.4786,24.9357,26.3443,6.71909e+07
NFLX,1360247400,26.5357,26.9829,25.5057,25.9943,5.30866e+07
NFLX,1360333800,25.9629,26.28,25.7157,25.8529,2.56578e+07
NFLX,1360593000,25.5686,26.0071,24.9714,25.4129,2.93251e+07
NFLX,1360679400,25.8086,26.2229,25.1014,25.4214,3.43994e+07
NFLX,1360765800,25.8429,26.6286,25.6657,26.61,4.0929e+07
NFLX,1360852200,26.7557,27.1214,26.3843,26.7714,3.19795e+07
NFLX,1360938600,26.9386,27.1429,26.6086,27.0729,2.66525e+07
NFLX,1361284200,27.2857,28.1671,27.1643,28.0643,3.41383e+07
NFLX,1361370600,28.2257,28.2314,26.6429,26.7314,3.49965e+07
NFLX,1361457000,26.5714,27.4571,26.0714,26.7357,3.68942e+07
NFLX,1361543400,26.2457,26.2557,25.49,25.6943,3.89711e+07
NFLX,1361802600,25.8557,26.7286,25.0643,25.6171,5.21647e+07
NFLX,1361889000,25.8,26.46,25.0857,26.2986,3.38821e+07
NFLX,1361975400,26.2257,26.5714,25.7943,26.3314,2.26268e+07
NFLX,1362061800,26.2586,27.4471,26.2157,26.8686,3.42937e+07
NFLX,1362148200,26.73,27.1914,26.6014,27.0529,2.14515e+07
NFLX,1362407400,26.9543,27.1543,25.2371,25.8871,4.7824e+07
NFLX,1362493800,26.3814,26.4729,25.44,25.9614,3.23267e+07
NFLX,1362580200,26.0214,26.4229,25.6543,26.1343,1.74356e+07
NFLX,1362666600,25.7143,26.0714,25.1657,25.9371,2.86958e+07
NFLX,1362753000,26.0643,26.55,25.8157,26.3857,2.3513e+07
NFLX,1363008600,26.2857,26.36,25.5729,25.7786,2.10154e+07
NFLX,1363095000,25.6229,26.31,25.6071,26.0157,2.11519e+07
NFLX,1363181400,26.7714,27.8843,26.6786,27.48,5.38986e+07
NFLX,1363267800,27.5271,27.5271,26.7243,26.91,2.84508e+07
NFLX,1363354200,27.0357,27.1414,26.3643,26.4071,2.06675e+07
NFLX,1363613400,25.9114,26.6814,25.7929,26.5129,1.80733e+07
NFLX,1363699800,26.5714,26.6786,25.6071,25.91,1.98737e+07
NFLX,1363786200,26.0886,26.2643,25.7757,26.15,1.11321e+07
NFLX,1363872600,26.0571,26.7714,25.9957,25.9986,1.88041e+07
NFLX,1363959000,26.1571,26.2657,25.6429,25.9,1.4189e+07
NFLX,1364218200,26.0614,26.4057,25.6814,25.8271,1.50248e+07
NFLX,1364304600,26.2857,27.52,26.2286,27.23,4.68174e+07
NFLX,1364391000,27.0914,28.1514,26.9043,27.1771,4.04754e+07
NFLX,1364477400,27.25,27.5571,26.9429,27.04,1.95881e+07
NFLX,1364823000,27.2786,27.3571,25.9243,26.0614,2.29474e+07
NFLX,1364909400,26.2714,26.4543,25.1571,25.2414,3.22805e+07
NFLX,1364995800,25.2929,25.4757,23.4657,24.2486,7.53578e+07
NFLX,1365082200,23.91,24.3043,23.4014,23.8129,3.44603e+07
NFLX,1365168600,23.36,24.3571,23.2186,23.5229,3.25129e+07
NFLX,1365427800,23.69,23.7571,22.7143,23.2943,3.1745e+07
NFLX,1365514200,23.3557,24.4814,23.15,24.1943,3.40459e+07
NFLX,1365600600,24,24.2071,23.5586,23.7243,2.97094e+07
NFLX,1365687000,24.1186,24.7714,24.1171,24.7157,3.30561e+07
NFLX,1365773400,25.2843,25.3771,24.4571,24.7429,3.77979e+07
NFLX,1366032600,25.08,26.05,24.9714,25.2143,4.6529e+07
NFLX,1366119000,24.9957,25.39,24.61,25.1214,2.97115e+07
NFLX,1366205400,24.9057,25.3414,24.0386,24.1943,2.75457e+07
NFLX,1366291800,24.4286,24.5571,23.1143,23.4029,2.3121e+07
NFLX,1366378200,23.6429,24.1671,23.29,23.3386,2.01635e+07
NFLX,1366637400,23.6743,25.2143,23.6743,24.91,8.48701e+07
NFLX,1366723800,30.7957,31.34,29.93,30.9986,1.148609e+08
NFLX,1366810200,31.0857,32.0429,30.46,30.96,4.68986e+07
NFLX,1366896600,30.9971,31.2557,30.4671,30.5357,2.9274e+07
NFLX,1366983000,31,31.0186,30.36,30.7929,2.17903e+07
NFLX,1367242200,30.9443,31.1043,30.2871,30.7157,2.07872e+07
NFLX,1367328600,30.6571,31.3929,30.6057,30.8671,2.50712e+07
NFLX,1367415000,30.8457,31.0557,30.2357,30.4157,1.83596e+07
NFLX,1367501400,30.4629,30.7786,30.0271,30.6414,1.83288e+07
NFLX,1367587800,30.8257,31.1757,30.3857,30.4929,1.54315e+07
NFLX,1367847000,29.9471,30.35,29.1457,30.0986,3.1731e+07
NFLX,1367933400,29.8257,30.0743,29.3714,29.4643,1.70793e+07
NFLX,1368019800,29.2757,30.0571,29.2186,29.8014,1.76232e+07
NFLX,1368106200,29.7186,31.2686,29.5029,30.9157,3.61088e+07
NFLX,1368192600,30.9157,31.3929,30.6514,31.0986,1.88447e+07
NFLX,1368451800,31.0243,32.8129,31.02,32.7686,4.13574e+07
NFLX,1368538200,33.1414,33.7986,32.9714,33.4243,3.85357e+07
NFLX,1368624600,34.21,35.0614,33.9757,34.7714,3.60297e+07
NFLX,1368711000,35.2786,35.55,33.6,33.8614,2.80532e+07
NFLX,1368797400,34.0757,34.6786,33.7143,34.1429,2.01411e+07
NFLX,1369056600,34.0629,34.5214,33.8229,34.2214,1.47658e+07
NFLX,1369143000,34.2914,34.4143,33.5714,33.87,1.14912e+07
NFLX,1369229400,33.4857,34.0286,32.3771,32.6514,2.17693e+07
NFLX,1369315800,32.2429,32.6,31.65,32.3114,1.6198e+07
NFLX,1369402200,32.1757,32.7143,32.0714,32.6771,1.18083e+07
NFLX,1369747800,33.1071,33.7086,30.4257,30.5986,3.95255e+07
NFLX,1369834200,30.65,31.6257,29.9871,30.7629,3.41019e+07
NFLX,1369920600,30.8614,31.8571,30.2214,31.8086,2.40877e+07
NFLX,1370007000,32.1771,32.7971,32.0071,32.3214,2.54163e+07
NFLX,1370266200,32.4357,32.5,31.0814,31.71,2.12709e+07
NFLX,1370352600,31.4457,32.5071,31.2243,32.1871,2.30069e+07
NFLX,1370439000,31.8843,32.5714,31.2,31.9229,3.3096e+07
NFLX,1370525400,31.7314,32.2,30.5714,31.1057,2.60694e+07
NFLX,1370611800,31.2343,31.5457,30.8071,31.46,1.52992e+07
NFLX,1370871000,31.8614,31.9043,30.8657,31.5614,1.38124e+07
NFLX,1370957400,31.1214,31.4671,30.5429,30.6371,1.42135e+07
NFLX,1371043800,30.8329,30.8329,29.5529,29.6629,1.91086e+07
NFLX,1371130200,29.7129,30.7929,29.3929,30.77,1.85115e+07
NFLX,1371216600,30.6814,31.0414,30.3314,30.57,1.24957e+07
NFLX,1371475800,32.22,32.9286,31.9643,32.7471,3.58512e+07
NFLX,1371562200,32.8914,33,32.3429,32.69,1.74769e+07
NFLX,1371648600,32.5714,33.6971,32.5157,33.1871,2.23531e+07
NFLX,1371735000,32.7814,33,31.5057,31.9314,2.11162e+07
NFLX,1371821400,32.15,32.34,30.6,30.9857,2.33982e+07
NFLX,1372080600,30.4286,31.2971,29.8571,30.8,1.78962e+07
NFLX,1372167000,30.2814,30.5,29.6514,30.4143,2.09188e+07
NFLX,1372253400,30.65,31.1786,30.1171,30.3,1.88342e+07
NFLX,1372339800,30.4157,30.9614,29.9429,30.71,1.83267e+07
NFLX,1372426200,30.61,30.9,30.0071,30.1557,1.95811e+07
NFLX,1372685400,30.5171,32.19,30.2857,32.04,2.45175e+07
NFLX,1372771800,32.1757,32.4957,31.1429,31.6371,1.77303e+07
NFLX,1372858200,31.7314,32,31.2786,31.5586,8.6254e+06
NFLX,1373031000,31.7271,32.1786,31.3329,32.1571,9.9575e+06
NFLX,1373290200,32.4257,33.6057,32.2157,33.3,2.42893e+07
NFLX,1373376600,33.5771,35.3443,33.5529,35.34,3.55096e+07
NFLX,1373463000,35.0786,35.2714,34.1729,34.8314,2.25785e+07
NFLX,1373549400,35.4286,35.6,34.4029,34.8814,2.11463e+07
NFLX,1373635800,35.1186,36.7757,35.1071,36.7514,3.42384e+07
NFLX,1373895000,37.0571,37.1214,36.0186,36.8543,2.06129e+07
NFLX,1373981400,36.7557,38.0529,36.6714,37.2114,3.33564e+07
NFLX,1374067800,37.32,38.3229,36.9529,38.2743,1.95104e+07
NFLX,1374154200,38.6157,38.6157,37.7143,38.0586,2.04876e+07
NFLX,1374240600,38.2043,38.2786,37.5971,37.7971,1.81202e+07
NFLX,1374499800,38.1214,38.3929,36.7314,37.4229,4.73137e+07
NFLX,1374586200,35.9143,37.4614,35.1714,35.7514,7.68292e+07
NFLX,1374672600,35.6743,36.0357,34.3143,34.4714,3.34096e+07
NFLX,1374759000,34.3657,35.38,34.2729,35.2486,1.96343e+07
NFLX,1374845400,34.9457,35.2829,34.4014,35.1871,1.78269e+07
NFLX,1375104600,35.1514,35.81,34.6429,34.9943,1.32153e+07
NFLX,1375191000,35.0571,35.4157,34.5443,34.8229,1.08906e+07
NFLX,1375277400,34.7729,35.3,34.5629,34.9257,1.31208e+07
NFLX,1375363800,35.22,35.7143,34.9386,35.5886,1.41393e+07
NFLX,1375450200,35.62,35.62,34.9714,35.1686,1.38796e+07
NFLX,1375709400,34.8443,36.2714,34.4829,36.2629,2.29621e+07
NFLX,1375795800,36.2786,36.8,35.7286,36.5571,2.04134e+07
NFLX,1375882200,36.3371,36.7814,35.5229,35.6014,1.63289e+07
NFLX,1375968600,35.9814,36.2714,35.4929,35.7714,1.48001e+07
NFLX,1376055000,35.7129,36.2443,35.6857,36.1071,1.23228e+07
NFLX,1376314200,35.8971,36.7143,35.7743,36.6571,1.78045e+07
NFLX,1376400600,36.95,37.4571,36.18,37.0271,2.19408e+07
NFLX,1376487000,36.9,37.6843,36.86,37.4014,1.73999e+07
NFLX,1376573400,37,37.2129,35.9086,36.2014,1.66292e+07
NFLX,1376659800,36.1729,37.1643,35.8757,36.9814,2.13542e+07
NFLX,1376919000,36.8571,37.6429,36.8214,37.1114,1.54973e+07
NFLX,1377005400,37.5614,39.0771,37.5,39.0414,3.01406e+07
NFLX,1377091800,38.9843,39.2357,38.2143,38.6243,2.12583e+07
NFLX,1377178200,38.9314,39.0657,38.3186,38.5357,9.9617e+06
NFLX,1377264600,38.5786,39.77,38.4314,39.7657,2.22852e+07
NFLX,1377523800,39.4443,41.42,39.1486,40.3886,3.10177e+07
NFLX,1377610200,39.8786,40.84,39.2143,39.4343,2.31385e+07
NFLX,1377696600,39.8086,40.7143,39.4857,40.48,1.93557e+07
NFLX,1377783000,40.5757,41.4614,40.5486,41.1214,1.90596e+07
NFLX,1377869400,41.1786,41.2614,40.4214,40.5586,1.51494e+07
NFLX,1378215000,41.0614,41.53,40.65,41.2857,1.99696e+07
NFLX,1378301400,41.2629,41.8657,40.9986,41.7757,1.97015e+07
NFLX,1378387800,42.4,42.7043,42.06,42.1586,1.90722e+07
NFLX,1378474200,42.3329,42.3586,41.4571,41.6486,1.76988e+07
NFLX,1378733400,41.8214,42.1857,41.4686,42.0214,1.38404e+07
NFLX,1378819800,42.5,44.7486,42.4014,44.7229,3.66821e+07
NFLX,1378906200,44.82,44.8829,43.4114,44.0429,2.99404e+07
NFLX,1378992600,43.12,43.7786,42.6214,43.0586,2.19478e+07
NFLX,1379079000,43.1429,43.7143,42.7414,43.6643,1.50297e+07
NFLX,1379338200,44.2857,44.3129,43.1143,43.1657,1.40553e+07
NFLX,1379424600,43.1486,43.3229,42.5286,42.7929,1.82007e+07
NFLX,1379511000,42.7086,43.9543,42.5886,43.8457,1.37396e+07
NFLX,1379597400,44.0529,44.1071,43.43,43.6429,1.74496e+07
NFLX,1379683800,43.6914,45.1271,43.66,44.8329,3.07916e+07
NFLX,1379943000,45.77,45.77,42.7886,43.1486,3.20306e+07
NFLX,1380029400,43.0429,44.2,42.9071,43.7843,1.87803e+07
NFLX,1380115800,44.0286,44.4,43.4371,43.8771,1.46391e+07
NFLX,1380202200,44.0057,44.9271,43.9286,44.7871,1.24607e+07
NFLX,1380288600,44.3943,44.7886,44.2429,44.6286,8.2992e+06
NFLX,1380547800,43.96,44.5929,43.6,44.1729,1.25286e+07
NFLX,1380634200,44.9671,46.3857,44.8571,46.3743,2.96933e+07
NFLX,1380720600,46.0129,47.6571,45.9457,47.2471,3.05837e+07
NFLX,1380807000,47.2871,47.7857,45.4357,45.96,2.46134e+07
NFLX,1380893400,46.24,46.9,45.5057,46.7514,1.6814e+07
NFLX,1381152600,46.2914,46.71,45.45,45.4514,1.46349e+07
NFLX,1381239000,45.6129,45.9314,42.7957,43.1886,2.86783e+07
NFLX,1381325400,42.89,42.94,40.4,41.2043,4.19489e+07
NFLX,1381411800,43,43.9186,42.3429,43.4271,3.0695e+07
NFLX,1381498200,43.4729,43.9443,42.8757,42.9786,1.92003e+07
NFLX,1381757400,44.3729,46.4671,43.7143,46.3371,4.56596e+07
NFLX,1381843800,46.4429,46.7614,45.62,45.9557,2.68485e+07
NFLX,1381930200,45.73,46.5,45.4657,46.1257,1.88433e+07
NFLX,1382016600,46.03,47.1729,45.6657,47.1571,1.92724e+07
NFLX,1382103000,47.7143,48.0686,46.8,47.6429,2.54548e+07
NFLX,1382362200,48.9886,50.7743,48.5857,50.7129,6.50902e+07
NFLX,1382448600,55.4057,55.5943,45.9286,46.0743,1.810998e+08
NFLX,1382535000,45.3314,47.8843,45.2857,47.1771,5.83765e+07
NFLX,1382621400,47.3486,48.1214,46.2371,47.3171,3.35594e+07
NFLX,1382707800,47.2857,48.1714,46.5586,46.8614,2.40625e+07
NFLX,1382967000,46.43,47.28,44.5443,44.8571,3.42608e+07
NFLX,1383053400,45.51,46.7671,44.1714,46.7571,3.09365e+07
NFLX,1383139800,46.96,46.99,45.0886,45.4486,2.16405e+07
NFLX,1383226200,45.4443,46.6643,45.1,46.0686,1.84898e+07
NFLX,1383312600,46.9757,47.6429,46.5571,47.0386,2.20206e+07
NFLX,1383575400,47.2786,48.2557,46.45,48.2286,2.19191e+07
NFLX,1383661800,47.9343,48.9143,47.5786,48.7857,1.72893e+07
NFLX,1383748200,48.4986,49.1957,47.5414,47.9471,2.07333e+07
NFLX,1383834600,48.4286,48.5243,46.4514,46.6943,2.00074e+07
NFLX,1383921000,46.7029,47.9429,46.5029,47.8429,1.94488e+07
NFLX,1384180200,47.5357,48.5,46.9457,48.2729,1.68154e+07
NFLX,1384266600,48.0257,48.5,47.3357,47.6757,1.22318e+07
NFLX,1384353000,47.6029,47.9229,47.0143,47.8971,1.19679e+07
NFLX,1384439400,47.97,49.1429,47.8743,48.9386,2.01047e+07
NFLX,1384525800,49.2286,49.9843,49.0114,49.9657,2.01523e+07
NFLX,1384785000,50,50.07,48.5,48.8243,2.02475e+07
NFLX,1384871400,48.6814,49.5457,47.7486,48.1843,1.70576e+07
NFLX,1384957800,49.05,49.4786,48.2357,48.5029,1.94817e+07
NFLX,1385044200,48.8914,49.8114,48.81,49.7857,1.59894e+07
NFLX,1385130600,49.8329,50.0857,49.1429,49.6929,1.42023e+07
NFLX,1385389800,49.5571,50.4186,49.2871,50.0343,1.39846e+07
NFLX,1385476200,50.0714,50.9229,49.6529,50.7429,1.46832e+07
NFLX,1385562600,51.0157,51.9786,50.5057,51.7843,1.68329e+07
NFLX,1385735400,52.0071,52.5429,51.8586,52.2571,8.3881e+06
NFLX,1385994600,52.1257,52.5657,51.3729,51.9886,1.16753e+07
NFLX,1386081000,51.6986,51.94,50.9286,51.8486,1.34008e+07
NFLX,1386167400,51.5129,52.6643,50.8929,50.8957,1.93956e+07
NFLX,1386253800,51.1143,51.59,50.4843,51.1514,1.37935e+07
NFLX,1386340200,51.5771,51.6186,50.2857,50.6343,1.20757e+07
NFLX,1386599400,50.7386,51.41,50.5157,50.81,1.17187e+07
NFLX,1386685800,50.7143,52.0629,50.4743,51.8714,1.40896e+07
NFLX,1386772200,52.0529,53.0229,51.7457,51.9971,2.00669e+07
NFLX,1386858600,51.9529,53.5486,51.9357,53.3329,2.13185e+07
NFLX,1386945000,53.7357,53.8571,52.6871,52.71,1.78549e+07
NFLX,1387204200,52.8543,53,52.0357,52.33,1.39111e+07
NFLX,1387290600,52.3929,53.9571,52.3243,53.5529,1.84485e+07
NFLX,1387377000,53.4086,53.8571,52.3586,53.7486,1.98814e+07
NFLX,1387463400,53.4571,54.2657,53.3357,53.82,1.38495e+07
NFLX,1387549800,53.7857,54.2414,53.4771,53.6671,1.88174e+07
NFLX,1387809000,54.0986,54.7757,53.8043,54.3686,1.26245e+07
NFLX,1387895400,54.3943,54.8514,53.9257,54.0557,5.5776e+06
NFLX,1388068200,54.0157,54.4157,53.69,53.8471,1.22689e+07
NFLX,1388154600,53.8729,54.1071,52.2586,52.5,1.69484e+07
NFLX,1388413800,52.5171,52.7914,51.2914,52.4271,1.50752e+07
NFLX,1388500200,52.2143,52.7357,51.9471,52.5957,1.05168e+07
NFLX,1388673000,52.4014,52.5114,51.5429,51.8314,1.23256e+07
NFLX,1388759400,52,52.4957,51.8429,51.8714,1.08171e+07
NFLX,1389018600,51.89,52.0443,50.4757,51.3671,1.55015e+07
NFLX,1389105000,49.6843,49.6986,48.1529,48.5,3.61676e+07
NFLX,1389191400,48.1043,49.4257,48.0743,48.7129,2.00011e+07
NFLX,1389277800,48.8243,49.14,47.8571,48.15,1.70072e+07
NFLX,1389364200,48.2957,48.3771,47.2186,47.4486,1.62379e+07
NFLX,1389623400,47.3043,49.81,47.3043,48.1157,2.7237e+07
NFLX,1389709800,48.7771,48.8,47.51,48.28,1.974e+07
NFLX,1389796200,47.8571,48.3671,45.5814,47.1971,4.0432e+07
NFLX,1389882600,46.9157,47.6957,46.0029,47.3829,2.11358e+07
NFLX,1389969000,47.4386,47.8314,46.8914,47.1486,1.64171e+07
NFLX,1390314600,47.4614,47.4957,45.75,46.9586,2.52203e+07
NFLX,1390401000,47.0714,47.7771,46.7643,47.6757,4.8342e+07
NFLX,1390487400,55.3429,56.5186,53.9271,55.5314,9.128e+07
NFLX,1390573800,54.8114,55.8143,54.7686,55.1543,3.54669e+07
NFLX,1390833000,55.3414,55.9286,52.9371,54.4614,3.25269e+07
NFLX,1390919400,54.4743,58.2014,54.3943,58.11,4.35904e+07
NFLX,1391005800,57.5886,58.1914,56.8643,57.2029,2.89681e+07
NFLX,1391092200,58.1571,58.4557,57.3586,57.81,1.83792e+07
NFLX,1391178600,57.4729,58.9143,57.4714,58.4757,2.3625e+07
NFLX,1391437800,58.8429,58.8786,57.2457,57.7686,2.01453e+07
NFLX,1391524200,57.9214,58.3614,56.7157,57.9871,1.80663e+07
NFLX,1391610600,57.5929,58.25,56.8571,57.7743,1.67629e+07
NFLX,1391697000,58.06,58.7014,57.2029,58.2729,1.2852e+07
NFLX,1391783400,59.0629,61.5,58.6514,61.4257,3.2921e+07
NFLX,1392042600,61.3471,61.7671,60.6114,61.4914,1.38124e+07
NFLX,1392129000,61.4229,62.2514,60.7871,61.9986,1.36675e+07
NFLX,1392215400,62.1114,62.1286,60.7914,61.2757,1.5673e+07
NFLX,1392301800,60.8129,62.7843,60.7143,62.3643,1.87005e+07
NFLX,1392388200,62.4371,62.5286,61.67,62.2157,1.19854e+07
NFLX,1392733800,62.4229,63.0343,61.1429,62.4071,1.55078e+07
NFLX,1392820200,61.6671,62.3214,61.1386,61.1757,1.60314e+07
NFLX,1392906600,61.4786,62.5386,61.3086,62.1357,1.19651e+07
NFLX,1392993000,62.6714,62.6714,61.3786,61.7471,1.34834e+07
NFLX,1393252200,62.21,64.2414,61.2143,63.8571,2.60435e+07
NFLX,1393338600,64.2857,65.3986,63.5714,64.7186,1.87005e+07
NFLX,1393425000,65.1286,65.1429,63.7143,64.1129,1.50101e+07
NFLX,1393511400,63.9771,64.8757,63.9771,64.6043,1.03047e+07
NFLX,1393597800,64.7329,64.8857,63,63.6614,1.57514e+07
NFLX,1393857000,63.0271,63.6786,62.5857,63.6557,1.35282e+07
NFLX,1393943400,64.4171,65,63.6557,64.9971,1.23879e+07
NFLX,1394029800,64.8557,65.2629,64.5586,64.7857,1.08689e+07
NFLX,1394116200,64.9914,65.4286,64.1414,64.3586,1.1809e+07
NFLX,1394202600,64.8671,64.9343,63.6443,64.0529,1.15738e+07
NFLX,1394458200,64.0671,64.1114,61.7286,62.85,1.54392e+07
NFLX,1394544600,63.2343,63.8114,62.2357,62.4971,1.04482e+07
NFLX,1394631000,61.9543,62.7857,61.3829,62.3686,1.21345e+07
NFLX,1394717400,62.8157,62.8971,61.1829,61.4371,1.13904e+07
NFLX,1394803800,61.1043,62.1414,60.4286,60.6414,1.49891e+07
NFLX,1395063000,61.17,61.5429,60.33,60.3886,1.06953e+07
NFLX,1395149400,60.3386,60.8943,59.5,60.0357,1.46881e+07
NFLX,1395235800,59.9814,60.7786,59.58,60.0129,1.05315e+07
NFLX,1395322200,59.9529,61.7429,59.9286,60.61,1.44949e+07
NFLX,1395408600,60.8714,61.1914,57.9629,57.9986,2.67708e+07
NFLX,1395667800,57.9271,58.0643,52.6571,54.1286,4.24837e+07
NFLX,1395754200,54.1429,54.99,52.25,52.9771,3.03569e+07
NFLX,1395840600,53.2871,53.9214,52.3671,53.1829,2.71523e+07
NFLX,1395927000,53.0014,53.9757,51.6471,52.0257,2.8672e+07
NFLX,1396013400,51.46,52.7143,50.8214,51.2671,2.46995e+07
NFLX,1396272600,51.6443,52.4086,49.9829,50.29,2.21256e+07
NFLX,1396359000,50.25,52.1786,50.2486,52.0986,2.13388e+07
NFLX,1396445400,52.2371,53.0071,51.1857,51.84,2.41941e+07
NFLX,1396531800,51.6186,52.1571,50.0143,50.67,2.19835e+07
NFLX,1396618200,50.7786,50.8571,47.9829,48.1871,3.4958e+07
NFLX,1396877400,48.6443,49.7414,47.3014,48.2857,3.73513e+07
NFLX,1396963800,48.5786,50.1129,48.3414,49.8414,2.57614e+07
NFLX,1397050200,50.1471,50.5571,49.0214,50.4329,2.05114e+07
NFLX,1397136600,50.64,51.0686,47.7157,47.8186,2.4871e+07
NFLX,1397223000,47.2571,47.8314,46.23,46.6729,3.01462e+07
NFLX,1397482200,47.5557,47.8571,46.5057,47.3686,1.79942e+07
NFLX,1397568600,47.0114,47.3671,44.5857,46.61,3.07993e+07
NFLX,1397655000,47.2929,47.71,46.1943,47.3443,1.61147e+07
NFLX,1397741400,48.1086,49.9614,47.5,49.3914,3.2116e+07
NFLX,1398087000,49.9,49.9143,48.3286,49.7843,4.78926e+07
NFLX,1398173400,53.8043,54.4114,52.1186,53.2714,6.47024e+07
NFLX,1398259800,51.8186,52.5,50.4286,50.5,4.0285e+07
NFLX,1398346200,50.3571,50.8429,47.8286,49.1529,3.0639e+07
NFLX,1398432600,48.2086,48.7729,46,46.0114,3.30715e+07
NFLX,1398691800,45.4357,45.8429,42.7857,44.8871,4.71233e+07
NFLX,1398778200,44.6057,46.3757,44.5757,45.6957,2.31329e+07
NFLX,1398864600,45.4171,46.0571,44.3214,46.0057,2.36187e+07
NFLX,1398951000,46.2929,49.3843,46.15,48.0743,3.70013e+07
NFLX,1399037400,48.2157,49.1286,47.7214,48.6643,2.61947e+07
NFLX,1399296600,48.2957,49.3543,48.0143,49.1971,2.03308e+07
NFLX,1399383000,49.1029,49.6743,46.52,46.5986,2.27227e+07
NFLX,1399469400,46.59,46.8343,45.03,45.7914,2.56809e+07
NFLX,1399555800,45.3086,47.3886,44.9086,45.9514,2.11687e+07
NFLX,1399642200,46.0114,47.1343,45.3357,46.9357,1.79683e+07
NFLX,1399901400,47.2657,49.3614,47.2171,49.35,2.13955e+07
NFLX,1399987800,49.2071,50.61,48.6771,49.5914,2.0832e+07
NFLX,1400074200,49.5786,50.6286,49.4371,50.2686,1.98919e+07
NFLX,1400160600,50.1214,50.2557,48.4829,49.17,2.33702e+07
NFLX,1400247000,49.3529,49.9957,48.5486,49.9829,1.90722e+07
NFLX,1400506200,49.5714,52.46,49.5071,52.0714,2.53932e+07
NFLX,1400592600,52.1443,53.2429,51.7714,53.0957,2.88281e+07
NFLX,1400679000,53.5886,55.8129,53.3357,55.8,3.99399e+07
NFLX,1400765400,55.84,56.7857,55.3571,55.9714,3.32227e+07
NFLX,1400851800,55.9486,57.4957,55.6657,57.4786,2.21221e+07
NFLX,1401197400,57.4286,57.46,56.1643,56.9729,2.67351e+07
NFLX,1401283800,56.7429,57.8857,56.2143,57.32,1.98737e+07
NFLX,1401370200,57.6286,59.4271,57.0786,59.3143,2.28445e+07
NFLX,1401456600,59.3114,60.2486,58.8014,59.69,2.92488e+07
NFLX,1401715800,59.9257,60.4157,58.9286,60.2943,2.04806e+07
NFLX,1401802200,59.9986,60.8,59.5786,59.6529,1.71332e+07
NFLX,1401888600,59.5371,60.6429,59.0429,60.4586,1.74328e+07
NFLX,1401975000,60.5357,61.3429,59.7957,61.1929,1.89308e+07
NFLX,1402061400,61.43,62.1271,61.1943,61.4471,1.57304e+07
NFLX,1402320600,61.3571,61.5214,60.0129,60.4414,1.66789e+07
NFLX,1402407000,60.7886,62.2914,60.7171,61.1843,2.29201e+07
NFLX,1402493400,60.7471,61.8,60.7143,61.4286,1.37459e+07
NFLX,1402579800,61.2957,61.4643,60.0714,60.35,1.58032e+07
NFLX,1402666200,60.4286,61.1286,59.6014,61.1014,1.57787e+07
NFLX,1402925400,60.9329,61.6014,60.4886,61.4657,1.25062e+07
NFLX,1403011800,62.5771,64.0129,62.5386,63.3786,2.89961e+07
NFLX,1403098200,63.3814,64.4029,62.8929,64.0971,1.87866e+07
NFLX,1403184600,64.2043,64.2129,62.58,63.0557,1.73082e+07
NFLX,1403271000,63.0286,63.2686,62.14,62.8829,1.32223e+07
NFLX,1403530200,62.7657,63.1229,62.2214,62.7886,1.06729e+07
NFLX,1403616600,62.5786,64.2771,62.2143,62.3371,2.03672e+07
NFLX,1403703000,62.1429,63.5371,61.9043,63.4586,1.57521e+07
NFLX,1403789400,62.97,63.1629,62.3929,62.8014,1.42373e+07
NFLX,1403875800,62.6171,63.3129,62.4857,63.1543,1.55876e+07
NFLX,1404135000,63.2657,63.8386,62.8129,62.9429,1.05889e+07
NFLX,1404221400,65.1757,67.6686,65.0429,67.5857,3.79953e+07
NFLX,1404307800,67.64,67.9814,66.5771,66.6771,1.73096e+07
NFLX,1404394200,67.1657,67.5171,66.9814,67.4786,1.13596e+07
NFLX,1404739800,67.4429,67.4614,65.7143,65.8029,1.82966e+07
NFLX,1404826200,65.6643,65.8571,62.7543,63.5786,2.61828e+07
NFLX,1404912600,63.74,64.1914,62.8186,63.2857,2.10112e+07
NFLX,1404999000,62.0557,63.4557,61.1714,62.65,2.43887e+07
NFLX,1405085400,63.0657,63.4471,62.45,62.8514,1.42191e+07
NFLX,1405344600,63.3286,65.0686,62.7143,64.6543,1.74335e+07
NFLX,1405431000,64.3843,64.4814,63.1814,64.1557,1.35058e+07
NFLX,1405517400,64.8671,65.1,63.3429,63.4914,1.34386e+07
NFLX,1405603800,63.3257,64.1214,62.6129,62.7657,1.32664e+07
NFLX,1405690200,62.9729,63.4714,62.25,63.4529,1.17607e+07
NFLX,1405949400,64.5271,65.3571,63.9457,64.5643,3.4671e+07
NFLX,1406035800,63.2829,63.5243,60.7229,61.5843,5.71746e+07
NFLX,1406122200,61.4871,62.2014,60.93,61.1286,1.72676e+07
NFLX,1406208600,61.3529,61.4586,59.86,60.7686,1.86214e+07
NFLX,1406295000,60.7143,61.1671,60.0571,60.2657,1.16102e+07
NFLX,1406554200,60.3157,60.8443,59.7886,60.6657,1.19609e+07
NFLX,1406640600,60.4586,61.1986,60.4586,60.6114,9.282e+06
NFLX,1406727000,60.6786,62.1843,60.6157,62.0514,1.52635e+07
NFLX,1406813400,61.4657,61.8529,60.1843,60.3886,1.38201e+07
NFLX,1406899800,60.2514,61.1043,58.93,60.7714,1.89476e+07
NFLX,1407159000,61.0286,61.4286,60.1114,60.3857,1.06869e+07
NFLX,1407245400,60.1857,61.1429,60.0443,60.4071,1.06533e+07
NFLX,1407331800,60.1429,62.1286,60.0786,61.4714,1.58354e+07
NFLX,1407418200,62.1857,64.2786,62.0786,64.2386,2.73133e+07
NFLX,1407504600,64.3143,64.4243,63.15,63.6929,1.54952e+07
NFLX,1407763800,64.1743,65.3786,64.1014,64.5057,1.32468e+07
NFLX,1407850200,64.4786,64.7143,63.3443,63.7729,1.08451e+07
NFLX,1407936600,64.0857,64.8886,63.8314,64.5043,9.058e+06
NFLX,1408023000,64.6014,65,64.0314,64.41,6.6766e+06
NFLX,1408109400,64.4986,66,64.0857,65.5843,2.20367e+07
NFLX,1408368600,66.0086,67.0714,65.8929,66.5714,1.3496e+07
NFLX,1408455000,66.7271,67.2143,66.0614,66.8786,1.08976e+07
NFLX,1408541400,66.7143,67.6786,66.3629,67.4557,1.21639e+07
NFLX,1408627800,67.3257,68.0214,66.81,67.4357,1.17467e+07
NFLX,1408714200,67.2771,68.5071,67.15,68.4557,1.37354e+07
NFLX,1408973400,68.7929,69.3286,68.2186,68.7043,1.34848e+07
NFLX,1409059800,68.3571,68.8357,67.7929,68.48,1.01374e+07
NFLX,1409146200,68.4857,68.6071,67.6614,67.8143,1.03943e+07
NFLX,1409232600,67.5214,68.2114,67.2586,67.8871,7.5845e+06
NFLX,1409319000,68.1214,68.6429,67.7343,68.2343,9.8385e+06
NFLX,1409664600,68.3571,68.3986,67.7986,68.0857,8.8067e+06
NFLX,1409751000,68.6457,69.6571,68.0757,68.1986,1.6219e+07
NFLX,1409837400,68.4443,68.8129,67.4471,67.5243,1.19588e+07
NFLX,1409923800,67.6043,68.1929,67.1529,67.9543,1.19532e+07
NFLX,1410183000,67.7714,68.6571,67.7429,68.4757,7.6685e+06
NFLX,1410269400,69.4714,69.8986,68.0571,68.43,1.97379e+07
NFLX,1410355800,68.6,69.25,68.1486,69.1986,9.1049e+06
NFLX,1410442200,68.9386,69.1943,68.5243,68.7943,7.8652e+06
NFLX,1410528600,69.0929,69.27,68.0171,68.0786,1.34253e+07
NFLX,1410787800,68.22,68.22,65.2643,65.3929,2.06171e+07
NFLX,1410874200,64.0571,65.4486,63.6571,65.2729,2.68387e+07
NFLX,1410960600,65.2729,65.5529,64.47,64.9329,1.21331e+07
NFLX,1411047000,65.3529,65.9086,64.76,65.5729,1.06302e+07
NFLX,1411133400,65.8571,65.9043,64.8814,65.36,1.19609e+07
NFLX,1411392600,65.1814,65.2786,62.6971,63.2543,1.61693e+07
NFLX,1411479000,63.0329,64.0014,62.9286,63.4143,1.14716e+07
NFLX,1411565400,63.4943,64.5229,63.22,64.3657,9.5515e+06
NFLX,1411651800,64.2714,64.6214,63.2029,63.3557,9.8399e+06
NFLX,1411738200,63.5714,64.3771,63.4129,64.1071,1.04048e+07
NFLX,1411997400,63.4386,64.3629,63.1457,64.2229,9.5165e+06
NFLX,1412083800,64.6143,65.3129,64.2571,64.4543,1.24726e+07
NFLX,1412170200,64.0986,64.2857,62.47,62.6857,1.54161e+07
NFLX,1412256600,62.7,64.3557,62.5543,64.2829,1.84506e+07
NFLX,1412343000,64.7414,65.8,64.6443,65.6486,1.52901e+07
NFLX,1412602200,66,66.7443,65.8571,66.2114,1.37095e+07
NFLX,1412688600,65.8714,66.6114,65.1429,65.1786,1.37592e+07
NFLX,1412775000,65.2357,66.8,64.4829,66.6943,1.43325e+07
NFLX,1412861400,66.6614,66.8557,65.6514,65.9457,1.49282e+07
NFLX,1412947800,65.6857,66.4057,64.4914,64.5829,1.91107e+07
NFLX,1413207000,64.4643,64.6386,61.8571,62.6543,2.02167e+07
NFLX,1413293400,63.6443,64.57,62.59,64.16,1.67475e+07
NFLX,1413379800,63.4957,64.4257,61.4543,64.0843,5.99277e+07
NFLX,1413466200,47.5329,52.31,47.2857,51.6714,9.23048e+07
NFLX,1413552600,51.4014,51.4386,48.7857,51.0129,7.91609e+07
NFLX,1413811800,50.8571,52.7414,50.7929,51.3171,3.35293e+07
NFLX,1413898200,51.7514,52.3986,50.7771,52.2843,1.93655e+07
NFLX,1413984600,52.7129,54.5686,51.8857,53.5214,3.21503e+07
NFLX,1414071000,54.36,55.11,54.0357,54.72,1.99164e+07
NFLX,1414157400,54.6543,55.2857,54.4014,55.0029,1.46573e+07
NFLX,1414416600,54.8429,54.9286,53.8143,54.2,1.49443e+07
NFLX,1414503000,54.25,55.2671,54.05,55.1743,1.17369e+07
NFLX,1414589400,55.1743,55.24,53.9671,54.0143,1.25076e+07
NFLX,1414675800,53.93,54.62,53.5143,54.1443,1.05938e+07
NFLX,1414762200,54.9143,56.2529,54.8571,56.11,2.04701e+07
NFLX,1415025000,56.1757,56.5029,55.0157,55.4871,1.75812e+07
NFLX,1415111400,55.2743,55.3214,54.11,54.6829,1.13897e+07
NFLX,1415197800,55.0871,55.4057,53.77,54.34,1.36458e+07
NFLX,1415284200,54,55.0471,53.9071,54.7571,9.9918e+06
NFLX,1415370600,54.7771,55.0357,54.1857,54.88,9.3037e+06
NFLX,1415629800,54.7143,55.6357,54.1429,55.3243,9.7111e+06
NFLX,1415716200,55.3243,56.3,54.5443,54.65,1.48386e+07
NFLX,1415802600,54.4471,55.1371,53.8629,54.8371,1.09585e+07
NFLX,1415889000,54.9229,55.0071,53.9329,54.2014,1.04902e+07
NFLX,1415975400,54.1971,55.3171,54.0814,55.1486,1.09886e+07
NFLX,1416234600,55.0543,55.6429,54.3929,54.4486,9.2253e+06
NFLX,1416321000,54.4286,54.9857,54.3614,54.4329,7.9212e+06
NFLX,1416407400,54.7443,55.2929,51.8086,51.8714,2.45154e+07
NFLX,1416493800,51.87,53.3229,51.5714,52.5914,1.54252e+07
NFLX,1416580200,53.2114,53.3214,51.3571,51.4686,1.7878e+07
NFLX,1416839400,51.5086,51.9229,50.7714,50.9243,1.7864e+07
NFLX,1416925800,50.1457,50.3471,49.1429,49.8557,2.81008e+07
NFLX,1417012200,50.1543,50.5271,49.7457,50.1657,1.00632e+07
NFLX,1417185000,50.5129,50.5714,49.4271,49.5129,6.7025e+06
NFLX,1417444200,49.2857,49.5714,48.2343,48.83,1.19644e+07
NFLX,1417530600,48.7571,50.4771,48.6914,50.33,1.42716e+07
NFLX,1417617000,50.2214,50.7314,49.1814,50.7314,1.38194e+07
NFLX,1417703400,50.4286,51.1357,49.9086,50.0857,1.18538e+07
NFLX,1417789800,50.1471,50.6429,49.7329,50.1314,9.9302e+06
NFLX,1418049000,49.8814,49.9829,48.29,48.4971,1.36213e+07
NFLX,1418135400,47.82,49.3371,47.0029,49.1114,1.79767e+07
NFLX,1418221800,49.0214,49.2471,47.6657,47.76,1.26448e+07
NFLX,1418308200,48.0129,48.7,47.6557,47.8043,1.17691e+07
NFLX,1418394600,47.4171,48.3229,46.98,47.7829,1.35212e+07
NFLX,1418653800,48.0557,48.4186,46.6186,46.72,1.2019e+07
NFLX,1418740200,46.4271,47.07,45.1429,45.2057,1.69477e+07
NFLX,1418826600,45.3757,47.8671,45.0771,47.6643,2.01929e+07
NFLX,1418913000,48.4,48.9286,47.2329,47.7743,1.56394e+07
NFLX,1418999400,47.9,48.72,47.6214,48.5886,1.50479e+07
NFLX,1419258600,48.5429,49.24,47.7486,48.0971,7.994e+06
NFLX,1419345000,48.2871,48.4286,47.4729,48.0614,8.2915e+06
NFLX,1419431400,48.0729,49.07,47.9986,48.8714,5.411e+06
NFLX,1419604200,48.8443,49.4843,48.5343,48.5786,8.8473e+06
NFLX,1419863400,47.97,49.1043,47.6529,48.8471,8.5883e+06
NFLX,1419949800,48.7143,49.14,48.5386,49.0329,7.0112e+06
NFLX,1420036200,49.0329,49.3914,48.7871,48.8014,8.6275e+06
NFLX,1420209000,49.1514,50.3314,48.7314,49.8486,1.3475e+07
NFLX,1420468200,49.2586,49.2586,47.1471,47.3114,1.8165e+07
NFLX,1420554600,47.3471,47.64,45.6614,46.5014,1.60377e+07
NFLX,1420641000,47.3471,47.4214,46.2714,46.7429,9.8497e+06
NFLX,1420727400,47.12,47.8357,46.4786,47.78,9.6019e+06
NFLX,1420813800,47.6314,48.02,46.8986,47.0414,9.5781e+06
NFLX,1421073000,47.09,47.1986,45.2643,45.5471,1.29444e+07
NFLX,1421159400,46.0214,47.0486,45.9,46.2557,1.87215e+07
NFLX,1421245800,47.0714,47.37,45.68,46.32,1.98849e+07
NFLX,1421332200,46.5471,46.7857,45.8443,46.2514,1.1669e+07
NFLX,1421418600,46.8571,48.25,46.3814,48.1914,1.96966e+07
NFLX,1421764200,48.5714,50,47.7143,49.8286,4.0551e+07
NFLX,1421850600,59.2343,59.24,57.41,58.4686,6.69025e+07
NFLX,1421937000,58.5714,61.3743,57.8286,61.2057,3.33193e+07
NFLX,1422023400,60.9886,62.7429,60.8814,62.4943,2.67841e+07
NFLX,1422282600,62.5714,63.8986,61.9571,63.7943,2.12688e+07
NFLX,1422369000,63.0871,65.34,63.05,64.8814,2.46127e+07
NFLX,1422455400,64.7414,64.8214,63.0814,63.2086,2.45329e+07
NFLX,1422541800,63.2043,63.9271,62.5,63.4,1.51277e+07
NFLX,1422628200,63.1329,63.9843,62.6557,63.1143,1.32153e+07
NFLX,1422887400,62.8429,63.4286,61.9557,63.01,1.29906e+07
NFLX,1422973800,63.32,65.4671,62.73,65.2743,1.64402e+07
NFLX,1423060200,65.0414,65.1743,63.89,64.1014,1.24509e+07
NFLX,1423146600,64.5414,65.1386,63.6657,64.13,1.42485e+07
NFLX,1423233000,64.25,64.4286,63.1757,63.48,8.8984e+06
NFLX,1423492200,63.1986,63.7857,62.6371,63.2957,8.1732e+06
NFLX,1423578600,63.46,65.1571,63.1014,64.85,1.54189e+07
NFLX,1423665000,64.83,66.1414,64.5571,64.9843,1.39531e+07
NFLX,1423751400,65.0586,65.6071,64.4514,65.2471,8.4644e+06
NFLX,1423837800,65.4286,66.63,65.4229,66.5857,1.29689e+07
NFLX,1424183400,66.5157,67.3714,65.9443,67.1371,1.11706e+07
NFLX,1424269800,67.0229,68.07,66.6457,67.8657,1.03166e+07
NFLX,1424356200,67.8571,68.7143,67.5743,67.8,1.04321e+07
NFLX,1424442600,67.95,68.3743,67.6371,68.3143,9.422e+06
NFLX,1424701800,68.3,68.3143,67.1429,67.4057,9.0314e+06
NFLX,1424788200,67.3729,68.0843,67.3557,67.84,6.0753e+06
NFLX,1424874600,67.8071,68.7943,67.8071,68.3329,6.8544e+06
NFLX,1424961000,68.6257,69.5,68.43,69.0043,1.08528e+07
NFLX,1425047400,69.0814,69.4286,67.8186,67.8443,1.15164e+07
NFLX,1425306600,67.7143,68.6071,67.2343,68.6071,1.01871e+07
NFLX,1425393000,68.3443,68.4571,67.5071,67.8157,7.4263e+06
NFLX,1425479400,67.53,67.9257,66.1829,67.11,1.74538e+07
NFLX,1425565800,67.4286,67.4643,66.42,66.8071,1.12448e+07
NFLX,1425652200,66.6429,66.9257,64.8443,64.8743,1.28884e+07
NFLX,1425907800,64.99,65.0929,62.8286,63.6614,1.89707e+07
NFLX,1425994200,63.0157,63.3514,61.9829,62.1514,1.79473e+07
NFLX,1426080600,62.24,63.94,62.24,62.8843,1.63632e+07
NFLX,1426167000,63.3471,64.5829,63.34,64.0457,1.46545e+07
NFLX,1426253400,63.9071,64.0571,62.3671,62.6286,1.01612e+07
NFLX,1426512600,61.5471,61.5471,59.62,60.2814,2.6796e+07
NFLX,1426599000,59.7129,60.6943,59.3843,59.7886,1.84282e+07
NFLX,1426685400,59.7386,60.65,59.3,60.4457,1.46349e+07
NFLX,1426771800,60.46,61.2114,60.2557,60.7443,1.14499e+07
NFLX,1426858200,61.3371,61.7857,60.8957,61.1857,1.36416e+07
NFLX,1427117400,60.89,61.1557,60.33,60.7143,7.6643e+06
NFLX,1427203800,61.1357,63.0986,61.1186,62.6114,1.68889e+07
NFLX,1427290200,62.6843,62.6914,60.2443,60.25,2.16524e+07
NFLX,1427376600,59.6286,60.4471,59.39,59.7514,1.60391e+07
NFLX,1427463000,59.33,59.8471,58.5729,59.2529,1.58522e+07
NFLX,1427722200,59.7157,60.5643,59.3643,60.3671,1.32727e+07
NFLX,1427808600,60.11,60.42,59.4557,59.5271,1.42485e+07
NFLX,1427895000,59.6429,59.7857,58.7029,59.0171,1.46398e+07
NFLX,1427981400,59.0714,59.6071,58.8614,59.1543,9.8644e+06
NFLX,1428327000,58.7686,60.4471,58.4643,60.33,1.07303e+07
NFLX,1428413400,60.4971,60.8486,60.0429,60.4943,9.9771e+06
NFLX,1428499800,61.2014,63.1071,61.1843,63.05,2.23279e+07
NFLX,1428586200,63,63.1357,62.1143,62.7857,1.34554e+07
NFLX,1428672600,64.3971,64.9957,63.9471,64.9386,2.23671e+07
NFLX,1428931800,67.24,69.2857,67.0571,67.8114,4.44367e+07
NFLX,1429018200,68.8571,69.1429,67.4214,68.3871,2.86419e+07
NFLX,1429104600,68.7043,68.7043,67.3643,67.9229,4.25285e+07
NFLX,1429191000,76,81.25,75.7143,80.2929,1.045009e+08
NFLX,1429277400,79.7786,82.1429,79.7143,81.65,5.83065e+07
NFLX,1429536600,81.7857,82.3043,80.3814,81.0557,3.07664e+07
NFLX,1429623000,81.2343,81.4843,79.8,80.0629,1.59257e+07
NFLX,1429709400,80.2114,80.7129,79.5443,79.6686,1.20897e+07
NFLX,1429795800,79.6557,80.3429,78.9557,79.8657,1.26875e+07
NFLX,1429882200,80.1729,80.8086,79.5071,79.7714,1.10453e+07
NFLX,1430141400,80.2929,81.7857,80.23,80.8686,1.52467e+07
NFLX,1430227800,80.59,81.2786,79.9443,80.4371,8.8263e+06
NFLX,1430314200,80.07,81.0557,79.6443,80.4071,9.5347e+06
NFLX,1430400600,80.2371,80.8357,79.1243,79.5,1.05651e+07
NFLX,1430487000,79.8557,79.9671,78.8943,79.5757,8.9061e+06
NFLX,1430746200,79.5714,79.7143,78.9,79.2714,7.9674e+06
NFLX,1430832600,81.2386,82.4429,80.7571,80.7929,2.71166e+07
NFLX,1430919000,81.0286,81.2143,79.5214,80.0771,1.15045e+07
NFLX,1431005400,80.1143,80.7943,79.4571,80.7486,1.02207e+07
NFLX,1431091800,81.0414,82.1529,80.9643,82.0857,1.38285e+07
NFLX,1431351000,82.3243,84.8571,82.1857,84.2786,2.38826e+07
NFLX,1431437400,83.8086,83.8086,82.9929,83.3771,1.1907e+07
NFLX,1431523800,83.4043,84.1971,82.6914,82.8729,1.11559e+07
NFLX,1431610200,83.2857,83.9243,82.33,83.8357,8.8984e+06
NFLX,1431696600,86.3643,88.3486,85.7557,87.6071,3.70531e+07
NFLX,1431955800,87.5443,88.5343,87.0243,88.2671,1.4812e+07
NFLX,1432042200,88.8886,89.7857,87.81,88.0686,1.91016e+07
NFLX,1432128600,88.2143,89.1086,87.3629,88.79,1.27568e+07
NFLX,1432215000,89.0814,89.5714,88.1814,89.0029,1.27673e+07
NFLX,1432301400,89.1786,89.4071,88.6929,88.8386,7.4662e+06
NFLX,1432647000,88.8743,89.0614,87.7857,87.9929,9.646e+06
NFLX,1432733400,88.1429,89.9071,87.9286,89.8571,1.05063e+07
NFLX,1432819800,89.7143,89.8557,88.93,89.5071,7.8218e+06
NFLX,1432906200,89.4729,90.2057,88.9557,89.1514,1.2712e+07
NFLX,1433165400,88.8371,89.1214,87.9443,89.0029,9.926e+06
NFLX,1433251800,88.7114,89.6786,88.4057,89.13,7.5292e+06
NFLX,1433338200,89.2429,89.7329,88.6443,88.8086,6.2377e+06
NFLX,1433424600,88.3786,89.4286,88.0429,89.3486,1.00744e+07
NFLX,1433511000,89.2143,90.54,89.1257,90.46,1.16242e+07
NFLX,1433770200,90.7143,90.8157,88.9957,89.6043,1.11489e+07
NFLX,1433856600,89.3343,92.7143,89.3343,92.45,2.20248e+07
NFLX,1433943000,93.3957,98.97,93.2257,95.8714,5.71214e+07
NFLX,1434029400,96.89,96.9186,94.0871,95.0943,2.66231e+07
NFLX,1434115800,94.9157,95.3429,94.1243,94.4186,1.02788e+07
NFLX,1434375000,92.8571,93.5914,91.6586,93.4314,1.9054e+07
NFLX,1434461400,94.2429,95.6071,93.6914,95.2729,1.60433e+07
NFLX,1434547800,95.1329,95.1329,93.9571,94.2714,9.905e+06
NFLX,1434634200,94.6514,95.3414,94.3686,94.7429,8.9628e+06
NFLX,1434720600,96.2429,96.4186,93.8214,93.8714,1.98149e+07
NFLX,1434979800,95.0429,96.6929,94.1886,96.4143,1.67328e+07
NFLX,1435066200,96.3357,97.39,95.75,97.3129,1.56261e+07
NFLX,1435152600,100.0143,100.8914,96.3971,96.9443,7.71386e+07
NFLX,1435239000,95.4814,96,93.4586,94.8914,4.16234e+07
NFLX,1435325400,95.3,95.3143,93.0886,93.0886,3.03149e+07
NFLX,1435584600,91.5057,92.9129,91.1171,92.2314,2.45756e+07
NFLX,1435671000,93.3571,94.3557,92.7857,93.8486,1.68805e+07
NFLX,1435757400,94.8057,95.2386,93.2186,93.6357,1.46993e+07
NFLX,1435843800,93.9986,94.1986,93.2143,94.0443,1.1053e+07
NFLX,1436189400,93.4729,94.9286,93.34,94.5714,1.18083e+07
NFLX,1436275800,95.0129,95.4271,92.6229,94.0914,2.15733e+07
NFLX,1436362200,93.4714,93.9957,92.2843,93.5071,1.29906e+07
NFLX,1436448600,94.9,95.8457,94.2857,95.7271,1.67314e+07
NFLX,1436535000,97.5229,98.5029,96.9,97.2286,2.16363e+07
NFLX,1436794200,98.0986,102.3086,98.0786,101.0871,3.32052e+07
NFLX,1436880600,101.2714,101.6357,99.6529,100.3714,1.97365e+07
NFLX,1436967000,99.97,100.75,97.05,98.13,3.08986e+07
NFLX,1437053400,111.02,116.49,107.68,115.81,6.3461e+07
NFLX,1437139800,117.34,117.88,114.24,114.77,2.51369e+07
NFLX,1437399000,114.7,114.7,110.14,110.55,2.26769e+07
NFLX,1437485400,110.21,113.71,109.32,112.51,1.40854e+07
NFLX,1437571800,112.14,113.88,110.56,111.5,1.05005e+07
NFLX,1437658200,110.91,112.18,109.84,110.1,8.3068e+06
NFLX,1437744600,111.55,111.68,108.9,109.34,8.1251e+06
NFLX,1438003800,107.79,109.86,106.25,106.43,1.13026e+07
NFLX,1438090200,107.29,107.94,103.88,106.9,1.11559e+07
NFLX,1438176600,106.83,107.75,105.4,107.08,6.6956e+06
NFLX,1438263000,106.4,111.9,105.4,111.56,1.42292e+07
NFLX,1438349400,111.95,115,111.15,114.31,1.63491e+07
NFLX,1438608600,114.6,114.6,111.78,112.56,1.01448e+07
NFLX,1438695000,113.15,122.79,113,121.15,2.96533e+07
NFLX,1438781400,125.62,129.29,122.71,123.71,2.69465e+07
NFLX,1438867800,126.29,128.85,122.04,126.45,2.47167e+07
NFLX,1438954200,126.42,126.6,121.3,123.52,1.73607e+07
NFLX,1439213400,126.09,126.5,121.51,123.03,1.34246e+07
NFLX,1439299800,120.01,123.76,120,122.74,1.15968e+07
NFLX,1439386200,121.47,122.45,118.66,120.51,1.38225e+07
NFLX,1439472600,120.99,125.73,119.34,123.73,1.52844e+07
NFLX,1439559000,124.96,125,123,123.39,8.6677e+06
NFLX,1439818200,123.14,125.7,122.59,125.36,9.2338e+06
NFLX,1439904600,125.26,126.75,123.55,124.05,9.382e+06
NFLX,1439991000,123.5,123.7,121.5,122.06,1.01153e+07
NFLX,1440077400,119.8,121.45,111.34,112.49,2.80453e+07
NFLX,1440163800,106.2,110,102.75,103.96,3.32283e+07
NFLX,1440423000,88.75,109.63,85.5,96.88,5.99519e+07
NFLX,1440509400,107.75,107.88,101.5,101.52,3.76207e+07
NFLX,1440595800,107.15,110.28,102.02,110.13,3.61646e+07
NFLX,1440682200,114.94,118.25,113.02,117.66,3.70561e+07
NFLX,1440768600,116.35,119.35,115.88,117.63,2.02402e+07
NFLX,1441027800,115.24,117,113.76,115.03,1.70056e+07
NFLX,1441114200,109.35,111.24,103.82,105.79,3.59771e+07
NFLX,1441200600,109.31,109.5,100.3,105.44,3.98433e+07
NFLX,1441287000,102.69,104.17,100.11,101.06,2.95467e+07
NFLX,1441373400,98.05,99.93,97.34,98.79,2.4212e+07
NFLX,1441719000,102.08,102.5,93.55,94.95,4.34797e+07
NFLX,1441805400,96.51,102.79,95.52,99.18,3.55244e+07
NFLX,1441891800,99.42,100.85,96.78,99.48,2.10319e+07
NFLX,1441978200,98.57,100.85,97.23,97.51,1.73739e+07
NFLX,1442237400,96.84,97.91,94.33,95.69,1.5546e+07
NFLX,1442323800,95.22,99.65,93.61,99.16,2.25911e+07
NFLX,1442410200,99.7,104.48,99.33,104.08,2.80582e+07
NFLX,1442496600,103.67,107.5,101.83,104.21,2.58177e+07
NFLX,1442583000,102,104.36,100.71,102.62,2.1715e+07
NFLX,1442842200,103.3,103.77,99.56,100.3,1.79006e+07
NFLX,1442928600,98.29,99.9,97,98.47,1.67179e+07
NFLX,1443015000,98.6,99.74,97.66,98.07,1.02645e+07
NFLX,1443101400,97.11,104,96.78,103.76,2.12745e+07
NFLX,1443187800,105.3,105.45,101.57,102.24,1.90666e+07
NFLX,1443447000,101.57,103.33,97.84,99.47,1.70266e+07
NFLX,1443533400,99.63,100.63,96.85,98.35,1.74059e+07
NFLX,1443619800,99.91,103.46,99.05,103.26,1.70276e+07
NFLX,1443706200,102.91,106.11,101.12,105.98,1.74269e+07
NFLX,1443792600,103.01,106.87,101.45,106.11,2.15267e+07
NFLX,1444051800,107.48,112.28,105.76,111.25,2.11579e+07
NFLX,1444138200,110.33,112.25,105.64,108.33,2.06298e+07
NFLX,1444224600,108.84,109.78,106.75,108.1,1.23295e+07
NFLX,1444311000,107.94,115.05,102.6,114.93,4.28319e+07
NFLX,1444397400,114.11,115.83,112.44,113.33,2.24552e+07
NFLX,1444656600,114.45,115.42,112.36,113.45,1.26245e+07
NFLX,1444743000,112.85,113.72,108.78,109.73,1.75121e+07
NFLX,1444829400,111.5,111.63,108.05,110.23,3.32315e+07
NFLX,1444915800,103.77,104.88,99.1,101.09,4.84843e+07
NFLX,1445002200,100.21,101.65,98.41,98.99,2.13405e+07
NFLX,1445261400,98.07,103.62,96.26,101.69,2.99647e+07
NFLX,1445347800,101.06,102.11,97.58,98.99,1.73456e+07
NFLX,1445434200,99.67,100.34,97.01,97.96,1.37285e+07
NFLX,1445520600,98.07,99.93,96.86,97.32,1.27868e+07
NFLX,1445607000,97.61,101.56,97.27,100.04,1.80199e+07
NFLX,1445866200,100.05,103.31,99.38,103.04,1.22348e+07
NFLX,1445952600,102.58,104.72,101.23,103.07,1.20664e+07
NFLX,1446039000,102.9,106.21,102.06,105.8,1.3094e+07
NFLX,1446125400,105,106.91,104.75,105.12,9.8414e+06
NFLX,1446211800,105.12,110.1,104.9,108.38,1.55715e+07
NFLX,1446474600,109.2,109.37,106.3,107.64,1.17846e+07
NFLX,1446561000,107.36,111.05,107.24,109.74,1.24841e+07
NFLX,1446647400,110.36,114.28,109.39,114.05,1.7505e+07
NFLX,1446733800,113.75,115.68,111.72,113.5,1.38149e+07
NFLX,1446820200,113.39,114.8,112.05,114.06,1.09366e+07
NFLX,1447079400,113.36,114,108.64,109.86,1.61546e+07
NFLX,1447165800,108.86,112.84,108.01,112.7,1.11664e+07
NFLX,1447252200,113.08,114.61,111.41,112.86,1.10392e+07
NFLX,1447338600,112.52,115.25,108.2,108.92,1.75682e+07
NFLX,1447425000,108.34,109.07,103.27,103.65,1.88194e+07
NFLX,1447684200,102.97,111.65,101.86,111.35,1.98662e+07
NFLX,1447770600,112.11,118.79,111.7,117.1,3.30163e+07
NFLX,1447857000,117.94,121,116.1,120.63,2.33536e+07
NFLX,1447943400,120.25,123.13,119.61,120.22,1.92532e+07
NFLX,1448029800,120.85,124.07,119.21,123.84,1.7977e+07
NFLX,1448289000,124.3,126.2,121.66,125.03,1.5727e+07
NFLX,1448375400,123.67,124.66,120.03,123.31,1.83353e+07
NFLX,1448461800,124.23,125.2,122.36,124.16,1.09807e+07
NFLX,1448634600,123.85,126.39,123.59,125.44,6.6455e+06
NFLX,1448893800,126.03,126.6,122.89,123.33,1.3894e+07
NFLX,1448980200,124.47,125.57,122.42,125.37,1.25508e+07
NFLX,1449066600,125.53,131.35,124.93,128.93,2.41057e+07
NFLX,1449153000,129.62,132.2,126.39,126.81,2.66473e+07
NFLX,1449239400,127,130.99,125.75,130.93,2.02504e+07
NFLX,1449498600,131.19,133.27,122.75,125.36,2.33516e+07
NFLX,1449585000,121.51,128.24,121.1,126.98,1.85911e+07
NFLX,1449671400,127.7,128.78,122.33,124.2,1.77888e+07
NFLX,1449757800,124.5,125.21,121.62,122.91,1.34741e+07
NFLX,1449844200,121.45,123,118.6,118.91,1.61053e+07
NFLX,1450103400,119.77,120.9,114.66,120.67,1.86793e+07
NFLX,1450189800,121.93,123.3,118.54,118.6,1.176e+07
NFLX,1450276200,119.8,123,118.09,122.64,1.3181e+07
NFLX,1450362600,123.97,126.35,122.42,122.51,1.72849e+07
NFLX,1450449000,120.85,122.19,117.92,118.02,1.79481e+07
NFLX,1450708200,119.51,119.59,115.66,116.63,1.167e+07
NFLX,1450794600,117.3,117.43,114.86,116.24,9.689e+06
NFLX,1450881000,116.91,118.56,115.78,118.16,9.3243e+06
NFLX,1450967400,118.22,118.8,117.3,117.33,3.5313e+06
NFLX,1451313000,117.26,117.35,113.85,117.11,8.4243e+06
NFLX,1451399400,118.19,119.6,116.92,119.12,8.1592e+06
NFLX,1451485800,118.95,119.02,116.43,116.71,8.1497e+06
NFLX,1451572200,116.21,117.46,114.28,114.38,9.273e+06
NFLX,1451917800,109,110,105.21,109.96,2.07948e+07
NFLX,1452004200,110.45,110.58,105.85,107.66,1.76646e+07
NFLX,1452090600,105.29,117.91,104.96,117.68,3.30457e+07
NFLX,1452177000,116.36,122.18,112.29,114.56,3.36367e+07
NFLX,1452263400,116.33,117.72,111.1,111.39,1.80671e+07
NFLX,1452522600,112.13,116.79,111.2,114.97,2.19204e+07
NFLX,1452609000,116.11,117.78,115.08,116.58,1.51335e+07
NFLX,1452695400,114.43,114.48,104.53,106.56,2.49216e+07
NFLX,1452781800,105.65,109.25,101.21,107.06,2.36648e+07
NFLX,1452868200,102.43,105.5,101.72,104.04,1.97751e+07
NFLX,1453213800,106.57,110.14,105.55,107.89,3.57228e+07
NFLX,1453300200,108.91,109.99,97.05,107.74,5.30094e+07
NFLX,1453386600,108.32,108.51,102.1,102.35,3.10275e+07
NFLX,1453473000,104.72,104.99,99.22,100.72,2.68218e+07
NFLX,1453732200,99.78,102.68,99,99.12,2.03211e+07
NFLX,1453818600,99.74,100.55,94.85,97.83,2.20839e+07
NFLX,1453905000,96.61,97.85,90.59,91.15,2.55562e+07
NFLX,1453991400,93.84,95.25,90.11,94.41,2.45623e+07
NFLX,1454077800,92,94.39,90.63,91.84,2.04639e+07
NFLX,1454337000,91.79,97.18,91.3,94.09,1.96845e+07
NFLX,1454423400,95.54,96.65,90.73,91.49,2.19065e+07
NFLX,1454509800,92.41,92.69,86.14,90.74,2.7466e+07
NFLX,1454596200,89.5,91.25,86.54,89.71,1.91086e+07
NFLX,1454682600,88.23,88.95,81.86,82.79,2.59293e+07
NFLX,1454941800,80.57,84.7,79.95,83.32,2.50356e+07
NFLX,1455028200,81.75,88.4,81.55,86.13,2.58929e+07
NFLX,1455114600,89,92.21,87.42,88.45,2.31465e+07
NFLX,1455201000,87.42,88.39,82.91,86.35,2.18203e+07
NFLX,1455287400,86.64,89.72,85.26,87.4,1.90677e+07
NFLX,1455633000,89,90.14,87.54,89.05,1.63566e+07
NFLX,1455719400,90.13,94.77,89.64,94.76,1.83238e+07
NFLX,1455805800,94.8,94.9,90.31,90.49,1.76953e+07
NFLX,1455892200,89.98,91.4,88.03,89.23,1.42592e+07
NFLX,1456151400,90.75,93.11,88.3,91.93,1.63218e+07
NFLX,1456237800,91.4,92.49,89.05,89.12,1.27444e+07
NFLX,1456324200,88.5,91.76,86.7,91.61,1.59728e+07
NFLX,1456410600,91.08,94.81,90.21,94.53,1.78988e+07
NFLX,1456497000,95.3,97.48,94.25,94.79,1.69752e+07
NFLX,1456756200,94.81,97.2,93.34,93.41,1.36631e+07
NFLX,1456842600,94.58,99.16,93.61,98.3,1.70488e+07
NFLX,1456929000,98.01,99.48,95.9,97.61,1.91028e+07
NFLX,1457015400,97.83,98.35,95.39,97.93,1.53209e+07
NFLX,1457101800,98.76,102.22,98.32,101.58,2.34146e+07
NFLX,1457361000,101,101.79,95.25,95.49,2.38552e+07
NFLX,1457447400,95,98.28,94.5,96.23,1.4797e+07
NFLX,1457533800,96.82,98.37,95,98,1.22987e+07
NFLX,1457620200,98.18,99.74,95.45,97.36,1.70021e+07
NFLX,1457706600,99.51,99.6,96.05,97.66,1.51143e+07
NFLX,1457962200,97.2,99.42,97.17,98.13,1.12519e+07
NFLX,1458048600,97.87,98.51,96.43,97.86,9.6918e+06
NFLX,1458135000,97.53,99.73,97.5,99.35,1.26305e+07
NFLX,1458221400,99.05,101.39,99,99.72,1.3825e+07
NFLX,1458307800,100.5,102.41,100.01,101.12,1.54535e+07
NFLX,1458567000,101.15,102.1,99.5,101.06,9.5785e+06
NFLX,1458653400,100.48,101.52,99.2,99.84,9.0699e+06
NFLX,1458739800,99.75,100.39,98.81,99.59,8.3135e+06
NFLX,1458826200,98.64,98.85,97.07,98.36,1.06711e+07
NFLX,1459171800,98.34,101.44,97.82,101.21,1.24322e+07
NFLX,1459258200,101.08,104.33,101,104.13,1.60089e+07
NFLX,1459344600,104.65,104.91,101.48,102.19,1.4705e+07
NFLX,1459431000,102.43,103.53,101.05,102.23,9.7475e+06
NFLX,1459517400,102.93,105.79,102.47,105.7,1.41824e+07
NFLX,1459776600,105.9,105.92,103.2,104.35,1.09404e+07
NFLX,1459863000,103.47,105.75,103.25,104.94,1.00609e+07
NFLX,1459949400,105.3,106.44,104.25,104.83,9.6058e+06
NFLX,1460035800,104.31,106.44,103.6,104.45,1.07749e+07
NFLX,1460122200,105.12,105.33,102.82,103.81,7.8576e+06
NFLX,1460381400,104.04,104.98,102.62,102.68,7.4513e+06
NFLX,1460467800,103.15,107.22,102.21,106.98,1.2437e+07
NFLX,1460554200,108,111.28,107.88,109.65,1.67017e+07
NFLX,1460640600,110.01,111.64,109.15,110.42,9.5537e+06
NFLX,1460727000,110.64,111.85,109.78,111.51,1.17461e+07
NFLX,1460986200,109.9,110.7,106.02,108.4,3.28164e+07
NFLX,1461072600,99.49,101.37,94.2,94.34,5.57288e+07
NFLX,1461159000,94.34,96.98,93.14,96.77,2.66135e+07
NFLX,1461245400,97.31,97.38,94.78,94.98,1.99194e+07
NFLX,1461331800,94.85,96.69,94.21,95.9,1.58063e+07
NFLX,1461591000,95.7,95.75,92.8,93.56,1.49854e+07
NFLX,1461677400,93.5,93.55,91.25,92.43,1.53309e+07
NFLX,1461763800,92.18,92.5,90.21,91.04,1.22189e+07
NFLX,1461850200,91.5,92.67,90.09,90.28,1.14749e+07
NFLX,1461936600,90.5,90.56,88.21,90.03,1.3968e+07
NFLX,1462195800,90.41,93.22,89.89,93.11,1.2547e+07
NFLX,1462282200,92.08,93.25,91.3,91.54,1.05939e+07
NFLX,1462368600,91,92.16,90.35,90.79,7.3947e+06
NFLX,1462455000,90.91,92.08,89.25,89.37,1.03685e+07
NFLX,1462541400,88.83,90.88,88.11,90.84,1.04339e+07
NFLX,1462800600,90.73,91.83,89.9,90.54,9.5437e+06
NFLX,1462887000,91.14,93.25,91.09,92.89,1.11759e+07
NFLX,1462973400,92.4,92.59,89.9,90.02,1.16929e+07
NFLX,1463059800,90.32,90.41,85.74,87.74,2.04081e+07
NFLX,1463146200,87.39,88.59,86.26,87.88,1.15714e+07
NFLX,1463405400,87.56,90,86.15,89.12,1.12478e+07
NFLX,1463491800,89,90.87,88.17,88.63,1.15713e+07
NFLX,1463578200,88.25,91.72,88.25,90.5,1.39118e+07
NFLX,1463664600,90.16,91.27,88.3,89.55,1.14503e+07
NFLX,1463751000,90.08,93.28,89.98,92.49,1.5063e+07
NFLX,1464010200,92.98,95.29,92.85,94.89,1.39923e+07
NFLX,1464096600,95.98,99.14,95.75,97.89,2.1246e+07
NFLX,1464183000,99,100.31,98.3,100.2,1.51429e+07
NFLX,1464269400,103.21,104,101.38,102.81,1.78247e+07
NFLX,1464355800,102.44,103.5,101.44,103.3,9.0921e+06
NFLX,1464701400,102.95,103.45,102.13,102.57,8.7257e+06
NFLX,1464787800,101.5,101.92,100.16,101.51,8.3934e+06
NFLX,1464874200,101.39,102.15,100.77,101.25,7.9924e+06
NFLX,1464960600,100.99,101,98.53,99.59,9.224e+06
NFLX,1465219800,100.29,101.07,99.72,100.74,6.8281e+06
NFLX,1465306200,101.2,101.63,99.77,99.89,6.4747e+06
NFLX,1465392600,100.02,100.28,97.6,97.86,9.4239e+06
NFLX,1465479000,97.22,98.43,96.66,97.09,8.9238e+06
NFLX,1465565400,94.88,95.35,93.28,93.75,1.29079e+07
NFLX,1465824600,95.02,97.2,93.62,93.85,1.34843e+07
NFLX,1465911000,94.16,95.8,93.27,94.12,9.4804e+06
NFLX,1465997400,94.61,95.46,93.5,94.29,7.6754e+06
NFLX,1466083800,94.18,95.56,93.25,95.44,7.5508e+06
NFLX,1466170200,95.75,95.77,94.2,94.45,8.0468e+06
NFLX,1466429400,95.22,95.88,93.65,93.8,9.0264e+06
NFLX,1466515800,93.87,93.88,90.77,90.99,1.51997e+07
NFLX,1466602200,90.78,91.98,89.77,90.01,9.4547e+06
NFLX,1466688600,90.62,91.68,88.15,91.66,1.0819e+07
NFLX,1466775000,87.53,90.49,87.21,88.44,1.12486e+07
NFLX,1467034200,87.88,88,84.81,85.33,1.37305e+07
NFLX,1467120600,87.41,88.88,86.41,87.97,1.15456e+07
NFLX,1467207000,89.67,91.97,88.7,91.06,1.16871e+07
NFLX,1467293400,90.91,91.72,89.9,91.48,9.099e+06
NFLX,1467379800,95,97,94.8,96.67,1.61672e+07
NFLX,1467725400,95.2,101.27,93.31,97.91,2.58794e+07
NFLX,1467811800,95.03,96,93.55,94.6,1.63012e+07
NFLX,1467898200,94.7,95.38,93.18,95.1,9.9135e+06
NFLX,1467984600,96,97.41,95.3,97.06,8.3354e+06
NFLX,1468243800,96.19,96.87,94.3,94.67,1.32762e+07
NFLX,1468330200,95.07,96.72,94.09,95.97,1.16174e+07
NFLX,1468416600,96.26,96.72,94.8,96.43,8.7689e+06
NFLX,1468503000,97,98.27,96.8,98.02,9.885e+06
NFLX,1468589400,98.52,98.7,97.41,98.39,9.0419e+06
NFLX,1468848600,98.43,99.84,97.24,98.81,2.86697e+07
NFLX,1468935000,85.43,86.75,84.5,85.84,5.56812e+07
NFLX,1469021400,86.67,88.49,85.82,87.91,2.35251e+07
NFLX,1469107800,88.3,88.38,85.21,85.99,1.6084e+07
NFLX,1469194200,86.48,86.5,85.11,85.89,1.13639e+07
NFLX,1469453400,85.73,87.87,85.01,87.66,1.4135e+07
NFLX,1469539800,91.03,93.1,90.9,91.41,1.95776e+07
NFLX,1469626200,91.5,92.06,90.1,92.04,8.7275e+06
NFLX,1469712600,91.92,92.21,90.68,91.65,6.2277e+06
NFLX,1469799000,91.19,91.75,90.59,91.25,6.9602e+06
NFLX,1470058200,91.23,94.67,90.5,94.37,1.06669e+07
NFLX,1470144600,94,94.08,92.18,93.56,9.8362e+06
NFLX,1470231000,93.28,94.67,92.55,93.1,7.0309e+06
NFLX,1470317400,93.2,93.73,91.82,93.44,6.0434e+06
NFLX,1470403800,93.77,97.74,93.56,97.03,1.83648e+07
NFLX,1470663000,95.91,95.93,94,95.11,1.01354e+07
NFLX,1470749400,95.12,95.81,93.48,93.99,9.1754e+06
NFLX,1470835800,94.4,94.75,92.95,93.93,6.5111e+06
NFLX,1470922200,94.6,96.33,94.37,95.89,8.5477e+06
NFLX,1471008600,95.53,96.83,95.08,96.59,6.5929e+06
NFLX,1471267800,96.83,96.91,95.24,95.31,7.3046e+06
NFLX,1471354200,95.19,95.61,94.4,95.12,6.3113e+06
NFLX,1471440600,94.94,96.93,94.85,96.37,8.3156e+06
NFLX,1471527000,95.98,97.22,95.17,96.16,7.2526e+06
NFLX,1471613400,96.05,96.78,95.51,95.87,6.9429e+06
NFLX,1471872600,95.67,96.13,94.95,95.26,5.8305e+06
NFLX,1471959000,95.68,96.59,95.48,95.94,5.2391e+06
NFLX,1472045400,96.13,96.36,94.91,95.18,6.2765e+06
NFLX,1472131800,96.38,98.25,96.04,97.32,1.08231e+07
NFLX,1472218200,97.33,97.95,96.57,97.58,6.6176e+06
NFLX,1472477400,96.97,98.45,96.57,97.3,8.0084e+06
NFLX,1472563800,97.84,98.85,97.14,97.45,6.0935e+06
NFLX,1472650200,97.48,97.88,96.76,97.45,4.6906e+06
NFLX,1472736600,97.81,97.98,96.92,97.38,4.1486e+06
NFLX,1472823000,97.9,98.18,97.01,97.38,4.2472e+06
NFLX,1473168600,97.76,100.32,97.65,100.09,9.0361e+06
NFLX,1473255000,100.11,100.19,98.42,99.15,6.4685e+06
NFLX,1473341400,99.23,100.05,98.82,99.66,5.2012e+06
NFLX,1473427800,99.06,99.39,96.5,96.5,7.3733e+06
NFLX,1473687000,95.91,99.29,95.71,99.05,7.7184e+06
NFLX,1473773400,97.17,98,95.33,96.09,1.17881e+07
NFLX,1473859800,97.35,98.35,96.96,97.01,8.481e+06
NFLX,1473946200,97.23,97.97,96.53,97.34,5.2935e+06
NFLX,1474032600,97.1,99.49,97.04,99.48,9.4451e+06
NFLX,1474291800,99.9,100.35,97.82,98.06,8.6162e+06
NFLX,1474378200,98.78,99.16,97.66,98.25,4.7368e+06
NFLX,1474464600,96.9,97.1,93.26,94.88,2.00422e+07
NFLX,1474551000,95.54,95.88,94.23,95.83,1.1215e+07
NFLX,1474637400,95.75,96.97,95.43,95.94,6.1795e+06
NFLX,1474896600,95.38,95.38,94.04,94.56,6.7392e+06
NFLX,1474983000,95.04,97.64,95,97.07,9.6801e+06
NFLX,1475069400,97.1,97.59,96.02,97.48,7.2351e+06
NFLX,1475155800,97.31,98.31,96.6,96.67,6.2176e+06
NFLX,1475242200,96.9,99.53,96.79,98.55,9.8079e+06
NFLX,1475501400,98,103.39,98,102.63,1.53445e+07
NFLX,1475587800,103.19,104.44,101.86,102.34,1.21431e+07
NFLX,1475674200,103.5,106.97,103.43,106.28,1.29429e+07
NFLX,1475760600,104.97,105.47,103.88,105.07,6.5877e+06
NFLX,1475847000,103.98,106.5,103.55,104.82,8.6595e+06
NFLX,1476106200,103.18,104.53,102.76,103.33,6.6997e+06
NFLX,1476192600,102.31,102.9,99.86,100.59,9.0329e+06
NFLX,1476279000,100.88,102.47,99.22,99.5,7.4265e+06
NFLX,1476365400,98.01,100.5,97.63,100.23,8.3193e+06
NFLX,1476451800,101.59,102.1,100.35,101.47,9.5311e+06
NFLX,1476711000,100.5,100.73,98.38,99.8,2.65895e+07
NFLX,1476797400,116.63,119.82,116.5,118.79,4.21682e+07
NFLX,1476883800,118.25,122.45,118,121.87,2.19817e+07
NFLX,1476970200,121.97,123.75,121.06,123.35,1.44928e+07
NFLX,1477056600,122.5,127.85,122.31,127.5,1.88324e+07
NFLX,1477315800,127.42,129.29,126.15,127.33,1.59807e+07
NFLX,1477402200,126.52,128.06,125.75,126.51,8.2539e+06
NFLX,1477488600,126.29,128.72,125.75,126.97,8.6024e+06
NFLX,1477575000,127.43,128.18,125.93,126.47,6.9142e+06
NFLX,1477661400,126.08,128.93,126.01,126.57,7.0773e+06
NFLX,1477920600,126.85,126.9,124.4,124.87,6.5175e+06
NFLX,1478007000,124.98,125.83,121.8,123.3,6.9786e+06
NFLX,1478093400,122.83,124.07,121.83,122.34,4.8165e+06
NFLX,1478179800,122.31,123.72,121.84,122.14,5.0413e+06
NFLX,1478266200,122,123.43,121.62,122.03,5.0777e+06
NFLX,1478529000,124.26,125.75,123.37,124.58,5.8271e+06
NFLX,1478615400,124.12,125.81,123.22,124.34,4.6908e+06
NFLX,1478701800,121.84,123.65,120.86,122.19,7.7057e+06
NFLX,1478788200,122.76,122.97,113.7,115.42,1.97187e+07
NFLX,1478874600,114.9,116.63,113.11,114.78,1.10803e+07
NFLX,1479133800,114.75,115.9,110.68,113.38,9.9324e+06
NFLX,1479220200,114.55,116.41,113.09,113.59,7.4451e+06
NFLX,1479306600,112.96,116.12,111.81,115.19,5.9337e+06
NFLX,1479393000,115.13,116.81,113.56,115.03,6.2327e+06
NFLX,1479479400,115.73,116.42,113.51,115.21,6.7468e+06
NFLX,1479738600,116.2,118.72,116.19,117.96,7.0645e+06
NFLX,1479825000,118.32,119.46,116.98,118.04,7.0072e+06
NFLX,1479911400,117.76,118.89,117.31,117.69,4.5213e+06
NFLX,1480084200,117.64,118.39,117.18,117.41,1.6163e+06
NFLX,1480343400,117.05,117.62,115.71,116.93,5.2789e+06
NFLX,1480429800,117.3,119.18,117.13,117.51,7.0823e+06
NFLX,1480516200,119,120.37,116.39,117,7.7151e+06
NFLX,1480602600,117.52,118.68,113.95,117.22,8.6369e+06
NFLX,1480689000,116.75,120.98,116.75,120.81,8.9536e+06
NFLX,1480948200,120.73,120.75,118.4,119.16,7.6263e+06
NFLX,1481034600,120.1,124.79,119.42,124.57,1.15132e+07
NFLX,1481121000,124.48,125.75,123.25,125.39,8.2047e+06
NFLX,1481207400,125.4,126.35,122.16,123.24,8.9877e+06
NFLX,1481293800,123.78,124.3,121.73,122.88,4.7008e+06
NFLX,1481553000,122.84,124.03,122.3,122.83,3.9176e+06
NFLX,1481639400,123.51,125.09,122.78,123.78,5.5645e+06
NFLX,1481725800,123.43,124.4,122.5,123.44,6.1103e+06
NFLX,1481812200,123.44,127.43,122.95,125,7.3762e+06
NFLX,1481898600,126.39,126.68,124.01,124.22,7.868e+06
NFLX,1482157800,124.3,126.44,122.87,125.45,4.8673e+06
NFLX,1482244200,125.46,126.3,124.64,125.12,3.9378e+06
NFLX,1482330600,125.53,127.74,125,126.5,6.5148e+06
NFLX,1482417000,126.84,127.5,125.18,125.58,4.1607e+06
NFLX,1482503400,125.61,126.28,125.08,125.59,2.0104e+06
NFLX,1482849000,126.24,129.05,125.7,128.35,5.2882e+06
NFLX,1482935400,129.07,129.07,125.76,125.89,4.3892e+06
NFLX,1483021800,125.95,126.14,124.2,125.33,3.4451e+06
NFLX,1483108200,126.24,126.57,123.6,123.8,4.4554e+06
NFLX,1483453800,124.96,128.19,124.31,127.49,9.4379e+06
NFLX,1483540200,127.49,130.17,126.55,129.41,7.8436e+06
NFLX,1483626600,129.22,132.75,128.9,131.81,1.01855e+07
NFLX,1483713000,132.08,133.88,129.81,131.07,1.06579e+07
NFLX,1483972200,131.48,131.99,129.89,130.95,5.7718e+06
NFLX,1484058600,131.27,132.22,129.29,129.89,5.9858e+06
NFLX,1484145000,130.91,131.5,129.25,130.5,5.6151e+06
NFLX,1484231400,130.63,130.85,128.5,129.18,5.3889e+06
NFLX,1484317800,131.15,133.93,130.58,133.7,1.0515e+07
NFLX,1484663400,135.04,135.4,132.09,132.89,1.22202e+07
NFLX,1484749800,133.21,133.65,131.06,133.26,1.61686e+07
NFLX,1484836200,142.01,143.46,138.25,138.41,2.32034e+07
NFLX,1484922600,139.36,140.79,137.66,138.6,9.4974e+06
NFLX,1485181800,138.65,139.49,137.31,137.39,7.4339e+06
NFLX,1485268200,138.11,140.93,137.03,140.11,7.7547e+06
NFLX,1485354600,140.8,141.39,139.05,139.52,7.2381e+06
NFLX,1485441000,140.45,141.21,138.51,138.96,6.0383e+06
NFLX,1485527400,139.46,142.49,139,142.45,8.3239e+06
NFLX,1485786600,141.77,141.97,138.8,141.22,8.1225e+06
NFLX,1485873000,140.55,141.83,139.7,140.71,4.4116e+06
NFLX,1485959400,141.2,142.41,139.3,140.78,6.0334e+06
NFLX,1486045800,140.61,141.04,139.05,139.2,3.4624e+06
NFLX,1486132200,139.51,140.64,139.1,140.25,3.5126e+06
NFLX,1486391400,140,141,139.16,140.97,3.5521e+06
NFLX,1486477800,141.49,144.28,141.05,144,8.5735e+06
NFLX,1486564200,143.57,145.07,142.56,144.74,6.8871e+06
NFLX,1486650600,144.98,145.09,143.58,144.14,4.5551e+06
NFLX,1486737000,144.68,145.3,143.97,144.82,6.1719e+06
NFLX,1486996200,145.19,145.95,143.05,143.2,4.7904e+06
NFLX,1487082600,143.2,144.11,140.05,140.82,8.3678e+06
NFLX,1487169000,140.72,142.43,140.51,142.27,5.3091e+06
NFLX,1487255400,142.42,142.44,141.07,142.01,2.8475e+06
NFLX,1487341800,141.75,142.9,141.27,142.22,4.5881e+06
NFLX,1487687400,142.99,143.38,141.81,142.6,3.5715e+06
NFLX,1487773800,142.92,144,142.17,143.86,3.482e+06
NFLX,1487860200,144.45,144.49,141.52,142.78,4.668e+06
NFLX,1487946600,141.88,143.56,141.55,143.25,3.3027e+06
NFLX,1488205800,143.12,143.92,142.38,143.41,3.9074e+06
NFLX,1488292200,143.3,143.57,141.85,142.13,3.8622e+06
NFLX,1488378600,142.84,143.26,142.1,142.65,4.1706e+06
NFLX,1488465000,142.15,142.7,139.09,139.53,6.1199e+06
NFLX,1488551400,139.69,140.91,138.26,139.14,5.3998e+06
NFLX,1488810600,141,142.84,140.54,141.94,7.1161e+06
NFLX,1488897000,141.99,142.4,140.38,141.43,4.241e+06
NFLX,1488983400,141.47,142.06,139.77,140.32,4.0855e+06
NFLX,1489069800,140.04,141.24,139.74,140.53,2.6527e+06
NFLX,1489156200,141.39,141.8,140.28,140.89,3.3185e+06
NFLX,1489411800,140.9,143.71,140.32,143.52,4.9224e+06
NFLX,1489498200,142.95,143.31,141.7,143.19,4.6603e+06
NFLX,1489584600,144.2,145.52,143.23,145.25,5.9872e+06
NFLX,1489671000,145.5,146.5,144.22,144.39,5.2865e+06
NFLX,1489757400,144.05,145.76,143.4,145.11,6.2813e+06
NFLX,1490016600,145.45,146.25,144.58,145.83,3.421e+06
NFLX,1490103000,146.75,147.7,142.1,142.42,7.6698e+06
NFLX,1490189400,142.54,143.8,140.76,142.65,6.4869e+06
NFLX,1490275800,142.14,142.89,141.26,141.84,3.7126e+06
NFLX,1490362200,142.36,142.8,141.58,142.02,3.5466e+06
NFLX,1490621400,140.83,144.39,140,144.06,4.7717e+06
NFLX,1490707800,144.1,146.11,143.92,145.17,4.638e+06
NFLX,1490794200,145.5,147.18,144.91,146.47,3.855e+06
NFLX,1490880600,146.81,148.29,146.53,148.06,4.4611e+06
NFLX,1490967000,148,148.23,147.33,147.81,3.8882e+06
NFLX,1491226200,146.7,148.01,145.74,146.92,4.6093e+06
NFLX,1491312600,146.84,147.09,144.89,145.5,4.3689e+06
NFLX,1491399000,146.19,146.25,143.26,143.62,4.6076e+06
NFLX,1491485400,144,144.14,143.01,143.74,3.3124e+06
NFLX,1491571800,143.79,143.89,142.71,143.11,3.0405e+06
NFLX,1491831000,143.04,144.65,141.21,143.85,5.8074e+06
NFLX,1491917400,144.28,144.54,141.98,144.35,4.6215e+06
NFLX,1492003800,144.85,145.74,143.55,143.83,4.387e+06
NFLX,1492090200,144.25,144.55,142.76,142.92,3.6858e+06
NFLX,1492435800,144.43,147.32,144.43,147.25,1.63647e+07
NFLX,1492522200,147.34,147.4,140,143.36,1.9671e+07
NFLX,1492608600,143.37,144,138.66,139.76,1.23951e+07
NFLX,1492695000,140.3,141.8,139.27,141.18,7.2482e+06
NFLX,1492781400,141.39,143.03,140.9,142.87,6.8248e+06
NFLX,1493040600,143.61,144.5,143.4,143.83,4.8009e+06
NFLX,1493127000,147.46,153.52,146.22,152.16,2.06742e+07
NFLX,1493213400,151.53,152.15,148.9,150.17,9.2741e+06
NFLX,1493299800,150.6,153.49,149.3,153.08,7.7194e+06
NFLX,1493386200,152.71,152.97,150.94,152.2,6.3662e+06
NFLX,1493645400,151.91,157.7,151.61,155.35,9.0316e+06
NFLX,1493731800,155.76,156.5,154.61,156.45,5.3848e+06
NFLX,1493818200,156.29,156.54,154.88,155.59,3.9312e+06
NFLX,1493904600,155.59,157.9,154.55,157.25,5.5823e+06
NFLX,1493991000,158.55,158.59,155.9,156.6,5.3417e+06
NFLX,1494250200,156.55,157.64,155.3,156.38,4.8188e+06
NFLX,1494336600,156.1,157.85,155.97,157.46,3.911e+06
NFLX,1494423000,157.82,161.1,156.56,160.28,6.8699e+06
NFLX,1494509400,160.33,160.52,157.55,158.54,5.6774e+06
NFLX,1494595800,159.11,160.84,158.51,160.81,5.0929e+06
NFLX,1494855000,160.25,161.78,159.76,160.02,4.972e+06
NFLX,1494941400,160.5,161.18,159.33,159.41,3.4649e+06
NFLX,1495027800,158.09,158.78,153,153.2,8.1845e+06
NFLX,1495114200,153.61,156.89,153.24,155.7,6.8027e+06
NFLX,1495200600,156.15,158.05,155.91,157.02,4.0915e+06
NFLX,1495459800,157.86,158.6,156.43,157.16,3.7441e+06
NFLX,1495546200,157.75,158.31,156.8,157.95,3.3709e+06
NFLX,1495632600,158.35,158.48,157.17,157.75,2.9708e+06
NFLX,1495719000,161,164.1,160.55,163.05,8.561e+06
NFLX,1495805400,162.84,163.05,161.12,162.43,4.8343e+06
NFLX,1496151000,163.6,164.75,162.71,163.22,4.8286e+06
NFLX,1496237400,163.61,164,160.74,163.07,5.3289e+06
NFLX,1496323800,163.52,163.93,161.7,162.99,3.8963e+06
NFLX,1496410200,163.42,165.36,162.8,165.18,4.2591e+06
NFLX,1496669400,165.49,165.5,163.43,165.06,3.8752e+06
NFLX,1496755800,164.95,166.82,164.51,165.17,4.3821e+06
NFLX,1496842200,165.6,166.4,164.41,165.61,3.3531e+06
NFLX,1496928600,166.12,166.87,164.84,165.88,3.7191e+06
NFLX,1497015000,166.27,166.27,154.5,158.03,1.0292e+07
NFLX,1497274200,155.3,155.53,148.31,151.44,1.41145e+07
NFLX,1497360600,154.38,155.68,150.13,152.72,8.4847e+06
NFLX,1497447000,154.34,155.62,150.28,152.2,6.4618e+06
NFLX,1497533400,149.44,152.56,147.3,151.76,7.3197e+06
NFLX,1497619800,151.45,153.53,150.39,152.38,6.9097e+06
NFLX,1497879000,154.29,155.58,152.41,153.4,6.5443e+06
NFLX,1497965400,153.68,154.5,151.4,152.05,4.8787e+06
NFLX,1498051800,152.5,155.38,152.26,155.03,5.8034e+06
NFLX,1498138200,155.13,155.2,153.7,154.89,3.7692e+06
NFLX,1498224600,155.01,158.19,153.76,158.02,6.2508e+06
NFLX,1498483800,158.78,159.97,156.56,157.5,6.016e+06
NFLX,1498570200,156.62,156.98,150.72,151.03,7.4243e+06
NFLX,1498656600,151.64,154.2,150.12,153.41,5.5899e+06
NFLX,1498743000,152.82,152.82,148,150.09,7.1425e+06
NFLX,1498829400,149.76,150.71,148.42,149.41,5.2133e+06
NFLX,1499088600,149.8,150.45,145.8,146.17,3.9082e+06
NFLX,1499261400,146.58,148.26,145.58,147.61,4.6278e+06
NFLX,1499347800,146.13,147.27,144.25,146.25,5.4865e+06
NFLX,1499434200,146.65,150.75,146.65,150.18,5.5613e+06
NFLX,1499693400,150.34,153.23,149.65,152.67,5.3606e+06
NFLX,1499779800,152.37,155.23,151.55,154.33,4.8986e+06
NFLX,1499866200,155.77,158.8,155.77,158.75,8.4818e+06
NFLX,1499952600,158.51,160.13,156.98,158.21,6.7001e+06
NFLX,1500039000,159.3,161.35,157.97,161.12,5.5492e+06
NFLX,1500298200,162.91,163.55,160.02,161.7,1.74967e+07
NFLX,1500384600,176.12,185,174.24,183.6,4.15874e+07
NFLX,1500471000,182.97,187.17,181.75,183.86,1.73443e+07
NFLX,1500557400,183.84,185.92,182.7,183.6,7.9072e+06
NFLX,1500643800,182.72,191.5,182.71,188.54,9.2774e+06
NFLX,1500903000,188.69,190.25,187.01,187.91,8.7973e+06
NFLX,1500989400,187.79,188.66,185.81,186.97,5.3745e+06
NFLX,1501075800,187.7,189.7,187.51,189.08,4.4793e+06
NFLX,1501162200,189.89,190,179.38,182.68,1.1221e+07
NFLX,1501248600,182,185.03,181.18,184.04,6.2019e+06
NFLX,1501507800,184.26,184.97,180.65,181.66,4.8836e+06
NFLX,1501594200,182.49,184.62,181.43,182.03,5.1127e+06
NFLX,1501680600,182.22,182.57,177.81,180.74,5.7713e+06
NFLX,1501767000,180.53,181.22,178.02,179.23,4.6277e+06
NFLX,1501853400,179.6,181,178.5,180.27,4.4911e+06
NFLX,1502112600,181,182.27,179.1,181.33,4.6098e+06
NFLX,1502199000,181.37,181.91,177.45,178.36,6.104e+06
NFLX,1502285400,171.43,175.96,170.01,175.78,9.6705e+06
NFLX,1502371800,174.03,174.45,167.6,169.14,9.6931e+06
NFLX,1502458200,169.86,172.58,169,171.4,5.0223e+06
NFLX,1502717400,169.8,172.45,168.8,171,7.4684e+06
NFLX,1502803800,171.53,171.88,168.25,168.5,5.6561e+06
NFLX,1502890200,167.5,170.5,166.25,169.98,7.0136e+06
NFLX,1502976600,169.23,170.58,165.72,166.09,5.2292e+06
NFLX,1503063000,165.95,169.97,165.8,166.54,7.3857e+06
NFLX,1503322200,166.91,168.99,164.23,166.76,6.4807e+06
NFLX,1503408600,167.76,169.93,167.04,169.34,4.8863e+06
NFLX,1503495000,168.35,169.64,166.7,169.06,4.6323e+06
NFLX,1503581400,169.86,171.24,166.15,168.13,5.3617e+06
NFLX,1503667800,168.58,168.75,165.5,165.95,4.064e+06
NFLX,1503927000,166.43,168.67,165.6,167.12,3.6573e+06
NFLX,1504013400,165,169.68,164.73,168.81,4.6209e+06
NFLX,1504099800,169.5,174.85,169.37,174.69,8.0347e+06
NFLX,1504186200,175.45,176.24,173.86,174.71,6.941e+06
NFLX,1504272600,175.55,176.48,173.92,174.74,3.813e+06
NFLX,1504618200,173.4,175.88,172.44,174.52,4.5895e+06
NFLX,1504704600,175.25,179.46,173.73,179.25,8.7426e+06
NFLX,1504791000,178.8,180.35,177.1,179,6.0361e+06
NFLX,1504877400,178.45,180.39,176.25,176.42,4.5908e+06
NFLX,1505136600,178.1,182.47,178.03,181.74,5.9794e+06
NFLX,1505223000,182.55,185.33,180.64,185.15,6.6896e+06
NFLX,1505309400,184.07,184.5,182.55,183.64,4.3203e+06
NFLX,1505395800,183.25,185.29,182.07,182.63,4.5107e+06
NFLX,1505482200,182.73,184.93,181.43,182.35,5.5917e+06
NFLX,1505741400,183.61,185.45,182.73,184.62,5.3596e+06
NFLX,1505827800,184.98,186.23,184.17,185.68,4.9821e+06
NFLX,1505914200,186.1,186.5,183.2,185.51,4.625e+06
NFLX,1506000600,185.82,189.95,184.51,188.78,7.1481e+06
NFLX,1506087000,188.4,189.85,186.39,187.35,5.4643e+06
NFLX,1506346200,186.46,186.55,177.7,178.55,9.3672e+06
NFLX,1506432600,180.7,180.95,176.55,179.38,5.6025e+06
NFLX,1506519000,181.01,183.34,180.7,181.97,5.7105e+06
NFLX,1506605400,181.25,181.95,179.36,180.7,4.077e+06
NFLX,1506691800,180.73,182.9,180.65,181.35,4.2279e+06
NFLX,1506951000,182.11,182.8,176.58,177.01,7.342e+06
NFLX,1507037400,177.65,179.7,177.55,179.19,3.9569e+06
NFLX,1507123800,181.41,186.7,181.25,184.45,9.2359e+06
NFLX,1507210200,185.65,194.49,184.49,194.39,1.94127e+07
NFLX,1507296600,194.3,198.92,192.05,198.02,1.53484e+07
NFLX,1507555800,199.1,199.4,196.56,196.87,6.9717e+06
NFLX,1507642200,197.85,198.3,192.1,195.08,6.2338e+06
NFLX,1507728600,195.57,196.22,193.81,194.95,6.4502e+06
NFLX,1507815000,196.75,198.62,194.71,195.86,7.7533e+06
NFLX,1507901400,199.7,200.82,197.19,199.49,1.20813e+07
NFLX,1508160600,201.95,202.83,197.86,202.68,2.21054e+07
NFLX,1508247000,200.11,204.38,197.77,199.48,2.39001e+07
NFLX,1508333400,199.99,200.01,194.25,195.54,1.11989e+07
NFLX,1508419800,193.01,195.25,191.16,195.13,7.0346e+06
NFLX,1508506200,195.9,196.38,193.77,194.16,5.9956e+06
NFLX,1508765400,194.17,194.9,191.03,192.47,6.98e+06
NFLX,1508851800,192.75,196.74,191.4,196.02,7.0691e+06
NFLX,1508938200,195.38,197.06,193.01,193.77,5.3153e+06
NFLX,1509024600,194.66,197.61,194.08,195.21,5.1858e+06
NFLX,1509111000,197.2,200.65,196.22,199.54,8.1286e+06
NFLX,1509370200,199.62,201.1,197.07,198.37,5.4396e+06
NFLX,1509456600,198.21,198.59,195.22,196.43,5.5186e+06
NFLX,1509543000,197.24,199.2,196,198,5.0174e+06
NFLX,1509629400,197.45,199.44,197.09,199.32,3.6063e+06
NFLX,1509715800,199.8,200.55,197.99,200.01,3.6788e+06
NFLX,1509978600,200,202.48,198.09,200.13,5.8466e+06
NFLX,1510065000,200,200.61,194.8,195.89,6.468e+06
NFLX,1510151400,196,197.09,194.74,196.44,4.2374e+06
NFLX,1510237800,194.46,194.49,190.81,193.9,5.9799e+06
NFLX,1510324200,191.61,192.59,189.5,192.02,6.6222e+06
NFLX,1510583400,191.12,196.05,191,195.08,4.607e+06
NFLX,1510669800,193.64,195.88,193,195.71,3.4505e+06
NFLX,1510756200,194.54,195.42,191.53,192.12,4.2031e+06
NFLX,1510842600,194.33,197.7,193.75,195.51,5.6784e+06
NFLX,1510929000,195.74,195.95,192.65,193.2,3.9063e+06
NFLX,1511188200,193.3,194.32,191.9,194.1,3.8275e+06
NFLX,1511274600,195.04,197.52,194.97,196.23,4.7873e+06
NFLX,1511361000,196.58,196.75,193.63,196.32,5.8954e+06
NFLX,1511533800,196.65,196.9,195.33,195.75,2.1605e+06
NFLX,1511793000,195.56,195.85,194,195.05,3.2101e+06
NFLX,1511879400,195.34,199.68,194.01,199.18,6.9811e+06
NFLX,1511965800,198.91,199.03,184.32,188.15,1.42027e+07
NFLX,1512052200,190.31,190.86,186.68,187.58,6.6301e+06
NFLX,1512138600,186.99,189.8,185,186.82,6.2195e+06
NFLX,1512397800,189.36,189.72,178.38,184.04,9.0698e+06
NFLX,1512484200,183.5,188.14,181.19,184.21,5.7837e+06
NFLX,1512570600,183.38,186.48,182.88,185.3,5.4901e+06
NFLX,1512657000,185.71,187.34,183.22,185.2,4.6595e+06
NFLX,1512743400,186.5,189.42,186.3,188.54,4.9873e+06
NFLX,1513002600,187.85,189.42,185.91,186.22,5.2986e+06
NFLX,1513089000,186.01,187.85,184.82,185.73,4.2659e+06
NFLX,1513175400,186.1,188.69,185.41,187.86,4.71e+06
NFLX,1513261800,187.98,192.64,187.2,189.56,7.7928e+06
NFLX,1513348200,189.61,191.43,188.01,190.12,7.2856e+06
NFLX,1513607400,191.2,191.65,188.9,190.42,5.011e+06
NFLX,1513693800,190.18,190.3,185.75,187.02,7.033e+06
NFLX,1513780200,187.94,189.11,185.26,188.82,6.5454e+06
NFLX,1513866600,189.44,190.95,187.58,188.62,4.7298e+06
NFLX,1513953000,188.33,190.95,186.8,189.94,3.8789e+06
NFLX,1514298600,189.78,189.94,186.4,187.76,3.0457e+06
NFLX,1514385000,187.8,188.1,185.22,186.24,4.0021e+06
NFLX,1514471400,187.18,194.49,186.85,192.71,1.01074e+07
NFLX,1514557800,192.51,193.95,191.22,191.96,5.1876e+06
NFLX,1514903400,196.1,201.65,195.42,201.07,1.09669e+07
NFLX,1514989800,202.05,206.21,201.5,205.05,8.5914e+06
NFLX,1515076200,206.2,207.05,204,205.63,6.0296e+06
NFLX,1515162600,207.25,210.02,205.59,209.99,7.0332e+06
NFLX,1515421800,210.02,212.5,208.44,212.05,5.5802e+06
NFLX,1515508200,212.11,212.98,208.59,209.31,6.1259e+06
NFLX,1515594600,207.57,213.64,206.91,212.52,5.9515e+06
NFLX,1515681000,214.29,217.75,213.35,217.24,7.6595e+06
NFLX,1515767400,217.18,222.55,216,221.23,8.1994e+06
NFLX,1516113000,224.24,226.07,217.2,221.53,1.35161e+07
NFLX,1516199400,221,221.15,216.32,217.5,9.1231e+06
NFLX,1516285800,220.34,220.58,216.55,220.33,8.2253e+06
NFLX,1516372200,222.75,223.49,218.5,220.46,1.05486e+07
NFLX,1516631400,222,227.79,221.2,227.58,1.77033e+07
NFLX,1516717800,255.05,257.71,248.02,250.29,2.77053e+07
NFLX,1516804200,250.88,261.71,249.31,261.3,1.73524e+07
NFLX,1516890600,263,272.3,260.23,269.7,1.53364e+07
NFLX,1516977000,271.49,274.6,268.76,274.6,1.10218e+07
NFLX,1517236200,274.2,286.81,273.92,284.59,1.75297e+07
NFLX,1517322600,277,282.73,272.7,278.8,1.24829e+07
NFLX,1517409000,281.94,282.29,269.58,270.3,1.16951e+07
NFLX,1517495400,266.41,271.95,263.38,265.07,9.669e+06
NFLX,1517581800,263,270.62,262.71,267.43,9.1236e+06
NFLX,1517841000,262,267.9,250.03,254.26,1.18961e+07
NFLX,1517927400,247.7,266.7,245,265.72,1.25958e+07
NFLX,1518013800,266.58,272.45,264.33,264.56,8.9815e+06
NFLX,1518100200,267.08,267.62,250,250.1,9.3067e+06
NFLX,1518186600,253.85,255.8,236.11,249.47,1.69069e+07
NFLX,1518445800,252.14,259.15,249,257.95,8.5349e+06
NFLX,1518532200,257.29,261.41,254.7,258.27,6.8552e+06
NFLX,1518618600,260.47,269.88,260.33,266,1.0972e+07
NFLX,1518705000,270.03,280.5,267.63,280.27,1.07597e+07
NFLX,1518791400,278.73,281.96,275.69,278.52,8.3124e+06
NFLX,1519137000,277.74,285.81,276.61,278.55,7.769e+06
NFLX,1519223400,282.07,286.64,280.01,281.04,9.3711e+06
NFLX,1519309800,283.88,284.5,274.45,278.14,8.8915e+06
NFLX,1519396200,281,286,277.81,285.93,7.3018e+06
NFLX,1519655400,288.75,295.65,287.01,294.16,1.02686e+07
NFLX,1519741800,294.77,297.36,290.59,290.61,9.4165e+06
NFLX,1519828200,293.1,295.75,290.78,291.38,7.6535e+06
NFLX,1519914600,292.75,295.25,283.83,290.39,1.19321e+07
NFLX,1520001000,284.65,301.18,283.23,301.05,1.33453e+07
NFLX,1520260200,302.85,316.91,297.6,315,1.89861e+07
NFLX,1520346600,319.88,325.79,316.5,325.22,1.85258e+07
NFLX,1520433000,320,323.74,314.55,321.16,1.71322e+07
NFLX,1520519400,322.2,322.92,314.13,317,1.13401e+07
NFLX,1520605800,321.33,331.44,320.23,331.44,1.45002e+07
NFLX,1520861400,333.56,333.98,318.6,321.3,2.03692e+07
NFLX,1520947800,323.87,325.84,313.28,315.88,1.29172e+07
NFLX,1521034200,318.16,323.88,317.7,321.55,1.04751e+07
NFLX,1521120600,323.17,323.4,318.14,321.09,5.6429e+06
NFLX,1521207000,321.42,324.11,318.37,318.45,7.3337e+06
NFLX,1521466200,315.8,317,307.34,313.48,9.9252e+06
NFLX,1521552600,313.26,319.5,312.8,317.5,5.9919e+06
NFLX,1521639000,316.35,319.4,314.51,316.48,5.2639e+06
NFLX,1521725400,313.07,314.12,305.66,306.7,8.0633e+06
NFLX,1521811800,307.41,309.37,300.36,300.94,9.5299e+06
NFLX,1522071000,309.36,321.03,302,320.35,1.19883e+07
NFLX,1522157400,322.49,322.9,297,300.69,1.20686e+07
NFLX,1522243800,298.39,298.8,281.61,285.77,1.89729e+07
NFLX,1522330200,287,295.35,275.9,295.35,1.91455e+07
NFLX,1522675800,291.94,292.87,275.05,280.29,1.34058e+07
NFLX,1522762200,285.45,291.25,278.01,283.67,1.26949e+07
NFLX,1522848600,273.63,290.31,271.22,288.94,1.2914e+07
NFLX,1522935000,293.15,299.16,289.11,293.97,1.06552e+07
NFLX,1523021400,289.1,298.85,285.65,288.85,1.14448e+07
NFLX,1523280600,291.77,299.55,289.12,289.93,9.8536e+06
NFLX,1523367000,297.68,298.95,291.69,298.07,1.06605e+07
NFLX,1523453400,302.88,311.64,301.82,303.67,1.48774e+07
NFLX,1523539800,309.72,311.13,306.75,309.25,1.02494e+07
NFLX,1523626200,317.29,317.49,308.23,311.65,1.20466e+07
NFLX,1523885400,315.99,316.1,304,307.78,2.03079e+07
NFLX,1523971800,329.66,338.62,323.77,336.06,3.38665e+07
NFLX,1524058200,336.3,338.82,331.1,334.52,1.12211e+07
NFLX,1524144600,332.88,335.31,326.77,332.7,8.4388e+06
NFLX,1524231000,332.22,336.51,326,327.77,9.1587e+06
NFLX,1524490200,329.15,331.22,317.08,318.69,8.968e+06
NFLX,1524576600,319.22,320.25,302.31,307.02,1.38932e+07
NFLX,1524663000,306.37,309.98,292.62,305.76,1.49197e+07
NFLX,1524749400,310,316.63,305.58,313.98,9.2667e+06
NFLX,1524835800,316.25,317.45,306.5,311.76,7.0744e+06
NFLX,1525095000,311.07,317.88,310.12,312.46,6.0888e+06
NFLX,1525181400,310.36,313.48,306.69,313.3,6.0366e+06
NFLX,1525267800,311.65,317.1,310.4,313.36,5.6971e+06
NFLX,1525354200,312.59,312.59,305.73,311.69,6.1358e+06
NFLX,1525440600,308.71,320.98,307.67,320.09,8.2095e+06
NFLX,1525699800,321.99,329.02,319.34,326.26,7.1178e+06
NFLX,1525786200,325.9,327.35,323.05,326.89,4.7357e+06
NFLX,1525872600,328.79,331.95,327.51,330.3,5.6334e+06
NFLX,1525959000,331.5,332.06,327.34,329.6,5.3023e+06
NFLX,1526045400,329.65,331.26,324.87,326.46,4.5897e+06
NFLX,1526304600,327.25,330.5,327.04,328.53,4.0898e+06
NFLX,1526391000,325.94,326.94,322.43,326.13,4.7461e+06
NFLX,1526477400,326.28,329.72,325.14,328.19,3.6717e+06
NFLX,1526563800,327.53,330.45,323.17,325.22,4.9357e+06
NFLX,1526650200,324.9,326.42,322.8,324.18,3.5777e+06
NFLX,1526909400,327.11,331.88,325.45,331.82,6.6573e+06
NFLX,1526995800,334.05,336.63,331.15,331.62,5.9644e+06
NFLX,1527082200,329.04,345,328.09,344.72,1.00491e+07
NFLX,1527168600,344.34,354,341.12,349.29,1.47586e+07
NFLX,1527255000,349.9,354.36,348.83,351.29,7.8174e+06
NFLX,1527600600,351.5,356.1,346.71,349.73,9.7179e+06
NFLX,1527687000,352.37,354,349.26,353.54,5.6855e+06
NFLX,1527773400,353.8,355.53,350.21,351.6,6.9217e+06
NFLX,1527859800,353.88,359.99,352.82,359.93,7.1123e+06
NFLX,1528119000,362.68,363,355.51,361.81,7.682e+06
NFLX,1528205400,363.32,369.83,361.41,365.8,8.358e+06
NFLX,1528291800,367.78,369.68,363.33,367.45,7.7123e+06
NFLX,1528378200,368.54,368.7,357.8,361.4,8.278e+06
NFLX,1528464600,358.06,362.39,356.25,360.57,5.2257e+06
NFLX,1528723800,361.88,365.67,360.91,361.45,4.4324e+06
NFLX,1528810200,363.6,365.98,362,363.83,4.291e+06
NFLX,1528896600,367.53,384.25,364.11,379.93,1.82228e+07
NFLX,1528983000,384.27,395.03,383.25,392.87,1.45983e+07
NFLX,1529069400,390.71,398.86,387.51,391.98,1.35881e+07
NFLX,1529328600,387.72,393.16,386.5,390.4,6.8248e+06
NFLX,1529415000,389.5,405.29,388.5,404.98,1.66971e+07
NFLX,1529501400,415.15,419.47,409.6,416.76,1.64946e+07
NFLX,1529587800,421.38,423.21,406.37,415.44,1.83899e+07
NFLX,1529674200,419.98,420.5,409.65,411.09,1.04286e+07
NFLX,1529933400,404.69,405.99,378.75,384.48,2.24909e+07
NFLX,1530019800,393.28,404.78,389.05,399.39,1.51912e+07
NFLX,1530106200,407.56,411.59,390,390.39,1.65414e+07
NFLX,1530192600,395,396.9,387.1,395.42,1.22199e+07
NFLX,1530279000,399.19,401.33,390.55,391.43,9.2525e+06
NFLX,1530538200,385.45,398.38,380,398.18,8.1425e+06
NFLX,1530624600,399.49,399.98,389.5,390.52,5.2803e+06
NFLX,1530797400,393.8,399.24,390.86,398.39,8.4489e+06
NFLX,1530883800,397.45,408.65,395.52,408.25,8.6296e+06
NFLX,1531143000,415.95,419.12,411.1,418.97,1.11275e+07
NFLX,1531229400,417.24,419.44,413.08,415.63,9.3829e+06
NFLX,1531315800,411.34,419.77,410.6,418.65,9.7139e+06
NFLX,1531402200,415.16,416.79,407.8,413.5,1.27433e+07
NFLX,1531488600,409.19,410,395.08,395.8,1.5719e+07
NFLX,1531747800,398.98,403.36,391.75,400.48,2.296e+07
NFLX,1531834200,346.95,385,344,379.48,5.84104e+07
NFLX,1531920600,381.24,383.13,372.36,375.13,2.17463e+07
NFLX,1532007000,371.06,375.75,363,364.23,1.68787e+07
NFLX,1532093400,364.92,370.5,360.14,361.05,1.50967e+07
NFLX,1532352600,359.15,363.9,353.6,362.66,1.15052e+07
NFLX,1532439000,366.94,367.4,354.56,357.32,1.28515e+07
NFLX,1532525400,357.57,363.28,355.65,362.87,8.4678e+06
NFLX,1532611800,358.19,365.54,356.63,363.09,6.9937e+06
NFLX,1532698200,366.85,367,351.65,355.21,8.9495e+06
NFLX,1532957400,351.93,352.03,334.02,334.96,1.82607e+07
NFLX,1533043800,331.51,342.5,328,337.45,1.40854e+07
NFLX,1533130200,335.87,344.41,334.02,338.38,7.7905e+06
NFLX,1533216600,337.23,345,334.71,344.5,7.1313e+06
NFLX,1533303000,347.75,347.86,338.48,343.09,8.8484e+06
NFLX,1533562200,342.87,351.98,341.74,350.92,8.1981e+06
NFLX,1533648600,353.23,357.31,349.01,351.83,7.9709e+06
NFLX,1533735000,352.21,352.29,346.61,347.61,5.3947e+06
NFLX,1533821400,347.96,352.44,345.82,349.36,4.8203e+06
NFLX,1533907800,346.91,349.1,344.42,345.87,4.3284e+06
NFLX,1534167000,339.89,347.19,339.07,341.31,6.8889e+06
NFLX,1534253400,342.09,342.41,336.25,337.49,5.8052e+06
NFLX,1534339800,334.03,335.5,321,326.4,1.17845e+07
NFLX,1534426200,329.9,331.17,321.21,322.44,6.6897e+06
NFLX,1534512600,319.01,324.37,312.96,316.78,1.04079e+07
NFLX,1534771800,314.64,331.6,310.93,327.73,1.35911e+07
NFLX,1534858200,331,341.5,329.7,338.02,1.47832e+07
NFLX,1534944600,338.49,346.21,337.41,344.44,8.9307e+06
NFLX,1535031000,348.11,350.08,337.65,339.17,1.13364e+07
NFLX,1535117400,346,359.15,344.54,358.82,1.47291e+07
NFLX,1535376600,367.15,374.49,360,364.58,1.74273e+07
NFLX,1535463000,367.23,369.99,360.38,368.49,9.2226e+06
NFLX,1535549400,367.2,369.86,362.91,368.04,8.1187e+06
NFLX,1535635800,365,376.81,363.54,370.98,1.0981e+07
NFLX,1535722200,370.66,376,367.08,367.68,7.9434e+06
NFLX,1536067800,366.47,368.88,361.26,363.6,7.6052e+06
NFLX,1536154200,360,363.39,335.83,341.18,1.30928e+07
NFLX,1536240600,347.44,356,341.99,346.46,1.30502e+07
NFLX,1536327000,342.2,355.75,341.25,348.68,9.1058e+06
NFLX,1536586200,352.27,352.5,343.08,348.41,5.7522e+06
NFLX,1536672600,344.67,356.15,343.9,355.93,6.1981e+06
NFLX,1536759000,359.08,370.43,356.24,369.95,1.04808e+07
NFLX,1536845400,371.91,374.09,366.84,368.15,8.3661e+06
NFLX,1536931800,368.55,371.09,363.46,364.56,4.7564e+06
NFLX,1537191000,364.22,367.33,349.57,350.35,7.0719e+06
NFLX,1537277400,353.67,368.15,351.56,367.65,1.0414e+07
NFLX,1537363800,373.95,377.61,359.17,366.96,1.18768e+07
NFLX,1537450200,370.26,370.26,363.17,365.36,6.7681e+06
NFLX,1537536600,366.59,372.22,360.74,361.19,1.19306e+07
NFLX,1537795800,359,373.64,354.33,369.61,9.3225e+06
NFLX,1537882200,370.23,371.34,364.49,369.43,6.7998e+06
NFLX,1537968600,373.59,382,370.88,377.88,1.37997e+07
NFLX,1538055000,379.87,383.2,376,380.71,7.3262e+06
NFLX,1538141400,379.24,380.8,373.73,374.13,7.1149e+06
NFLX,1538400600,375.85,386.11,375.59,381.43,8.3766e+06
NFLX,1538487000,384.38,386.8,373.83,377.14,8.6387e+06
NFLX,1538573400,378.53,380.93,374.88,377.05,5.7986e+06
NFLX,1538659800,375.88,375.92,360.4,363.65,9.0744e+06
NFLX,1538746200,359.77,363.5,343,351.35,1.3523e+07
NFLX,1539005400,345.18,352.95,338.11,349.1,1.23755e+07
NFLX,1539091800,348.48,358.72,347.09,355.71,8.755e+06
NFLX,1539178200,353.52,355.15,325.39,325.89,1.71831e+07
NFLX,1539264600,324.94,334.2,315.81,321.1,1.60821e+07
NFLX,1539351000,339.57,341.3,328.9,339.56,1.48708e+07
NFLX,1539610200,337.63,339.21,326.93,333.13,1.1215e+07
NFLX,1539696600,337.24,347.95,330.56,346.4,2.01564e+07
NFLX,1539783000,378.33,380,356.5,364.7,3.26109e+07
NFLX,1539869400,360.67,362.2,346.05,346.71,1.8461e+07
NFLX,1539955800,351,355.8,332.2,332.67,1.67172e+07
NFLX,1540215000,333.1,335.8,320.34,329.54,1.70972e+07
NFLX,1540301400,318,336.58,316.77,333.16,1.49073e+07
NFLX,1540387800,332.28,333,300.73,301.83,1.90393e+07
NFLX,1540474200,307.12,319.94,305.25,312.87,1.33469e+07
NFLX,1540560600,300.51,313.99,292.3,299.83,1.9616e+07
NFLX,1540819800,305.26,307.89,275.4,284.84,2.16988e+07
NFLX,1540906200,275.57,290.52,271.21,285.81,2.36857e+07
NFLX,1540992600,297.77,311.5,295.05,301.78,2.03603e+07
NFLX,1541079000,304.59,318.45,296.67,317.38,1.51215e+07
NFLX,1541165400,318,321.88,308.33,309.1,1.34046e+07
NFLX,1541428200,311.1,317.53,303.74,315.44,1.0283e+07
NFLX,1541514600,314.76,320.22,305.3,310.84,9.7104e+06
NFLX,1541601000,312.9,328.56,311,327.5,1.33283e+07
NFLX,1541687400,328,332.05,316.61,317.92,1.10239e+07
NFLX,1541773800,311.07,312.98,298.01,303.47,1.34808e+07
NFLX,1542033000,300,302.49,290.63,294.07,1.09248e+07
NFLX,1542119400,295,303.55,289.1,294.4,1.22322e+07
NFLX,1542205800,300.4,301.84,278.3,286.73,1.68536e+07
NFLX,1542292200,285.51,292.5,282.16,290.06,9.9671e+06
NFLX,1542378600,287.14,291.72,281,286.21,9.0995e+06
NFLX,1542637800,283.79,285.09,269.15,270.6,1.29938e+07
NFLX,1542724200,254.63,276.34,250,266.98,1.66938e+07
NFLX,1542810600,274.42,275.34,261.51,262.13,1.1023e+07
NFLX,1542983400,260.11,265.5,256.84,258.82,5.2451e+06
NFLX,1543242600,260.55,266.25,253.8,261.43,1.24986e+07
NFLX,1543329000,259.24,269.08,256.14,266.63,1.11495e+07
NFLX,1543415400,271.98,284,263.34,282.65,1.48013e+07
NFLX,1543501800,282.32,290.49,275.5,288.75,1.54315e+07
NFLX,1543588200,288,290.81,283.06,286.13,1.18601e+07
NFLX,1543847400,293.19,298.72,284.58,290.3,1.41174e+07
NFLX,1543933800,288.13,295.74,274.72,275.33,1.28006e+07
NFLX,1544106600,268.33,283.22,267.14,282.88,1.30743e+07
NFLX,1544193000,282.48,284.21,263.38,265.14,1.24667e+07
NFLX,1544452200,264.19,271.18,260.61,269.7,9.6056e+06
NFLX,1544538600,274.08,274.5,262.76,265.32,9.8432e+06
NFLX,1544625000,267.66,281.77,266.48,274.88,1.14567e+07
NFLX,1544711400,277.64,279.32,271.85,276.02,8.3793e+06
NFLX,1544797800,271.81,277.67,265,266.84,9.9153e+06
NFLX,1545057000,266.51,272.98,261.08,262.8,9.6347e+06
NFLX,1545143400,263.3,275.75,263.29,270.94,1.03501e+07
NFLX,1545229800,269.96,280.87,263.77,266.77,1.37884e+07
NFLX,1545316200,264.64,269.9,251.88,260.58,1.67929e+07
NFLX,1545402600,263.83,264.5,241.29,246.39,2.13976e+07
NFLX,1545661800,242,250.65,233.68,233.88,9.5476e+06
NFLX,1545834600,233.92,254.5,231.23,253.67,1.44027e+07
NFLX,1545921000,250.11,255.59,240.1,255.57,1.22352e+07
NFLX,1546007400,257.94,261.91,249.8,256.08,1.09928e+07
NFLX,1546266600,260.16,270.1,260,267.66,1.35089e+07
NFLX,1546439400,259.28,269.75,256.58,267.66,1.16795e+07
NFLX,1546525800,270.2,275.79,264.43,271.2,1.49696e+07
NFLX,1546612200,281.88,297.8,278.54,297.57,1.93301e+07
NFLX,1546871400,302.1,316.8,301.65,315.34,1.86201e+07
NFLX,1546957800,319.98,320.59,308.01,320.27,1.53592e+07
NFLX,1547044200,317.71,323.35,313.5,319.96,1.33432e+07
NFLX,1547130600,314.57,325.37,312.5,324.66,1.34725e+07
NFLX,1547217000,330.96,341.09,328.52,337.59,1.95004e+07
NFLX,1547476200,334.24,335.48,329.13,332.94,1.04996e+07
NFLX,1547562600,349.6,357.22,347,354.64,2.11812e+07
NFLX,1547649000,354,358.85,348.11,351.39,1.53855e+07
NFLX,1547735400,349.5,355.79,346.41,353.19,1.88712e+07
NFLX,1547821800,351.97,353,336.73,339.1,2.6621e+07
NFLX,1548167400,334.89,336.88,321.03,325.16,1.79414e+07
NFLX,1548253800,328.25,331.75,318.6,321.99,1.34801e+07
NFLX,1548340200,320.6,331.8,319,326.67,1.11316e+07
NFLX,1548426600,328.72,340,328.51,338.05,1.11529e+07
NFLX,1548685800,334.7,336.3,328.88,335.66,8.6521e+06
NFLX,1548772200,335.87,338.22,328.15,328.9,7.6552e+06
NFLX,1548858600,332.75,341.78,330.8,340.66,9.2345e+06
NFLX,1548945000,339.68,345.99,338.09,339.5,8.5355e+06
NFLX,1549031400,337.18,346.84,336.5,339.85,9.8278e+06
NFLX,1549290600,342.6,352,341.3,351.34,9.0514e+06
NFLX,1549377000,353.2,360,352.9,355.81,9.0466e+06
NFLX,1549463400,357,357.04,347.19,352.19,6.7177e+06
NFLX,1549549800,347.9,348.75,339.02,344.71,7.8645e+06
NFLX,1549636200,338,348,338,347.57,7.5614e+06
NFLX,1549895400,350,352.87,344.81,345.73,5.4549e+06
NFLX,1549981800,348.09,360,346.52,359.97,1.04294e+07
NFLX,1550068200,357.3,359.6,350.28,351.77,1.05591e+07
NFLX,1550154600,351.75,360.45,348.33,359.07,9.2953e+06
NFLX,1550241000,358.47,364.4,355.5,356.87,9.23e+06
NFLX,1550586600,355.8,365,355.32,361.92,7.3966e+06
NFLX,1550673000,364.85,366.71,356.7,359.91,8.1107e+06
NFLX,1550759400,360.03,362.85,353.88,356.97,6.2279e+06
NFLX,1550845800,360.34,366.13,360.05,363.02,7.0882e+06
NFLX,1551105000,367.01,371.49,363.79,363.91,7.5693e+06
NFLX,1551191400,362.98,365.7,359.33,364.97,4.9446e+06
NFLX,1551277800,363.5,368.03,359.8,362.87,5.6299e+06
NFLX,1551364200,362.47,366.39,357.71,358.1,6.1868e+06
NFLX,1551450600,362.26,362.87,354.69,357.32,5.5265e+06
NFLX,1551709800,359.72,362.25,348.04,351.04,7.487e+06
NFLX,1551796200,351.46,356.17,348.25,354.3,5.9378e+06
NFLX,1551882600,353.6,359.88,351.7,359.61,6.2119e+06
NFLX,1551969000,360.16,362.86,350.5,352.6,6.1513e+06
NFLX,1552055400,345.75,349.92,342.47,349.6,6.8988e+06
NFLX,1552311000,352,358.98,350.03,358.86,5.3873e+06
NFLX,1552397400,359.37,360.13,353.8,356.27,5.1646e+06
NFLX,1552483800,355.81,362.48,352.77,361.21,6.4441e+06
NFLX,1552570200,360.5,363.84,358.1,358.82,5.2714e+06
NFLX,1552656600,361.02,364,358.89,361.46,8.4445e+06
NFLX,1552915800,362.47,370.97,361.86,363.44,7.1947e+06
NFLX,1553002200,366.4,366.96,356.8,358.78,7.5414e+06
NFLX,1553088600,358.91,375.9,357.01,375.22,1.09172e+07
NFLX,1553175000,374,379,370.61,377.87,8.544e+06
NFLX,1553261400,375.95,376.43,360.04,361.01,8.6613e+06
NFLX,1553520600,359,367.04,357.44,366.23,8.4738e+06
NFLX,1553607000,367.87,368.38,358.02,359.97,7.6665e+06
NFLX,1553693400,361,362.47,350.37,353.37,7.8524e+06
NFLX,1553779800,354.49,355.94,349.2,354.61,4.361e+06
NFLX,1553866200,357.16,358.25,353.71,356.56,4.7056e+06
NFLX,1554125400,359,368.33,358.51,366.96,7.0361e+06
NFLX,1554211800,366.25,368.42,362.22,367.72,5.1587e+06
NFLX,1554298200,369.26,373.41,366.19,369.75,5.3689e+06
NFLX,1554384600,370.07,372.05,362.4,367.88,4.6273e+06
NFLX,1554471000,369,369.8,364.66,365.49,3.9055e+06
NFLX,1554730200,365.11,365.94,359.93,361.41,4.6538e+06
NFLX,1554816600,360.54,366.74,359,364.71,5.4392e+06
NFLX,1554903000,365.79,368.85,362.25,363.92,4.5456e+06
NFLX,1554989400,365,370.12,360.81,367.65,6.5269e+06
NFLX,1555075800,360.69,361.75,349.36,351.14,1.56462e+07
NFLX,1555335000,350.71,352.21,342.27,348.87,8.8423e+06
NFLX,1555421400,355,364.48,352.72,359.46,1.87402e+07
NFLX,1555507800,365.05,368.76,350.6,354.74,1.80541e+07
NFLX,1555594200,355,360.41,351.64,360.35,8.3532e+06
NFLX,1555939800,359.7,377.69,359,377.34,1.19805e+07
NFLX,1556026200,375.45,384.8,374.71,381.89,1.00898e+07
NFLX,1556112600,381.07,381.9,373.27,374.23,6.5419e+06
NFLX,1556199000,374.49,374.76,365.7,368.33,6.2555e+06
NFLX,1556285400,368.35,375.14,366.24,374.85,5.6219e+06
NFLX,1556544600,373.68,374.58,369.12,371.83,3.8217e+06
NFLX,1556631000,369.56,374.5,368.35,370.54,3.8701e+06
NFLX,1556717400,374,385.99,373.17,378.81,9.2573e+06
NFLX,1556803800,378,383.5,374.51,379.06,5.3982e+06
NFLX,1556890200,381.53,385.03,378.27,385.03,5.1303e+06
NFLX,1557149400,377.69,381.35,376,378.67,5.7931e+06
NFLX,1557235800,377,379.91,365.81,370.46,6.9749e+06
NFLX,1557322200,367.92,369,361.36,364.37,6.572e+06
NFLX,1557408600,360.9,364.2,352.75,362.75,5.8826e+06
NFLX,1557495000,361.62,365.26,353.06,361.04,5.6571e+06
NFLX,1557754200,352.29,354.26,343.1,345.26,8.0267e+06
NFLX,1557840600,348.71,349.95,342.5,345.61,5.353e+06
NFLX,1557927000,343.34,356.5,341.39,354.99,6.3401e+06
NFLX,1558013400,356.37,364,353.94,359.31,6.4415e+06
NFLX,1558099800,356.39,359.62,353.79,354.45,4.7254e+06
NFLX,1558359000,351.23,352.42,345.4,348.11,4.6215e+06
NFLX,1558445400,350.95,356.43,349.93,354.27,4.0264e+06
NFLX,1558531800,358.01,370.46,357.3,359.73,6.2294e+06
NFLX,1558618200,355.5,357.42,347.7,352.21,5.6304e+06
NFLX,1558704600,355.41,359.44,353.79,354.39,3.831e+06
NFLX,1559050200,354.39,361.2,353.65,355.06,4.7171e+06
NFLX,1559136600,353.6,353.85,345.9,349.19,5.6589e+06
NFLX,1559223000,350.55,354.21,348.3,351.85,4.008e+06
NFLX,1559309400,347.22,349.34,342.92,343.28,5.0234e+06
NFLX,1559568600,343.56,347.66,332.65,336.63,7.8496e+06
NFLX,1559655000,345,353.61,343.25,353.4,7.8916e+06
NFLX,1559741400,354.38,357.88,348.71,355.73,5.0201e+06
NFLX,1559827800,354.84,358.21,352.09,357.13,3.71e+06
NFLX,1559914200,357.39,365.15,355.69,360.87,4.7773e+06
NFLX,1560173400,363.65,367.1,349.29,352.01,7.8103e+06
NFLX,1560259800,355,357.58,348.5,351.27,5.3967e+06
NFLX,1560346200,351.82,353.61,343.23,345.56,4.5847e+06
NFLX,1560432600,347.23,348.5,339.25,343.43,6.2093e+06
NFLX,1560519000,341.63,343.4,336.16,339.73,5.019e+06
NFLX,1560778200,342.69,351.77,342.06,350.62,5.3582e+06
NFLX,1560864600,355.57,361.5,353.75,357.12,5.4285e+06
NFLX,1560951000,361.72,364.74,356.12,363.52,5.6672e+06
NFLX,1561037400,365.91,370.12,361.22,365.21,5.8995e+06
NFLX,1561123800,365,371.45,365,369.21,7.4484e+06
NFLX,1561383000,370.27,375,370.2,371.04,4.8302e+06
NFLX,1561469400,370.75,371,358.29,360.3,5.7504e+06
NFLX,1561555800,361.6,366.79,361.6,362.2,3.6697e+06
NFLX,1561642200,363.2,370.85,363.2,370.02,4.1386e+06
NFLX,1561728600,370.26,371.54,364.87,367.32,4.5927e+06
NFLX,1561987800,373.5,376.66,372,374.6,4.9926e+06
NFLX,1562074200,374.89,376,370.31,375.43,3.625e+06
NFLX,1562160600,376.69,381.99,375.84,381.72,3.799e+06
NFLX,1562333400,378.29,381.4,375.56,380.55,3.7322e+06
NFLX,1562592600,378.19,378.25,375.36,376.16,3.1134e+06
NFLX,1562679000,379.06,384.76,377.5,379.93,6.9328e+06
NFLX,1562765400,382.77,384.34,362.68,381,5.8788e+06
NFLX,1562851800,381.1,384.54,378.8,379.5,4.3363e+06
NFLX,1562938200,378.68,379.74,372.79,373.25,6.6369e+06
NFLX,1563197400,372.94,373.68,362.3,366.6,7.9447e+06
NFLX,1563283800,370.09,371.34,364.92,365.99,5.8632e+06
NFLX,1563370200,366.25,366.5,361.75,362.44,1.36395e+07
NFLX,1563456600,323.76,329.85,320.3,325.21,3.13059e+07
NFLX,1563543000,323.4,325.85,314.23,315.1,1.63025e+07
NFLX,1563802200,312,314.54,305.81,310.62,1.7718e+07
NFLX,1563888600,311.44,313.5,306,307.3,9.1711e+06
NFLX,1563975000,310.51,319.99,307.25,317.94,1.19618e+07
NFLX,1564061400,318.86,327.69,316.3,326.46,1.07985e+07
NFLX,1564147800,328.79,336,327.5,335.78,1.08475e+07
NFLX,1564407000,335.98,336.4,328.77,332.7,5.7828e+06
NFLX,1564493400,329.2,329.65,323.23,325.93,6.0293e+06
NFLX,1564579800,325.16,331.77,318.53,322.99,6.2595e+06
NFLX,1564666200,324.25,328.58,318.74,319.5,6.5632e+06
NFLX,1564752600,317.49,319.41,311.8,318.83,6.2803e+06
NFLX,1565011800,310.96,313.42,304.68,307.63,8.6925e+06
NFLX,1565098200,310.58,311.88,305.3,310.1,6.1791e+06
NFLX,1565184600,302.56,305,296.81,304.29,9.3224e+06
NFLX,1565271000,311.03,316.36,306.63,315.9,5.9059e+06
NFLX,1565357400,313.74,316.64,305.68,308.93,5.3491e+06
NFLX,1565616600,305.46,312.89,303.24,310.83,6.5317e+06
NFLX,1565703000,309.77,316.43,308.16,312.28,5.2894e+06
NFLX,1565789400,308.01,308.41,298.01,299.11,7.3558e+06
NFLX,1565875800,299.5,300.63,288,295.76,9.6292e+06
NFLX,1565962200,298.86,303.55,296.27,302.8,6.9058e+06
NFLX,1566221400,306.25,311.75,304.75,309.38,4.9422e+06
NFLX,1566307800,304.57,305,297.68,298.99,7.3499e+06
NFLX,1566394200,301.61,302.88,296.2,297.81,5.6854e+06
NFLX,1566480600,298.65,300.33,293.15,296.93,4.9742e+06
NFLX,1566567000,295,299.01,290.32,291.44,6.3249e+06
NFLX,1566826200,295.24,296.95,292.5,294.98,4.6957e+06
NFLX,1566912600,294.54,296.77,287.2,291.03,6.3094e+06
NFLX,1566999000,289.47,292.82,287.75,291.77,3.9557e+06
NFLX,1567085400,295,299.93,294.99,296.78,4.3885e+06
NFLX,1567171800,298.78,298.94,290.85,293.75,4.4464e+06
NFLX,1567517400,290.82,293.9,288.06,289.29,3.6828e+06
NFLX,1567603800,291.25,292.38,286.51,291.52,4.6525e+06
NFLX,1567690200,285.32,293.97,282.79,293.25,8.9668e+06
NFLX,1567776600,293.35,293.35,287.03,290.17,5.1666e+06
NFLX,1568035800,294.81,301.55,290.6,294.34,8.2327e+06
NFLX,1568122200,291.16,297.17,282.66,287.99,1.23202e+07
NFLX,1568208600,285.7,292.65,284.61,288.27,7.4059e+06
NFLX,1568295000,288.1,292.73,286.6,288.86,5.0109e+06
NFLX,1568381400,290.61,296.62,290.04,294.15,6.5831e+06
NFLX,1568640600,294.23,297.43,289.78,294.29,5.3074e+06
NFLX,1568727000,294.5,299.15,291.79,298.6,4.7771e+06
NFLX,1568813400,294.99,296.05,287.45,291.56,7.8111e+06
NFLX,1568899800,291.56,293.81,283.4,286.6,8.4613e+06
NFLX,1568986200,280.26,282.5,266,270.75,2.38328e+07
NFLX,1569245400,268.35,273.39,261.89,265.92,1.34786e+07
NFLX,1569331800,262.5,265,252.28,254.59,1.63382e+07
NFLX,1569418200,255.71,266.6,253.7,264.75,1.16438e+07
NFLX,1569504600,266.42,268.05,260.2,263.31,7.684e+06
NFLX,1569591000,266.18,267.44,260.39,263.08,7.3283e+06
NFLX,1569850200,264,268.88,262.78,267.62,6.7272e+06
NFLX,1569936600,267.35,272.2,264.03,269.58,8.6503e+06
NFLX,1570023000,263.61,269.35,262.19,268.03,7.6591e+06
NFLX,1570109400,267.78,268.84,257.01,268.15,8.951e+06
NFLX,1570195800,268.2,275.48,266.47,272.79,9.8904e+06
NFLX,1570455000,271.99,276.68,271.28,274.46,6.5256e+06
NFLX,1570541400,273.03,275.53,270.64,270.72,6.2764e+06
NFLX,1570627800,270.02,271,264.57,267.53,6.7944e+06
NFLX,1570714200,265.97,280.53,265.03,280.48,1.08091e+07
NFLX,1570800600,284.8,287.87,282.34,282.93,8.7861e+06
NFLX,1571059800,283.93,286.93,282,285.53,5.5132e+06
NFLX,1571146200,283.82,285.87,279.4,284.25,7.6856e+06
NFLX,1571232600,283.12,288.17,280.74,286.28,1.61759e+07
NFLX,1571319000,304.49,308.75,288.3,293.35,3.82589e+07
NFLX,1571405400,289.36,290.9,273.36,275.3,2.34299e+07
NFLX,1571664600,272.89,279.94,269,278.05,1.25992e+07
NFLX,1571751000,271.16,275.41,265.8,266.69,1.18024e+07
NFLX,1571837400,268.06,273.92,266.63,271.27,7.1335e+06
NFLX,1571923800,271.81,274.02,268.8,271.5,4.8274e+06
NFLX,1572010200,270.68,277.77,270.18,276.82,4.7469e+06
NFLX,1572269400,278.05,285.75,277.35,281.86,6.2484e+06
NFLX,1572355800,281.87,284.41,277.55,281.21,4.3562e+06
NFLX,1572442200,284.34,293.49,283,291.45,9.3456e+06
NFLX,1572528600,291,291.45,284.78,287.41,5.09e+06
NFLX,1572615000,288.7,289.12,283.02,286.81,5.5943e+06
NFLX,1572877800,288,295.39,287.16,292.86,5.5662e+06
NFLX,1572964200,289.99,291.19,286.31,288.03,4.0624e+06
NFLX,1573050600,288.19,290.56,285.84,288.59,3.4383e+06
NFLX,1573137000,290.7,298.19,288.27,289.57,5.9285e+06
NFLX,1573223400,288.73,293.99,287.51,291.57,4.509e+06
NFLX,1573482600,289.16,296.36,288.5,294.18,3.9443e+06
NFLX,1573569000,295.32,295.35,288.7,292.01,5.7728e+06
NFLX,1573655400,291.03,293.41,281.14,283.11,9.1589e+06
NFLX,1573741800,283.25,290.63,283.22,289.62,6.529e+06
NFLX,1573828200,290.59,295.82,287.57,295.03,6.3338e+06
NFLX,1574087400,296,304.99,293.28,302.57,8.6166e+06
NFLX,1574173800,304.01,305.67,298.52,302.6,5.918e+06
NFLX,1574260200,301.01,308.25,301,305.16,5.1118e+06
NFLX,1574346600,306,312.69,304.26,311.69,7.4884e+06
NFLX,1574433000,309.1,311.4,304.41,310.48,5.9701e+06
NFLX,1574692200,308.83,315.73,305.25,315.55,7.8739e+06
NFLX,1574778600,315,316.5,311.69,312.49,5.321e+06
NFLX,1574865000,313.93,316.82,312.75,315.93,4.0969e+06
NFLX,1575037800,315.78,316.62,313.34,314.66,2.4117e+06
NFLX,1575297000,314.39,314.39,303.75,309.99,6.2188e+06
NFLX,1575383400,302.22,307.36,301.88,306.16,4.9928e+06
NFLX,1575469800,308.43,308.43,303.27,304.32,3.5121e+06
NFLX,1575556200,305.27,306.48,298.81,302.86,4.6155e+06
NFLX,1575642600,304.7,307.85,302.6,307.35,4.4578e+06
NFLX,1575901800,307.35,311.49,302.44,302.5,5.7484e+06
NFLX,1575988200,296.12,298.94,292.02,293.12,1.04761e+07
NFLX,1576074600,294.49,299.43,294.2,298.93,5.5898e+06
NFLX,1576161000,295.67,299.17,295.06,298.44,4.7666e+06
NFLX,1576247400,298.5,301.8,297.25,298.5,3.8797e+06
NFLX,1576506600,300.85,305.71,298.63,304.21,4.6589e+06
NFLX,1576593000,307.36,316.8,306.6,315.48,1.04271e+07
NFLX,1576679400,316.26,325.36,315.6,320.8,1.12074e+07
NFLX,1576765800,324.5,332.83,324.18,332.22,9.8223e+06
NFLX,1576852200,335,338,330.6,336.9,9.9149e+06
NFLX,1577111400,337.76,337.95,331.02,333.1,5.7653e+06
NFLX,1577197800,334.01,335.7,331.6,333.2,2.0193e+06
NFLX,1577370600,334.6,336.46,332.01,332.63,3.5899e+06
NFLX,1577457000,332.96,333.82,326.01,329.09,5.0361e+06
NFLX,1577716200,329.08,329.19,322.86,323.31,4.3115e+06
NFLX,1577802600,322,324.92,321.09,323.57,3.7133e+06
NFLX,1577975400,326.1,329.98,324.78,329.81,4.4858e+06
NFLX,1578061800,326.78,329.86,325.53,325.9,3.8069e+06
NFLX,1578321000,323.12,336.36,321.2,335.83,5.6631e+06
NFLX,1578407400,336.47,336.7,330.3,330.75,4.7032e+06
NFLX,1578493800,331.49,342.7,331.05,339.26,7.1045e+06
NFLX,1578580200,342,343.42,334.61,335.66,4.7093e+06
NFLX,1578666600,337.13,338.5,327.27,329.05,4.7183e+06
NFLX,1578925800,331.8,340.85,331.51,338.92,6.29e+06
NFLX,1579012200,344.4,345.38,335.52,338.69,7.1994e+06
NFLX,1579098600,338.68,343.17,336.6,339.07,5.158e+06
NFLX,1579185000,343.5,343.56,335.85,338.62,5.016e+06
NFLX,1579271400,341,341.57,337.38,339.67,6.0665e+06
NFLX,1579617000,340,341,332.59,338.11,1.43503e+07
NFLX,1579703400,332.55,336.3,323.6,326,2.173e+07
NFLX,1579789800,326.04,349.88,325.01,349.6,1.82003e+07
NFLX,1579876200,348.46,359.85,345.88,353.16,1.79397e+07
