PKX,1033479000,22,22.37,21.73,22.35,207700
PKX,1033565400,22,22.42,22,22.02,267600
PKX,1033651800,22.23,22.99,22.16,22.68,132200
PKX,1033738200,23.15,23.15,22.63,22.71,313000
PKX,1033997400,22,22.34,21.85,21.9,240100
PKX,1034083800,22.1,22.63,22.1,22.5,185500
PKX,1034170200,21.97,22.04,21.68,21.68,301600
PKX,1034256600,21,21.36,20.75,21.2,133300
PKX,1034343000,21,21.5,21,21.35,206600
PKX,1034602200,21,21.37,20.96,21.26,209300
PKX,1034688600,21.5,22.63,21.5,22.59,652600
PKX,1034775000,21.7,21.74,21.06,21.4,268700
PKX,1034861400,21.4,22.08,21.4,21.9,414800
PKX,1034947800,22.22,23.01,22.22,22.74,310300
PKX,1035207000,22.38,22.69,22.17,22.62,481500
PKX,1035293400,22.2,22.74,22.2,22.52,214000
PKX,1035379800,23.52,23.52,22.99,23.4,404600
PKX,1035466200,23.8,23.8,23.13,23.61,218500
PKX,1035552600,23.36,23.51,23.36,23.5,284700
PKX,1035815400,23.74,23.74,23.05,23.05,223200
PKX,1035901800,23.05,23.4,22.6,23.4,167600
PKX,1035988200,23.15,23.34,23.05,23.28,119600
PKX,1036074600,23.65,23.69,23.13,23.13,78200
PKX,1036161000,23.13,23.7,22.81,23.7,200900
PKX,1036420200,24,24.24,23.98,24.02,445300
PKX,1036506600,24,24,23.41,23.5,346600
PKX,1036593000,23.7,24.39,23.7,24.38,486600
PKX,1036679400,24.1,24.11,23.79,23.95,95200
PKX,1036765800,24.03,24.5,24.03,24.25,365500
PKX,1037025000,24.32,24.55,24.05,24.08,182900
PKX,1037111400,24.3,24.34,23.89,23.95,539400
PKX,1037197800,23.2,23.49,23,23.26,643400
PKX,1037284200,23.22,23.48,22.81,23.48,629900
PKX,1037370600,23.44,23.95,23.44,23.87,279500
PKX,1037629800,24.35,24.58,24,24,190000
PKX,1037716200,24.03,24.28,24.03,24.05,81100
PKX,1037802600,23.85,24.03,23.62,24.02,336600
PKX,1037889000,23.75,24.3,23.75,24.27,225100
PKX,1037975400,23.9,23.94,23.72,23.75,218900
PKX,1038234600,23.95,24.13,23.8,23.91,150800
PKX,1038321000,23.51,23.66,23.39,23.65,265700
PKX,1038407400,23.6,24.22,23.6,24.2,122200
PKX,1038580200,25.55,25.97,25.55,25.83,210900
PKX,1038839400,26.4,26.7,26.05,26.7,279300
PKX,1038925800,25.86,25.89,25.74,25.84,411700
PKX,1039012200,25.05,25.6,25.05,25.56,258300
PKX,1039098600,25.83,25.83,25.4,25.41,441400
PKX,1039185000,25.52,25.87,25.5,25.83,122200
PKX,1039444200,25.6,25.68,25.26,25.26,232800
PKX,1039530600,25,25.44,24.95,25.19,286300
PKX,1039617000,24.9,25.4,24.9,25.4,331000
PKX,1039703400,26.05,26.05,25.8,25.98,368600
PKX,1039789800,25.93,26.05,25.85,25.93,150300
PKX,1040049000,26.05,26.45,25.72,26.45,390500
PKX,1040135400,26.8,27.04,26.52,26.65,559500
PKX,1040221800,26.53,26.93,26.49,26.8,242300
PKX,1040308200,26.55,26.99,26.49,26.95,203300
PKX,1040394600,27,27.4,26.97,27.4,139500
PKX,1040653800,26.97,26.97,26.54,26.54,128500
PKX,1040740200,26.25,26.39,26.14,26.34,59200
PKX,1040913000,25.78,25.92,25.59,25.6,88700
PKX,1040999400,25.38,25.45,25.1,25.25,65100
PKX,1041258600,24.7,24.95,24.6,24.67,252100
PKX,1041345000,24.67,24.8,24.65,24.73,137600
PKX,1041517800,24.95,25.13,24.8,25,255400
PKX,1041604200,25.25,25.7,25.25,25.68,189300
PKX,1041863400,25.78,26.35,25.78,26.25,243100
PKX,1041949800,26.3,26.3,25.82,26,193700
PKX,1042036200,26.14,26.14,25.7,26.03,145900
PKX,1042122600,26,26.65,26,26.51,233400
PKX,1042209000,26.75,27.5,26.52,27.13,196400
PKX,1042468200,28.2,28.25,28.02,28.18,317900
PKX,1042554600,28.18,28.79,28.14,28.66,394700
PKX,1042641000,28.12,28.24,27.93,28.14,350900
PKX,1042727400,27.3,27.89,27.3,27.75,338500
PKX,1042813800,27.1,27.17,26.86,26.86,196800
PKX,1043159400,26.8,26.85,26.52,26.58,231900
PKX,1043245800,26.58,26.83,26.31,26.35,175000
PKX,1043332200,27,28.04,27,27.83,348000
PKX,1043418600,26.58,27,26.53,26.67,392100
PKX,1043677800,25.8,26.35,25.8,26.12,273000
PKX,1043764200,26.3,26.65,26.25,26.35,275900
PKX,1043850600,25.7,25.79,25.38,25.67,266300
PKX,1043937000,25.7,25.7,25.2,25.24,202500
PKX,1044023400,25.24,25.59,25.21,25.5,140800
PKX,1044282600,26,26.14,25.9,26,213900
PKX,1044369000,25.85,25.86,25.35,25.4,178300
PKX,1044455400,26.18,26.51,26.05,26.25,537400
PKX,1044541800,26.2,26.29,25.58,26.09,356200
PKX,1044628200,26.3,26.3,25.88,26.15,163900
PKX,1044887400,26.6,26.6,25.8,26.26,213000
PKX,1044973800,25.9,26.05,25.46,25.66,247500
PKX,1045060200,25.88,26.18,25.88,26.15,274900
PKX,1045146600,25.5,25.63,25.25,25.55,256400
PKX,1045233000,24.58,24.59,24.21,24.27,516800
PKX,1045578600,24.15,24.34,24.15,24.26,557000
PKX,1045665000,24.2,24.2,23.54,23.75,249800
PKX,1045751400,23.02,23.38,22.96,23.09,190400
PKX,1045837800,23.7,23.7,23.3,23.51,207700
PKX,1046097000,24.18,24.18,23.65,23.67,169200
PKX,1046183400,23.9,23.9,23.16,23.47,232400
PKX,1046269800,23.6,23.6,23,23.05,163600
PKX,1046356200,22.85,23.03,22.71,22.9,342400
PKX,1046442600,23,23.15,22.97,23.1,178100
PKX,1046701800,23.4,23.4,23.07,23.08,168000
PKX,1046788200,22,22.02,21.2,21.31,893300
PKX,1046874600,20.77,21,20.77,20.99,433600
PKX,1046961000,20.55,20.7,20.23,20.28,409700
PKX,1047047400,20.33,20.53,20.13,20.4,254600
PKX,1047306600,19.96,19.98,19.22,19.3,837300
PKX,1047393000,19.05,19.05,18.85,18.88,476900
PKX,1047479400,18.4,18.8,18.37,18.46,524300
PKX,1047565800,19.4,19.85,19.15,19.81,617200
PKX,1047652200,19.75,19.97,19.45,19.9,414300
PKX,1047911400,19.14,19.79,19.05,19.68,497100
PKX,1047997800,19.65,19.98,19.41,19.74,500400
PKX,1048084200,19.37,20.01,19.37,19.86,586000
PKX,1048170600,19.98,20.2,19.75,19.96,344800
PKX,1048257000,20.65,20.96,20.28,20.96,365300
PKX,1048516200,20.42,20.42,19.95,20,227400
PKX,1048602600,19.65,19.99,19.38,19.88,272600
PKX,1048689000,20.05,20.1,19.93,20,226800
PKX,1048775400,19.8,20.19,19.8,20.15,499800
PKX,1048861800,20.1,20.15,19.96,20.1,262800
PKX,1049121000,19.85,19.89,19.69,19.7,392700
PKX,1049207400,19.87,19.9,19.71,19.85,253100
PKX,1049293800,19.95,20.3,19.91,20.18,408300
PKX,1049380200,20.23,20.39,20.05,20.12,313400
PKX,1049466600,19.98,19.98,19.7,19.71,413200
PKX,1049722200,20.5,20.94,20.5,20.79,299000
PKX,1049808600,21.05,21.43,21.03,21.21,253600
PKX,1049895000,20.94,20.94,20.34,20.41,310300
PKX,1049981400,21.15,21.17,20.83,20.85,433700
PKX,1050067800,21.15,21.33,20.96,21.15,400800
PKX,1050327000,21.68,22.49,21.68,22.47,605900
PKX,1050413400,22.8,22.94,22.72,22.84,270200
PKX,1050499800,22.79,22.94,22.72,22.82,145100
PKX,1050586200,23,23.26,23,23.23,169700
PKX,1050931800,22.85,22.95,22.83,22.86,60100
PKX,1051018200,22.45,22.45,22.2,22.37,246500
PKX,1051104600,22,22.08,21.69,21.9,352300
PKX,1051191000,20.75,20.89,20.15,20.25,489100
PKX,1051277400,19.7,19.73,18.8,19.26,806000
PKX,1051536600,19.73,20.9,19.73,20.75,703900
PKX,1051623000,21.2,21.45,21.06,21.28,352600
PKX,1051709400,20.8,20.86,20.55,20.55,281600
PKX,1051795800,20.7,20.9,20.5,20.77,182900
PKX,1051882200,20.44,21.08,20.44,20.75,329300
PKX,1052141400,20.98,21.32,20.95,20.99,157200
PKX,1052227800,21.15,21.4,20.87,21.34,506600
PKX,1052314200,22,22.01,21.74,21.8,419800
PKX,1052400600,21.8,21.88,21.7,21.81,208200
PKX,1052487000,21.97,22.14,21.87,21.97,363500
PKX,1052746200,22.5,22.89,22.46,22.85,385100
PKX,1052832600,22.4,22.55,22.4,22.44,394400
PKX,1052919000,22.6,22.65,22.39,22.41,286300
PKX,1053005400,22.7,22.83,22.59,22.73,260600
PKX,1053091800,22.33,22.67,22.31,22.41,269800
PKX,1053351000,22.45,22.51,21.9,21.9,173400
PKX,1053437400,22.35,22.47,22.18,22.45,271800
PKX,1053523800,22.07,22.18,22.02,22.02,177200
PKX,1053610200,22.15,22.34,22.13,22.25,413400
PKX,1053696600,22.52,22.52,22.26,22.44,259900
PKX,1054042200,22.05,22.54,22.03,22.5,428400
PKX,1054128600,22.53,22.6,22.41,22.6,472300
PKX,1054215000,22.88,23.27,22.86,23.06,319900
PKX,1054301400,22.57,22.99,22.55,22.96,393100
PKX,1054560600,22.8,23.59,22.8,23.4,497000
PKX,1054647000,22.83,22.97,22.76,22.9,361700
PKX,1054733400,23.4,24.32,23.4,24.1,673800
PKX,1054819800,24.21,24.79,24.15,24.71,397700
PKX,1054906200,24.92,25.28,24.88,24.95,598700
PKX,1055165400,25.39,25.39,25.05,25.06,137000
PKX,1055251800,25.06,25.07,24.88,24.95,243200
PKX,1055338200,25,25.4,24.95,25.27,267000
PKX,1055424600,25.5,25.65,25.35,25.63,206700
PKX,1055511000,26.2,26.3,26,26.2,428000
PKX,1055770200,26.05,26.17,25.92,26.12,301200
PKX,1055856600,26.12,26.77,26.11,26.55,583900
PKX,1055943000,26.35,26.44,26.22,26.41,362400
PKX,1056029400,26.55,26.75,26.28,26.35,239700
PKX,1056115800,26.46,26.46,26.07,26.21,203900
PKX,1056375000,25.83,25.94,25.5,25.5,346000
PKX,1056461400,25.15,25.35,25.14,25.2,227000
PKX,1056547800,25.25,25.59,25.15,25.17,159100
PKX,1056634200,25.85,26.2,25.79,26.1,271700
PKX,1056720600,26.15,26.27,25.98,25.98,98600
PKX,1056979800,26,26.33,25.98,26.19,214000
PKX,1057066200,26.19,26.21,25.9,26.08,242200
PKX,1057152600,26.25,26.45,26.23,26.3,99800
PKX,1057239000,26.3,26.86,26.29,26.55,93100
PKX,1057584600,27.16,27.46,27.16,27.45,296200
PKX,1057671000,28.5,28.69,28.38,28.47,832700
PKX,1057757400,28.35,28.35,27.85,28.1,152100
PKX,1057843800,27.8,27.8,27.17,27.2,299200
PKX,1057930200,27.21,27.72,27.21,27.32,412300
PKX,1058189400,27.65,28.26,27.65,27.92,231800
PKX,1058275800,27.6,27.61,27.3,27.39,248900
PKX,1058362200,27.45,27.53,27.19,27.2,319400
PKX,1058448600,27,27.1,26.8,27.1,202400
PKX,1058535000,27.1,27.46,27.1,27.46,95200
PKX,1058794200,27.6,27.6,27.29,27.35,138700
PKX,1058880600,28.15,28.3,28.02,28.2,319000
PKX,1058967000,28.69,28.8,28.5,28.5,302800
PKX,1059053400,28.85,29.45,28.7,28.81,227700
PKX,1059139800,29.26,30.16,29.26,30.15,427400
PKX,1059399000,29.9,30.39,29.9,30.19,193500
PKX,1059485400,30.32,30.39,30.03,30.3,210300
PKX,1059571800,30.1,30.1,29.73,29.73,175200
PKX,1059658200,29.9,30.51,29.85,30.5,171900
PKX,1059744600,30.35,30.35,30.1,30.15,127400
PKX,1060003800,30,30.2,29.5,29.81,173600
PKX,1060090200,29.81,29.85,29.09,29.15,469300
PKX,1060176600,29.2,29.5,29.08,29.5,236400
PKX,1060263000,29.2,29.49,28.9,29.06,198900
PKX,1060349400,29.26,29.74,29.15,29.57,303900
PKX,1060608600,29.79,30.52,29.79,30.34,208600
PKX,1060695000,29.55,29.98,29.55,29.94,113500
PKX,1060781400,29.8,29.99,29.74,29.85,105000
PKX,1060867800,30,30.7,30,30.7,234500
PKX,1060954200,30.69,30.96,30.65,30.86,251700
PKX,1061213400,30.4,30.78,30.25,30.6,428000
PKX,1061299800,31,31.2,30.7,30.81,389100
PKX,1061386200,30.4,30.7,30.4,30.65,241900
PKX,1061472600,30.5,30.95,30.5,30.85,117000
PKX,1061559000,31.63,31.77,31.07,31.2,156200
PKX,1061818200,31.9,31.95,31.55,31.66,134200
PKX,1061904600,31.19,31.2,30.55,30.95,200800
PKX,1061991000,31.18,31.18,30.52,30.82,230100
PKX,1062077400,30.82,30.82,30.08,30.25,232800
PKX,1062163800,29.7,30,29.6,30,540900
PKX,1062509400,30.25,30.84,30.15,30.71,560800
PKX,1062595800,31.02,31.7,31.02,31.47,181100
PKX,1062682200,32.07,32.32,31.95,32.2,140300
PKX,1062768600,32.24,32.44,31.79,31.9,103200
PKX,1063027800,32.7,32.7,32.31,32.49,221800
PKX,1063114200,32,32.19,31.6,31.6,182300
PKX,1063200600,31.8,31.8,30.83,31,276700
PKX,1063287000,31.55,31.65,31.05,31.45,250600
PKX,1063373400,31.57,31.57,31.11,31.2,229200
PKX,1063632600,30.65,31.21,30.38,30.56,422300
PKX,1063719000,30.4,31.04,30.37,31.01,333500
PKX,1063805400,31,31,30.2,30.25,289500
PKX,1063891800,30.3,30.95,30.25,30.69,346400
PKX,1063978200,29.95,30.19,29.8,30.05,406300
PKX,1064237400,28.7,29.09,28.31,28.49,518700
PKX,1064323800,28.34,28.74,28.26,28.65,342800
PKX,1064410200,28.5,28.57,28.25,28.29,350100
PKX,1064496600,28.5,28.99,28.49,28.49,289300
PKX,1064583000,28.59,28.59,28.01,28.35,132200
PKX,1064842200,28.25,28.63,28.14,28.55,141700
PKX,1064928600,28.6,28.62,28.2,28.6,275800
PKX,1065015000,29.1,29.52,28.85,29.16,774800
PKX,1065101400,29.7,30.39,29.53,30.09,533100
PKX,1065187800,30.2,30.88,30.2,30.69,343500
PKX,1065447000,30.69,30.73,30.3,30.65,164600
PKX,1065533400,30.4,30.5,30.2,30.38,233000
PKX,1065619800,30.52,30.53,30.23,30.27,162000
PKX,1065706200,30,30.29,29.91,30.21,443500
PKX,1065792600,30.3,30.7,30.3,30.55,261900
PKX,1066051800,30.75,31.09,30.71,31.02,271800
PKX,1066138200,30.95,30.99,30.6,30.7,387600
PKX,1066224600,30.68,30.9,30.42,30.77,601600
PKX,1066311000,30.8,31.3,30.74,31.22,839400
PKX,1066397400,30.97,31.12,30.66,30.75,810200
PKX,1066656600,31,31.24,30.82,31.1,336700
PKX,1066743000,30.9,31.07,30.8,30.89,396700
PKX,1066829400,30.89,30.89,30.21,30.28,450600
PKX,1066915800,29.8,29.92,29.45,29.71,273900
PKX,1067002200,29.5,29.5,29.2,29.35,374600
PKX,1067265000,29.7,29.84,29.49,29.74,177200
PKX,1067351400,29.8,29.95,29.7,29.89,301700
PKX,1067437800,29.53,29.53,29.03,29.04,459300
PKX,1067524200,29.2,29.56,29.19,29.25,459800
PKX,1067610600,29.25,29.36,28.98,28.98,387800
PKX,1067869800,29,29.49,29,29.45,261900
PKX,1067956200,29.7,29.8,29.18,29.2,641300
PKX,1068042600,29.5,29.95,29.5,29.76,372700
PKX,1068129000,29.93,30.08,29.69,30.01,232100
PKX,1068215400,30.75,30.8,30.05,30.24,558000
PKX,1068474600,30.5,30.5,29.7,29.72,329000
PKX,1068561000,30.1,30.2,29.86,30.01,210700
PKX,1068647400,30.57,30.87,30.57,30.86,386800
PKX,1068733800,31.53,31.59,31.08,31.16,384100
PKX,1068820200,31.35,31.35,30.91,31.01,277700
PKX,1069079400,30.4,30.5,29.82,30.48,329000
PKX,1069165800,30.38,30.48,30.12,30.43,241100
PKX,1069252200,30.43,30.43,29.55,29.86,433100
PKX,1069338600,29.86,29.99,29.61,29.98,356500
PKX,1069425000,29.88,29.88,29.09,29.21,318000
PKX,1069684200,28.96,29.53,28.84,29.35,721900
PKX,1069770600,29.55,29.82,29.25,29.69,716500
PKX,1069857000,29.69,30.64,29.61,30.35,801000
PKX,1070029800,30.1,30.16,29.85,29.85,278800
PKX,1070289000,30.5,30.95,30.5,30.89,717500
PKX,1070375400,31.6,31.6,31.18,31.22,840400
PKX,1070461800,31.32,31.75,31.23,31.54,275100
PKX,1070548200,31.6,31.6,31.07,31.08,392900
PKX,1070634600,30.88,30.88,30.37,30.52,332700
PKX,1070893800,30.3,31,30.29,30.79,543400
PKX,1070980200,30.79,31.45,30.79,31.19,1.2176e+06
PKX,1071066600,31.4,31.44,30.8,31,844200
PKX,1071153000,30.7,31.06,30.46,31.01,476900
PKX,1071239400,31.46,31.6,31.29,31.5,832000
PKX,1071498600,32.2,32.69,32.2,32.45,400900
PKX,1071585000,32.44,32.45,32.1,32.34,406300
PKX,1071671400,31.75,31.97,31.48,31.74,554600
PKX,1071757800,32.41,33.15,31.9,32.75,1.2171e+06
PKX,1071844200,33.15,33.8,33.1,33.25,1.1487e+06
PKX,1072103400,33.29,33.39,33.22,33.25,730600
PKX,1072189800,33.17,33.17,32.77,33.08,609800
PKX,1072276200,32.85,33.1,32.64,32.64,136700
PKX,1072449000,32.2,32.35,32.09,32.12,338600
PKX,1072708200,32.67,33.2,32.51,33.09,487900
PKX,1072794600,33.75,34.07,33.5,33.5,357000
PKX,1072881000,33.8,33.99,33.73,33.97,381600
PKX,1073053800,34.5,34.91,34.41,34.88,516300
PKX,1073313000,34.9,35.97,34.82,35.95,1.1544e+06
PKX,1073399400,36.03,36.56,36,36.32,975000
PKX,1073485800,35.65,35.9,35.46,35.82,583900
PKX,1073572200,35.83,35.89,35.52,35.58,462200
PKX,1073658600,35.4,35.48,34.95,35,742200
PKX,1073917800,35.5,36.35,35.5,36.35,654200
PKX,1074004200,35.45,35.62,34.33,34.37,1.0786e+06
PKX,1074090600,35.04,35.4,34.7,34.85,727800
PKX,1074177000,34.86,34.86,34.09,34.17,464700
PKX,1074263400,34.05,34.09,33.26,33.81,402300
PKX,1074609000,36.5,37.15,35.75,36.98,1.2292e+06
PKX,1074695400,36.9,37.19,36.2,37,541600
PKX,1074781800,37.01,37.2,36.8,36.8,498400
PKX,1074868200,36.8,36.81,36,36.3,468500
PKX,1075127400,36.1,36.1,35.26,35.47,470500
PKX,1075213800,35.72,36.07,35.45,35.6,417900
PKX,1075300200,35.6,36.02,35.3,35.45,920600
PKX,1075386600,35.16,35.16,34.25,34.35,729200
PKX,1075473000,33.53,34.32,33.32,34.18,1.0111e+06
PKX,1075732200,34.7,35.27,34.51,34.7,672500
PKX,1075818600,34.4,34.4,34.05,34.05,370300
PKX,1075905000,34.05,34.18,33.75,33.78,355300
PKX,1075991400,33.78,34.52,33.78,34.35,254700
PKX,1076077800,35.25,35.61,34.94,35.39,449400
PKX,1076337000,35.39,35.78,35.39,35.55,395300
PKX,1076423400,35.6,35.62,35,35.01,300200
PKX,1076509800,35.2,36.46,35.2,36.2,662800
PKX,1076596200,36.09,36.67,36.09,36.3,632400
PKX,1076682600,36.55,36.97,36.27,36.9,327500
PKX,1077028200,36.5,37.35,36.49,37.02,653100
PKX,1077114600,36,36.35,35.51,35.54,632500
PKX,1077201000,35.52,36.1,35.52,35.75,393300
PKX,1077287400,35.07,35.34,34.57,34.7,503600
PKX,1077546600,35.4,35.41,34.93,34.95,562400
PKX,1077633000,34.85,34.9,34.52,34.6,347900
PKX,1077719400,34.57,34.77,34.4,34.55,325400
PKX,1077805800,34.85,35.2,34.6,35.1,499200
PKX,1077892200,36.27,37.4,36.27,37.29,648100
PKX,1078151400,37.45,38.68,37.3,38.43,1.1212e+06
PKX,1078237800,38.13,38.74,37.95,37.95,455500
PKX,1078324200,37.7,37.7,37.25,37.61,526000
PKX,1078410600,37.36,38.13,37.36,37.78,625500
PKX,1078497000,37.25,37.75,37.25,37.54,436800
PKX,1078756200,37.29,37.33,36.4,36.4,359600
PKX,1078842600,36.8,37.12,36.41,36.59,324600
PKX,1078929000,35.78,35.78,34.41,34.6,733400
PKX,1079015400,33.99,34.7,33.96,34.12,1.1365e+06
PKX,1079101800,33.87,34.69,33.85,34.5,533600
PKX,1079361000,34.07,34.1,33.41,33.55,433800
PKX,1079447400,34.55,34.55,33.91,34,607000
PKX,1079533800,34.75,35.33,34.73,35.21,418700
PKX,1079620200,34.86,34.86,34.3,34.54,201000
PKX,1079706600,35.2,35.77,34.84,35,653400
PKX,1079965800,33.99,34.29,33.58,33.79,658000
PKX,1080052200,34.35,34.8,34.26,34.5,452400
PKX,1080138600,34.44,34.64,34.02,34.07,634300
PKX,1080225000,34.36,34.57,34.36,34.45,741100
PKX,1080311400,34.41,34.78,34.12,34.71,387500
PKX,1080570600,35.6,35.78,35.15,35.6,475800
PKX,1080657000,35.7,36.24,35.7,36.03,336100
PKX,1080743400,35.84,35.84,34.93,35.39,603400
PKX,1080829800,35.49,36.24,35.4,35.9,782700
PKX,1080916200,36.75,37,36.57,36.72,694400
PKX,1081171800,36.5,36.79,36.29,36.6,259600
PKX,1081258200,36.3,36.92,36.05,36.7,926900
PKX,1081344600,36.81,37.26,36.7,37.12,511500
PKX,1081431000,38.75,39.5,38.75,39.01,1.5431e+06
PKX,1081776600,38.5,38.77,37.95,38.44,473100
PKX,1081863000,37.75,37.84,37.3,37.3,937300
PKX,1081949400,37.2,37.83,37.01,37.07,621900
PKX,1082035800,37.5,37.54,36.6,36.71,694300
PKX,1082122200,36.3,36.95,36.3,36.73,486600
PKX,1082381400,36.49,36.8,36.2,36.44,333900
PKX,1082467800,36.69,37.13,36.22,36.22,913000
PKX,1082554200,36.15,36.44,35.59,36,575100
PKX,1082640600,34.95,35.95,34.94,35.39,1.6414e+06
PKX,1082727000,35.14,35.14,34.5,34.6,640400
PKX,1082986200,34.07,34.34,33.97,34,595800
PKX,1083072600,33.88,34.12,33.5,33.61,642300
PKX,1083159000,33.5,33.57,32.43,32.65,2.1856e+06
PKX,1083245400,31.75,31.81,31.01,31.7,1.6501e+06
PKX,1083331800,31,31.04,30.23,30.75,1.2857e+06
PKX,1083591000,29.5,30.38,29.3,30.2,1.5607e+06
PKX,1083677400,31,31.99,31,31.81,1.4373e+06
PKX,1083763800,31.8,31.86,31.2,31.5,748500
PKX,1083850200,30.2,30.27,29.45,29.45,1.4229e+06
PKX,1083936600,29.3,29.69,28.52,28.94,1.1102e+06
PKX,1084195800,27.75,28.72,27.26,27.97,1.6027e+06
PKX,1084282200,28.2,29.51,28.19,29.27,1.789e+06
PKX,1084368600,29.5,29.63,28.69,29.63,1.1367e+06
PKX,1084455000,28.8,29.66,28.7,29.35,684700
PKX,1084541400,28.02,28.6,27.75,28.1,2.3026e+06
PKX,1084800600,27.45,28.77,27.4,28.15,1.2388e+06
PKX,1084887000,28.5,29.6,28.5,29.52,1.9071e+06
PKX,1084973400,30.52,31.05,30,30,1.6923e+06
PKX,1085059800,29.85,29.88,29.07,29.07,559700
PKX,1085146200,29.8,30.48,29.61,30.42,1.0743e+06
PKX,1085405400,30.14,30.48,30.1,30.38,1.0143e+06
PKX,1085491800,30,31.26,29.79,30.97,1.5044e+06
PKX,1085578200,31.07,31.07,30.55,30.56,468000
PKX,1085664600,31.25,32.53,31.25,32.52,1.3975e+06
PKX,1085751000,31.88,32.35,31.31,31.8,1.0926e+06
PKX,1086096600,30.5,31.58,30.47,31.25,717100
PKX,1086183000,30.75,31.33,30.38,30.8,1.0153e+06
PKX,1086269400,29.75,30.3,29.75,30.2,1.8199e+06
PKX,1086355800,30.5,30.67,30.43,30.57,456700
PKX,1086615000,31.36,32.47,31.31,32.47,459800
PKX,1086701400,31.45,32.01,31.4,31.8,460100
PKX,1086787800,31.55,31.55,30.96,31.3,980300
PKX,1086874200,30.68,30.89,30.56,30.7,622100
PKX,1087219800,29.69,29.97,29.52,29.73,1.9054e+06
PKX,1087306200,30.25,30.74,30.22,30.28,696600
PKX,1087392600,31.04,31.12,30.7,30.87,769000
PKX,1087479000,31.11,31.29,30.97,30.97,498900
PKX,1087565400,30.85,31.15,30.47,30.7,1e+06
PKX,1087824600,31.1,31.1,30.33,30.5,1.0472e+06
PKX,1087911000,30.65,30.79,30,30.79,1.268e+06
PKX,1087997400,30.77,31.52,30.6,31.52,1.1913e+06
PKX,1088083800,32,32.75,31.91,32.7,1.3489e+06
PKX,1088170200,33.68,33.86,33.2,33.68,820800
PKX,1088429400,33.55,33.93,32.9,33.09,723200
PKX,1088515800,33.05,33.8,32.95,33.8,462400
PKX,1088602200,33.55,33.75,33.16,33.51,416300
PKX,1088688600,33.51,33.65,33,33.03,509900
PKX,1088775000,32.58,32.98,32.47,32.77,289100
PKX,1089120600,33.15,33.6,32.85,33.28,641300
PKX,1089207000,33.38,34.19,33.36,34.19,691700
PKX,1089293400,34.28,34.28,33.55,33.71,469800
PKX,1089379800,34.1,34.1,33.21,33.9,318200
PKX,1089639000,34.46,34.69,33.8,34.65,585100
PKX,1089725400,34.8,35.35,34.51,34.75,1.7896e+06
PKX,1089811800,34.64,35.59,34.3,35.19,1.7435e+06
PKX,1089898200,35.19,35.64,34.9,35.4,1.4836e+06
PKX,1089984600,35.73,36.3,35.73,36.1,1.0756e+06
PKX,1090243800,36.65,36.71,35.95,36.34,979900
PKX,1090330200,35.86,36,35.65,35.97,613700
PKX,1090416600,36.15,36.15,35.24,35.6,1.2732e+06
PKX,1090503000,35.07,35.7,34.79,35.45,1.0708e+06
PKX,1090589400,35.49,35.57,35.2,35.54,497500
PKX,1090848600,35,35.23,34.65,34.7,719100
PKX,1090935000,34.5,35.07,34.2,34.85,751000
PKX,1091021400,34.85,35.79,34.85,35.7,809700
PKX,1091107800,35.45,36.02,35.3,35.7,628300
PKX,1091194200,35.8,36.69,35.8,36.28,510000
PKX,1091453400,35.75,35.82,35.06,35.7,613300
PKX,1091539800,35.3,35.89,35.3,35.75,1.8165e+06
PKX,1091626200,35.7,36.07,35.7,35.89,526200
PKX,1091712600,36,36.25,35.37,35.68,711200
PKX,1091799000,35.29,35.29,34.7,35,1.1492e+06
PKX,1092058200,35.1,35.52,35.1,35.45,547400
PKX,1092144600,35.66,36.1,35.5,36.04,665200
PKX,1092231000,36.21,36.29,35.65,35.98,578200
PKX,1092317400,36.26,36.5,36.04,36.16,398100
PKX,1092403800,36.16,36.22,35.53,36.05,544200
PKX,1092663000,35.69,36.04,35.42,35.95,515500
PKX,1092749400,36.25,36.26,35.8,36,984200
PKX,1092835800,36,36.48,35.94,36.34,499600
PKX,1092922200,36.5,36.96,36.4,36.67,721000
PKX,1093008600,36.4,36.75,35.9,36.75,1.0235e+06
PKX,1093267800,36.28,36.28,34.86,35.43,1.1734e+06
PKX,1093354200,35.43,35.43,34.68,35.08,700700
PKX,1093440600,34.8,35.15,34.7,35.05,731100
PKX,1093527000,34.79,34.83,34.55,34.6,427700
PKX,1093613400,34.8,35.27,34.75,35.08,335200
PKX,1093872600,35.45,35.63,35.38,35.5,301200
PKX,1093959000,35.8,36.18,35.77,36.18,498600
PKX,1094045400,36.5,36.77,36.4,36.77,517500
PKX,1094131800,36.35,37.61,36.35,37.39,941400
PKX,1094218200,37.29,37.79,37.29,37.7,498300
PKX,1094563800,38.24,38.25,37.46,37.86,664300
PKX,1094650200,38.45,38.46,38.11,38.42,379100
PKX,1094736600,39,39.6,38.71,39.5,773500
PKX,1094823000,40.4,40.48,39.92,40.14,989000
PKX,1095082200,40.5,40.5,39.75,39.89,931800
PKX,1095168600,39.45,39.45,39,39.1,699500
PKX,1095255000,39.69,40.05,39.57,39.62,729300
PKX,1095341400,40,40.11,39.6,40,707800
PKX,1095427800,39.75,39.84,39.43,39.74,500800
PKX,1095687000,39.6,39.6,38.88,39.2,664600
PKX,1095773400,38.7,39.28,38.7,38.9,577400
PKX,1095859800,38.35,38.57,37.92,37.97,794800
PKX,1095946200,37.85,37.87,37.35,37.63,691000
PKX,1096032600,37.58,37.97,37.44,37.67,349000
PKX,1096291800,37.6,37.61,37.29,37.45,314500
PKX,1096378200,37.3,38.25,37.3,38.16,869700
PKX,1096464600,38.2,38.2,37.78,37.93,290500
PKX,1096551000,37.55,38.13,37.5,37.85,891500
PKX,1096637400,38.63,38.98,38.36,38.93,842500
PKX,1096896600,39,39.87,39,39.77,685300
PKX,1096983000,39.9,39.91,39.49,39.52,565600
PKX,1097069400,40.25,40.79,40.2,40.7,575300
PKX,1097155800,41.05,41.2,40.45,40.47,732300
PKX,1097242200,39.98,40.4,39.75,39.89,467300
PKX,1097501400,40.25,40.31,39.76,39.85,697400
PKX,1097587800,39.86,39.86,39.19,39.4,648500
PKX,1097674200,38.65,38.65,37.11,37.53,1.7035e+06
PKX,1097760600,37.31,38,37.31,37.37,633200
PKX,1097847000,37.55,37.87,37.3,37.87,647900
PKX,1098106200,37.87,38.03,37.4,37.61,730200
PKX,1098192600,37.36,37.56,36.55,36.66,1.9333e+06
PKX,1098279000,36.41,36.97,36.35,36.65,1.4057e+06
PKX,1098365400,36.25,37,35.99,36.81,829600
PKX,1098451800,36.82,36.99,36.43,36.49,692100
PKX,1098711000,36.51,36.98,36.51,36.69,1.0068e+06
PKX,1098797400,36.45,37.15,36.45,37.01,986300
PKX,1098883800,37.16,37.6,36.8,37.6,870700
PKX,1098970200,36.9,37.43,36.53,36.79,1.2831e+06
PKX,1099056600,37.3,37.41,37.21,37.39,445900
PKX,1099319400,37.3,37.6,37.1,37.5,436600
PKX,1099405800,37.75,38.5,37.6,38.02,549600
PKX,1099492200,38.12,39.09,38.12,38.55,651700
PKX,1099578600,38.25,38.91,38.05,38.82,817100
PKX,1099665000,39.28,39.29,38.94,39.15,421200
PKX,1099924200,39,39.13,38.79,39,449400
PKX,1100010600,38.74,39.28,38.68,39.06,417200
PKX,1100097000,39.37,39.68,39.25,39.61,566100
PKX,1100183400,39.05,39.65,39.05,39.56,416300
PKX,1100269800,39.89,41.27,39.89,41,1.2975e+06
PKX,1100529000,41.55,41.84,41.5,41.75,556900
PKX,1100615400,41.76,41.76,41.16,41.33,487700
PKX,1100701800,41.8,43.3,41.8,42.76,949600
PKX,1100788200,42.76,42.95,41.5,41.76,937000
PKX,1100874600,41.47,42.12,41.33,41.85,919300
PKX,1101133800,41.5,42.05,41.39,41.85,384600
PKX,1101220200,42.5,42.65,42.15,42.3,433200
PKX,1101306600,42.68,43.7,42.68,43.31,566200
PKX,1101479400,46.15,46.15,45.39,45.64,650800
PKX,1101738600,47.48,47.48,46.11,46.16,1.1137e+06
PKX,1101825000,47,47.26,46.62,47.24,912800
PKX,1101911400,46.91,47.04,46.8,46.87,487200
PKX,1101997800,48.3,48.49,46.42,46.7,1.9554e+06
PKX,1102084200,47.77,47.77,47.25,47.5,1.2688e+06
PKX,1102343400,47.45,47.45,46.51,46.75,576700
PKX,1102429800,44.9,44.91,43.6,44.05,2.356e+06
PKX,1102516200,43.26,43.7,42.46,42.9,1.1501e+06
PKX,1102602600,43.25,43.34,42.53,42.95,1.1586e+06
PKX,1102689000,42.5,42.77,42.06,42.4,560100
PKX,1102948200,42.4,43.55,42.4,43.35,756200
PKX,1103034600,44,44,43.29,43.5,436800
PKX,1103121000,44.05,44.81,43.9,44.73,565900
PKX,1103207400,43.5,44.15,43.19,43.65,751600
PKX,1103293800,43.7,43.74,43.21,43.7,423400
PKX,1103553000,44.31,44.5,44.04,44.19,396100
PKX,1103639400,44.3,44.68,44.26,44.5,903100
PKX,1103725800,44.85,44.92,44.45,44.45,463100
PKX,1103812200,45.25,45.66,45.13,45.5,529800
PKX,1104157800,45.89,46.45,45.6,45.86,413000
PKX,1104244200,45.6,45.84,45.35,45.41,421600
PKX,1104330600,44.99,44.99,44.41,44.72,289100
PKX,1104417000,44.6,44.62,43.55,43.76,528600
PKX,1104503400,43.7,44.56,43.7,44.53,215000
PKX,1104762600,44.54,44.64,43.34,43.37,471400
PKX,1104849000,43.39,43.88,42.58,42.78,1.0716e+06
PKX,1104935400,42.51,42.6,41.73,41.94,836600
PKX,1105021800,42.2,42.3,41.46,41.65,843100
PKX,1105108200,41.75,41.97,41.16,41.22,903100
PKX,1105367400,42.11,42.27,41.83,42.05,1.1669e+06
PKX,1105453800,43,43.04,42.07,42.36,1.7294e+06
PKX,1105540200,42.89,43.08,42.26,43.04,698500
PKX,1105626600,43.5,44.52,43.4,44.15,801300
PKX,1105713000,44.25,45,43.92,44.81,834100
PKX,1106058600,45.6,45.6,44.98,45.17,1.0683e+06
PKX,1106145000,45.1,45.1,44.35,44.4,621900
PKX,1106231400,44.64,44.64,44.15,44.32,382400
PKX,1106317800,44.5,44.96,44.5,44.67,428400
PKX,1106577000,44.8,44.85,44.28,44.3,533300
PKX,1106663400,44.3,45,44.3,44.56,991400
PKX,1106749800,44.51,44.65,44,44.5,731400
PKX,1106836200,44.2,44.34,43.98,44.19,662900
PKX,1106922600,44.27,44.42,44.1,44.27,353800
PKX,1107181800,45.14,45.14,44.6,45,1.3708e+06
PKX,1107268200,44.95,45,44.7,44.99,565000
PKX,1107354600,44.74,44.88,44.43,44.75,873400
PKX,1107441000,45.57,46.51,44.86,46,1.0953e+06
PKX,1107527400,46.03,46.39,45.35,46.31,1.0631e+06
PKX,1107786600,46.43,46.76,46.32,46.58,521800
PKX,1107873000,46.8,46.99,46.39,46.7,403700
PKX,1107959400,46.71,46.9,45.91,45.95,573200
PKX,1108045800,46.01,46.01,45.51,45.51,510400
PKX,1108132200,45.95,46.54,45.61,46.46,621600
PKX,1108391400,46.83,47.42,46.83,47.3,652500
PKX,1108477800,47.25,47.46,46.95,47.2,540800
PKX,1108564200,47.5,48.4,47.5,48.11,989300
PKX,1108650600,48.26,48.78,47.81,48.61,623900
PKX,1108737000,48.86,49.78,48.86,49.5,428600
PKX,1109082600,49.75,50.36,49.11,49.3,1.2684e+06
PKX,1109169000,50.2,50.33,49.79,50.15,680500
PKX,1109255400,51.45,52.57,51.15,52.37,1.1296e+06
PKX,1109341800,53.5,55.08,53.36,54.82,1.4773e+06
PKX,1109601000,55,55.06,54,54.25,859300
PKX,1109687400,54.5,54.57,52.8,53.28,1.4233e+06
PKX,1109773800,52.4,53.2,51.7,52.9,956500
PKX,1109860200,53.15,53.92,53.04,53.51,727900
PKX,1109946600,54.35,55.14,54.35,54.85,964700
PKX,1110205800,55.5,55.65,54.7,54.83,1.2678e+06
PKX,1110292200,54.95,54.95,53.69,53.87,1.6493e+06
PKX,1110378600,53.01,53.45,52.48,52.57,1.1317e+06
PKX,1110465000,52.2,52.29,51.35,51.62,1.3013e+06
PKX,1110551400,53,53.62,52.54,52.85,1.245e+06
PKX,1110810600,53,53,51.62,52.3,1.3068e+06
PKX,1110897000,52,52.5,51.64,51.8,578200
PKX,1110983400,51.8,51.92,50.61,51,848000
PKX,1111069800,51.46,52.25,51.15,52.22,641200
PKX,1111156200,52.22,52.27,51.75,51.88,382300
PKX,1111415400,52.53,52.87,51.75,52.04,515200
PKX,1111501800,52.38,52.8,51.6,51.65,741600
PKX,1111588200,51.04,51.45,49.73,49.91,1.0468e+06
PKX,1111674600,50.18,50.59,49.63,49.72,787200
PKX,1112020200,50.12,50.32,49.27,49.51,696200
PKX,1112106600,48.99,49.19,47.06,47.53,1.6312e+06
PKX,1112193000,47.35,48.82,47.35,48.79,818400
PKX,1112279400,49.25,49.95,49.11,49.36,798700
PKX,1112365800,49.99,50.17,49.52,49.7,639500
PKX,1112621400,49.45,49.46,48.3,48.41,1.3898e+06
PKX,1112707800,49.25,49.3,48.58,48.9,948200
PKX,1112794200,48.75,49.56,48.65,48.95,649500
PKX,1112880600,49.3,49.6,49.05,49.51,408000
PKX,1112967000,49.69,49.75,48.29,48.4,1.1753e+06
PKX,1113226200,48.78,48.78,47.92,48.01,733800
PKX,1113312600,48.7,49.49,47.51,49,1.5619e+06
PKX,1113399000,49.4,49.4,47.4,47.61,1.4153e+06
PKX,1113485400,46.8,46.81,45.9,46.26,1.2953e+06
PKX,1113571800,46.02,46.32,45.25,45.58,1.6865e+06
PKX,1113831000,44.67,46.09,44.4,45.81,1.1006e+06
PKX,1113917400,46.07,46.85,46.02,46.58,868000
PKX,1114003800,46.7,46.75,45.83,45.9,492300
PKX,1114090200,46.2,47.36,46.2,47.24,491000
PKX,1114176600,47.03,47.04,46.11,46.36,419900
PKX,1114435800,46.46,47.11,46.4,46.98,445500
PKX,1114522200,47.45,47.86,46.52,46.88,1.0363e+06
PKX,1114608600,46.2,46.2,45.01,45.73,1.204e+06
PKX,1114695000,45.5,45.65,44.29,44.48,1.4754e+06
PKX,1114781400,45,45.63,44.52,45.53,439700
PKX,1115040600,45.81,46.23,45.57,46.11,613200
PKX,1115127000,45.58,46.04,45.26,45.35,436400
PKX,1115213400,46.01,47.48,46.01,47.4,542700
PKX,1115299800,47.4,48.09,47.28,47.49,892800
PKX,1115386200,47.55,47.96,47.41,47.64,438600
PKX,1115645400,46.5,47.35,46.39,47.03,869400
PKX,1115731800,46.9,46.91,45.75,45.92,512500
PKX,1115818200,45.64,45.93,45.3,45.93,477000
PKX,1115904600,45.6,45.61,44.13,44.48,1.2702e+06
PKX,1115991000,44.32,44.79,43.11,43.96,1.8448e+06
PKX,1116250200,43.55,44.17,43.13,44.15,725100
PKX,1116336600,43.8,44.07,43.39,44.04,835600
PKX,1116423000,43.8,45.95,43.8,45.61,1.4895e+06
PKX,1116509400,45.95,45.95,45.11,45.45,435000
PKX,1116595800,45.45,45.89,45.23,45.65,407500
PKX,1116855000,45.18,45.6,45.03,45.35,711600
PKX,1116941400,45.05,45.33,44.96,45.21,529000
PKX,1117027800,44.7,44.7,43.65,43.76,1.1963e+06
PKX,1117114200,44.15,44.77,44.12,44.61,662000
PKX,1117200600,45.15,45.2,44.61,44.8,666500
PKX,1117546200,44.87,45.25,44.65,44.92,964900
PKX,1117632600,44.9,46.47,44.7,46.47,805400
PKX,1117719000,45.85,45.86,45.26,45.44,698100
PKX,1117805400,45.83,45.95,45.22,45.27,464400
PKX,1118064600,45.55,45.8,44.9,45.15,405000
PKX,1118151000,45.05,45.43,44.65,44.95,552100
PKX,1118237400,44.85,45.18,44.26,44.4,491700
PKX,1118323800,44.7,44.7,43.95,44.16,999200
PKX,1118410200,44.2,44.68,44.18,44.68,445200
PKX,1118669400,44.55,44.81,44.31,44.75,424000
PKX,1118755800,44.85,45.24,44.74,45.16,498700
PKX,1118842200,45.2,45.96,45.01,45.78,675700
PKX,1118928600,45.96,46.6,45.76,46.55,882900
PKX,1119015000,46.8,46.9,46.3,46.45,635000
PKX,1119274200,46.1,46.11,45.51,45.59,427800
PKX,1119360600,45.1,45.22,44.8,44.88,555000
PKX,1119447000,45.05,45.4,44.75,44.9,521300
PKX,1119533400,44.9,44.9,43.9,43.95,1.4722e+06
PKX,1119619800,43.93,44.15,43.7,43.75,653900
PKX,1119879000,43.9,44.49,43.8,44.45,559600
PKX,1119965400,44.6,45.5,44.55,45.17,789700
PKX,1120051800,44.3,44.59,44,44.09,635500
PKX,1120138200,44.5,44.5,43.95,43.97,484600
PKX,1120224600,44,44.38,44,44.21,407600
PKX,1120570200,44,44.15,43.8,44.12,465800
PKX,1120656600,44.4,45.13,44.3,44.85,530700
PKX,1120743000,44.6,44.75,44.23,44.61,407500
PKX,1120829400,44.72,45.75,44.45,45.46,1.2332e+06
PKX,1121088600,45.75,46.77,45.75,46.74,776600
PKX,1121175000,47.25,48.49,46.91,48.03,1.0197e+06
PKX,1121261400,48.25,48.4,48.03,48.07,883100
PKX,1121347800,48.65,49.42,48.25,48.41,1.0006e+06
PKX,1121434200,48.41,48.41,47.75,48.19,444200
PKX,1121693400,47.94,48.15,47.51,47.83,472900
PKX,1121779800,47.88,48.59,47.63,48.25,856400
PKX,1121866200,48,48.9,47.97,48.89,1.0279e+06
PKX,1121952600,49.1,49.88,48.74,49.85,842800
PKX,1122039000,49.85,50.14,49.76,49.91,512000
PKX,1122298200,50,50.19,49.1,49.39,642300
PKX,1122384600,49.25,49.77,48.8,49.5,494500
PKX,1122471000,49.3,49.3,48.55,49.2,460100
PKX,1122557400,49.25,49.94,49.23,49.8,524400
PKX,1122643800,50.04,50.29,49.69,49.9,419200
PKX,1122903000,50,50.41,50,50.41,252400
PKX,1122989400,50.88,51.84,50.83,51.6,510100
PKX,1123075800,51.95,52.8,51.95,52.6,777900
PKX,1123162200,53.4,53.73,52.62,52.81,1.0183e+06
PKX,1123248600,52.6,52.6,50.23,51.21,725500
PKX,1123507800,52.2,52.5,51.9,52,700900
PKX,1123594200,53.08,53.19,52.4,52.74,719100
PKX,1123680600,53.05,53.99,52.51,53.29,706200
PKX,1123767000,53.8,53.9,53.25,53.74,794800
PKX,1123853400,54,54.15,53.5,53.73,550200
PKX,1124112600,53.74,54.3,53.74,54.27,264900
PKX,1124199000,53.84,54.03,53.17,53.17,781100
PKX,1124285400,53,53.03,52.35,52.5,494800
PKX,1124371800,51.9,51.98,50.53,50.96,632800
PKX,1124458200,50.97,51.5,50.97,51.2,424300
PKX,1124717400,51.93,52.45,51.75,51.96,357900
PKX,1124803800,51.71,51.72,49.73,50.27,815700
PKX,1124890200,50.03,50.05,49.05,49.13,530800
PKX,1124976600,50.4,50.69,50.04,50.69,616800
PKX,1125063000,50,50.44,49.51,49.73,179700
PKX,1125322200,50.15,51.48,49.95,51.35,777000
PKX,1125408600,51.35,51.5,51.04,51.25,677800
PKX,1125495000,51.5,52.55,51.5,52.25,592700
PKX,1125581400,52.7,53.5,52.7,52.92,457200
PKX,1125667800,53.1,53.78,52.8,53.37,414500
PKX,1126013400,53.4,53.71,53.12,53.32,400500
PKX,1126099800,53.7,54.24,53.45,53.66,470600
PKX,1126186200,53.66,53.69,53.15,53.4,465200
PKX,1126272600,53.3,53.3,52.8,53,872000
PKX,1126531800,53,53.1,52.28,52.35,581200
PKX,1126618200,52.4,52.4,51.69,51.75,613700
PKX,1126704600,51.9,52.12,51.6,51.79,361500
PKX,1126791000,53,53.5,53,53.47,548900
PKX,1126877400,54.06,55.52,54.06,55.35,581900
PKX,1127136600,55.5,56,55.46,55.76,381700
PKX,1127223000,56,56.57,54.56,54.84,1.0289e+06
PKX,1127309400,54.71,56.29,54.5,54.91,699400
PKX,1127395800,54.3,54.54,53.03,54.03,592700
PKX,1127482200,53.6,54.4,53.26,54.2,405900
PKX,1127741400,55.48,56.2,55.3,55.79,607600
PKX,1127827800,56.3,56.3,55.76,55.91,443700
PKX,1127914200,56.63,57.65,56.63,57.08,794300
PKX,1128000600,57.15,57.2,56.75,57.01,363800
PKX,1128087000,56.2,56.89,55.85,56.56,343300
PKX,1128346200,56.1,56.46,56,56.01,511400
PKX,1128432600,56.5,56.5,55.02,55.1,563100
PKX,1128519000,53.7,53.71,51.76,52.14,765000
PKX,1128605400,52.28,52.51,51.18,51.75,677200
PKX,1128691800,53,53.52,52.46,52.96,568300
PKX,1128951000,53.25,53.5,51.72,51.8,866800
PKX,1129037400,52.3,52.87,51.6,52.55,931400
PKX,1129123800,51.25,51.9,49.71,50.25,1.3524e+06
PKX,1129210200,49.06,49.59,48.56,49.42,895200
PKX,1129296600,49.35,49.84,48.85,49.61,1.085e+06
PKX,1129555800,49.4,50.2,49.27,49.93,586200
PKX,1129642200,50.13,50.19,48.68,49.02,557300
PKX,1129728600,48.25,48.95,47.28,48.89,941600
PKX,1129815000,50,50.15,48.31,48.65,1.303e+06
PKX,1129901400,49.81,50.54,49.5,50.4,559100
PKX,1130160600,51.15,52.16,51.01,52.12,812700
PKX,1130247000,50.8,51.6,50.21,50.49,778200
PKX,1130333400,50.25,51.46,50.23,50.3,485200
PKX,1130419800,50.68,50.68,49.27,49.49,363700
PKX,1130506200,49.49,50.11,48.89,50,304000
PKX,1130769000,50.5,51.49,50.41,51.29,606200
PKX,1130855400,51.55,52.96,51.53,52.5,696700
PKX,1130941800,52.5,53.85,52.34,53.52,678300
PKX,1131028200,53.42,53.49,52.55,52.81,406500
PKX,1131114600,52,52.01,51.06,51.42,822300
PKX,1131373800,51.89,52.03,51.1,51.34,572200
PKX,1131460200,51.17,51.25,50.04,50.91,495200
PKX,1131546600,51.55,52.51,51.55,52.4,546900
PKX,1131633000,52.4,52.6,51.76,52,1.1067e+06
PKX,1131719400,52.15,52.89,52.15,52.77,737300
PKX,1131978600,52,52.24,50.76,50.8,1.1306e+06
PKX,1132065000,50.65,51.24,50.43,50.5,876100
PKX,1132151400,50.74,50.79,50.36,50.66,343800
PKX,1132237800,51.1,51.73,50.82,51.59,609700
PKX,1132324200,51.49,51.49,50.59,50.7,651800
PKX,1132583400,51.05,51.59,50.94,51.47,965000
PKX,1132669800,50.2,50.2,48.88,49.77,1.4374e+06
PKX,1132756200,50.1,50.9,50.1,50.18,871000
PKX,1132929000,50.25,50.25,49.77,49.93,236000
PKX,1133188200,49.93,49.93,49.29,49.34,530300
PKX,1133274600,49.86,50.64,49.86,50.2,840100
PKX,1133361000,50.25,50.25,49.52,49.76,478800
PKX,1133447400,49.89,50.83,49.66,50.3,805200
PKX,1133533800,49.01,49.3,48.5,48.5,1.0437e+06
PKX,1133793000,48.68,48.74,48.25,48.33,773600
PKX,1133879400,48,48.5,47.39,48.34,1.0705e+06
PKX,1133965800,48.5,48.68,47.8,47.85,708700
PKX,1134052200,47.85,48.33,47.77,48.3,452600
PKX,1134138600,48.59,48.63,47.8,48.02,585600
PKX,1134397800,48.62,48.85,48.4,48.6,555300
PKX,1134484200,48.65,49.45,48.65,49.17,494300
PKX,1134570600,49.25,49.48,48.86,48.91,444400
PKX,1134657000,49.11,49.25,48.73,48.88,358600
PKX,1134743400,48.88,49.22,48.71,48.73,336000
PKX,1135002600,49.04,49.86,49.04,49.11,439000
PKX,1135089000,49.41,49.72,49.18,49.28,498300
PKX,1135175400,49.8,50.41,49.75,50.22,785500
PKX,1135261800,50.77,50.78,50.16,50.61,755700
PKX,1135348200,51,51.17,50.77,50.9,270900
PKX,1135693800,50.2,50.21,49.2,49.58,529300
PKX,1135780200,49.8,49.94,49.61,49.7,187900
PKX,1135866600,49.52,50,49.49,49.91,332100
PKX,1135953000,49.86,49.93,49.14,49.51,272600
PKX,1136298600,49.88,50.39,49.83,50.25,782500
PKX,1136385000,50.36,50.91,50.33,50.87,605800
PKX,1136471400,51.15,51.25,50.81,51.02,440400
PKX,1136557800,51.6,52.3,51.56,52.02,1.0199e+06
PKX,1136817000,52.26,52.56,52.05,52.45,537400
PKX,1136903400,51.8,51.81,51.18,51.61,571000
PKX,1136989800,51.43,52.08,50.99,51.51,926000
PKX,1137076200,49.85,50.85,49.81,50.07,1.1745e+06
PKX,1137162600,49.95,49.99,49.49,49.58,566600
PKX,1137508200,49.58,49.58,48.91,48.97,923900
PKX,1137594600,49.06,49.5,49.01,49.49,674200
PKX,1137681000,50.5,50.99,50.3,50.86,837200
PKX,1137767400,49.96,50.24,49.1,49.33,602500
PKX,1138026600,50.55,51.5,50.55,51.4,693400
PKX,1138113000,51.99,53.32,51.99,53.2,1.0859e+06
PKX,1138199400,53.09,53.25,52.62,52.72,595700
PKX,1138285800,53.85,55.34,53.5,55.1,1.7745e+06
PKX,1138372200,56.95,58.9,56.25,57.65,2.9668e+06
PKX,1138631400,56.25,57.13,56.2,56.83,1.4244e+06
PKX,1138717800,56.83,57.6,56.65,57.39,1.273e+06
PKX,1138804200,57.48,57.6,57.02,57.28,773400
PKX,1138890600,57.42,57.89,56.41,56.62,990900
PKX,1138977000,57.75,58.26,56.97,57.89,1.749e+06
PKX,1139236200,58.77,59.3,58.61,59.29,1.046e+06
PKX,1139322600,57.5,57.99,55.93,56.12,955700
PKX,1139409000,55.89,56.12,54.9,56,689300
PKX,1139495400,54.85,55.84,54.8,54.88,845300
PKX,1139581800,54.88,55.14,53.52,54.55,883300
PKX,1139841000,54.1,54.1,52.5,52.75,855100
PKX,1139927400,54,54.85,53.75,54.78,632600
PKX,1140013800,53.95,54.48,53.86,54.2,535700
PKX,1140100200,54.6,56.3,54.6,56.1,746000
PKX,1140186600,56.2,56.31,55.44,55.63,319400
PKX,1140532200,57.05,57.49,56.81,57.11,558900
PKX,1140618600,57.17,57.59,57.16,57.41,329100
PKX,1140705000,58.35,58.65,57.81,57.83,785500
PKX,1140791400,59.52,60.11,59.19,59.8,857200
PKX,1141050600,60.66,60.98,60.17,60.22,606000
PKX,1141137000,59.1,59.1,57.81,58.44,433000
PKX,1141223400,58.55,59.62,58.45,59.62,453600
PKX,1141309800,59,59.82,58.75,59.81,447200
PKX,1141396200,59.81,61.04,59.7,60,531000
PKX,1141655400,60.88,61.28,59.52,60.05,899300
PKX,1141741800,60.2,60.2,58.09,58.94,853000
PKX,1141828200,58.4,58.5,57.25,58.31,1.3207e+06
PKX,1141914600,58.16,60.11,57.95,59.34,1.3804e+06
PKX,1142001000,60.1,62.14,59.77,62.05,1.1954e+06
PKX,1142260200,62.1,62.34,61.01,61.05,648500
PKX,1142346600,61,61.77,60.31,61.44,496700
PKX,1142433000,62.15,63.63,62.11,62.97,670600
PKX,1142519400,63.4,63.4,62.03,62.2,517100
PKX,1142605800,62.7,63.05,62.3,62.73,470300
PKX,1142865000,63.31,63.98,63.02,63.4,446100
PKX,1142951400,61.8,62.24,60.6,60.71,723800
PKX,1143037800,60.75,61.97,60.38,61.74,676100
PKX,1143124200,60.3,62.02,60.3,61.57,523900
PKX,1143210600,62,62.84,61.76,62.35,391100
PKX,1143469800,62.4,62.8,62.16,62.62,717900
PKX,1143556200,62.95,63.29,61.38,61.85,739800
PKX,1143642600,62.28,63.16,62.1,63.03,781900
PKX,1143729000,64.05,64.52,63.15,63.22,720300
PKX,1143815400,64.1,64.17,63.31,63.8,612300
PKX,1144071000,64.15,66.15,64.15,65.41,1.0028e+06
PKX,1144157400,64.98,64.98,63.8,64.55,739700
PKX,1144243800,63.9,64.78,63.56,64.7,649400
PKX,1144330200,64.49,64.74,63.45,63.9,772400
PKX,1144416600,64.1,64.34,62.41,63.14,858700
PKX,1144675800,63.35,63.84,62.52,62.63,706100
PKX,1144762200,62,62.5,61.5,61.75,596700
PKX,1144848600,63.11,64.05,62.76,63.95,628200
PKX,1144935000,67.5,68.38,67.15,67.22,1.3749e+06
PKX,1145280600,70.25,70.55,69.51,69.68,735100
PKX,1145367000,69.8,70.88,69.71,70.78,582700
PKX,1145453400,70.76,71.07,69.91,70.86,658900
PKX,1145539800,70.2,70.24,68,68.35,714200
PKX,1145626200,69.75,70.69,68.67,69.36,622300
PKX,1145885400,69.36,69.94,68.75,69.05,523200
PKX,1145971800,70.3,70.75,69.41,69.7,979600
PKX,1146058200,72.6,72.98,72.01,72.5,1.2763e+06
PKX,1146144600,72.25,72.26,68.51,69.2,1.6273e+06
PKX,1146231000,69.9,71,69.8,70.47,494500
PKX,1146490200,70.88,72.1,70.77,71.44,582800
PKX,1146576600,72.2,73.4,72.11,73.2,409100
PKX,1146663000,74,74.27,72.51,73.25,821400
PKX,1146749400,72.2,73.36,72.01,73.15,395300
PKX,1146835800,74,74.51,73.8,74.2,469200
PKX,1147095000,73.75,73.88,72.89,73.75,406700
PKX,1147181400,73.5,74.08,73.22,73.65,602900
PKX,1147267800,75.28,75.3,72.21,74,1.2359e+06
PKX,1147354200,75.9,76.2,74.41,74.41,987700
PKX,1147440600,74.71,74.71,71,71.83,1.0681e+06
PKX,1147699800,68.15,69.39,66.51,67.8,1.6432e+06
PKX,1147786200,66.5,67.5,65.55,66.56,1.0758e+06
PKX,1147872600,68.75,69.15,65.36,66.4,1.484e+06
PKX,1147959000,66.52,68.3,66.52,66.8,1.0785e+06
PKX,1148045400,68.9,69.55,67.36,69.26,1.3779e+06
PKX,1148304600,66.81,66.81,62.03,65.01,1.4367e+06
PKX,1148391000,65.81,66.76,65.3,65.33,1.4556e+06
PKX,1148477400,64.05,64.58,61.63,63.64,1.4676e+06
PKX,1148563800,63.97,65.6,63.57,65.25,1.0142e+06
PKX,1148650200,65.24,66.01,63.95,65.59,794700
PKX,1148995800,65.57,65.57,62.93,63.17,637400
PKX,1149082200,64.4,64.77,63.53,64.3,1.1608e+06
PKX,1149168600,64.05,65.7,63.62,65.7,1.2038e+06
PKX,1149255000,65.5,65.58,64.51,65.23,601400
PKX,1149514200,65.01,65.01,61.82,61.91,727200
PKX,1149600600,62.11,62.6,60.03,62.34,1.3796e+06
PKX,1149687000,61.31,62.55,60.32,60.5,889900
PKX,1149773400,59.1,59.55,56.36,59.15,1.9155e+06
PKX,1149859800,58.72,61.13,57.5,58.47,1.1279e+06
PKX,1150119000,57.47,58.88,56.06,56.07,645000
PKX,1150205400,56.1,57.71,55.5,56.21,1.4706e+06
PKX,1150291800,56.66,58.21,56.5,58.05,829900
PKX,1150378200,58.72,61.15,58.58,60.83,1.4464e+06
PKX,1150464600,60.83,60.84,59.27,60.3,882500
PKX,1150723800,59.4,60,58.76,58.83,802000
PKX,1150810200,58.1,60.13,58.1,58.93,567400
PKX,1150896600,58.93,61.25,58.93,60.88,816300
PKX,1150983000,60.89,60.89,59.27,60.15,722200
PKX,1151069400,60.15,61.99,60.01,61.11,460700
PKX,1151328600,63.5,63.5,62.17,62.32,713200
PKX,1151415000,63.5,63.8,62.19,62.73,828100
PKX,1151501400,64.09,64.69,63.85,64.69,1.0462e+06
PKX,1151587800,64.7,67.64,64.7,67.55,1.1889e+06
PKX,1151674200,67.5,67.5,66,66.9,708000
PKX,1151933400,66.95,67.06,66.39,66.88,373700
PKX,1152106200,66.65,66.9,64.59,65.04,1.1706e+06
PKX,1152192600,65.04,66.2,64.87,65.12,809600
PKX,1152279000,65.12,65.5,63.68,64,580000
PKX,1152538200,65,65.39,64.1,65,440000
PKX,1152624600,64.01,64.4,62.27,63.14,1.3654e+06
PKX,1152711000,63.79,64.45,62.35,62.35,925600
PKX,1152797400,61.9,62.09,60,60.15,1.2582e+06
PKX,1152883800,60.5,60.94,59.6,60.39,716200
PKX,1153143000,59.61,59.95,57.92,58.59,1.2857e+06
PKX,1153229400,59.1,59.4,57.9,59.13,1.4385e+06
PKX,1153315800,58.39,61.74,58.1,61.71,1.6723e+06
PKX,1153402200,61.92,61.93,59,59.27,982600
PKX,1153488600,60.03,60.21,58,59.01,1.8289e+06
PKX,1153747800,59.02,60.3,59.02,60.23,1.0091e+06
PKX,1153834200,60.23,61.11,59.49,60.65,853900
PKX,1153920600,60.67,60.68,58.85,59.92,760600
PKX,1154007000,60.27,60.95,59.39,59.48,640400
PKX,1154093400,60.2,61.86,59.86,61.85,620600
PKX,1154352600,61.84,62.19,60.92,61.74,476400
PKX,1154439000,61.54,61.55,60.29,60.81,411800
PKX,1154525400,60.82,62.24,60.76,61.69,611300
PKX,1154611800,60.69,61.8,60.45,61.35,526200
PKX,1154698200,62.09,62.67,60.63,60.82,926900
PKX,1154957400,61.1,61.31,60.25,60.81,796300
PKX,1155043800,61.01,61.3,60.18,60.35,558100
PKX,1155130200,61.52,61.59,60.6,60.61,688600
PKX,1155216600,60.52,60.89,60.03,60.85,752200
PKX,1155303000,60.18,60.61,59.01,59.3,894300
PKX,1155562200,59.74,59.99,58.64,59,911400
PKX,1155648600,60.01,60.63,58.83,60.48,1.0655e+06
PKX,1155735000,60.47,61.11,60,61.04,509900
PKX,1155821400,60.94,60.94,59.75,60.39,445400
PKX,1155907800,60.3,61.12,59.91,61.09,415400
PKX,1156167000,61.15,61.4,60.45,60.63,393500
PKX,1156253400,61.26,61.75,60.96,61.38,378800
PKX,1156339800,61.7,62.39,61.49,61.7,856400
PKX,1156426200,62.2,62.48,61.01,61.75,741000
PKX,1156512600,61.9,62.55,61.9,62.5,738900
PKX,1156771800,62.4,62.65,61.91,62.46,453000
PKX,1156858200,63.05,63.38,62.51,63.35,600700
PKX,1156944600,62.95,63,61.5,61.72,591600
PKX,1157031000,62.19,62.4,61.72,62.11,411500
PKX,1157117400,62.16,63.5,61.93,63.11,509300
PKX,1157463000,63.15,64,62.8,63.56,386200
PKX,1157549400,63.13,63.29,62.06,62.39,535300
PKX,1157635800,62.79,63.11,62.05,62.3,724400
PKX,1157722200,61.95,62.04,61.41,61.84,510200
PKX,1157981400,60.95,61.1,59.45,59.59,1.2104e+06
PKX,1158067800,60.55,61.27,60.26,60.54,1.0858e+06
PKX,1158154200,60.66,61.53,60.6,61.24,391900
PKX,1158240600,61.01,61.38,60.23,60.56,406300
PKX,1158327000,61,61.63,60.82,61.44,652200
PKX,1158586200,62.12,62.9,62.11,62.71,542800
PKX,1158672600,62.71,62.75,61.5,62.36,636600
PKX,1158759000,62.9,63.88,62.9,63.62,755100
PKX,1158845400,63.73,63.99,62.6,62.98,900000
PKX,1158931800,63.11,63.49,62.64,63.11,1.0696e+06
PKX,1159191000,63.51,64.14,62.73,64,1.3754e+06
PKX,1159277400,63.4,64.84,63.18,64.76,1.0707e+06
PKX,1159363800,64.69,64.89,64.18,64.6,458000
PKX,1159450200,64.5,64.88,64.15,64.63,269500
PKX,1159536600,64.63,65.2,64.45,64.93,540300
PKX,1159795800,64.28,64.87,64.28,64.48,272000
PKX,1159882200,63.82,63.88,62.79,63,408200
PKX,1159968600,63,63.97,62.62,63.8,817200
PKX,1160055000,64.22,66.1,63.98,65.7,809900
PKX,1160141400,65.45,65.45,64.58,64.79,452000
PKX,1160400600,62.8,65.94,62.79,64.81,1.8797e+06
PKX,1160487000,64.29,65.18,64.22,64.8,855400
PKX,1160573400,64.55,64.67,63.65,64.03,774400
PKX,1160659800,64.5,67.45,64.5,67.02,1.5768e+06
PKX,1160746200,67.02,68.44,66.7,67.97,913300
PKX,1161005400,67.98,68.51,67.61,68.39,706800
PKX,1161091800,67.39,67.73,66.77,67.4,575600
PKX,1161178200,66.88,68.04,66.4,67.23,566400
PKX,1161264600,66.01,67.76,66,67.5,639500
PKX,1161351000,68.4,68.48,67.3,67.88,479100
PKX,1161610200,67.88,68.5,67.36,68.4,531900
PKX,1161696600,68.41,70.31,68.09,70.03,1.0785e+06
PKX,1161783000,70.44,70.5,69.77,70.23,625700
PKX,1161869400,70.24,70.77,69.77,70.5,434400
PKX,1161955800,70.6,70.64,69.32,69.55,583200
PKX,1162218600,69.35,70.35,69.05,69.85,520100
PKX,1162305000,69.75,70.65,69.49,70.52,533300
PKX,1162391400,70.33,70.99,70.17,70.35,901400
PKX,1162477800,70.34,71.44,70,71.2,894900
PKX,1162564200,72.82,72.84,71.75,72.38,754700
PKX,1162823400,72.2,73.59,72.13,73.21,718700
PKX,1162909800,73.45,74.05,73.15,73.79,783200
PKX,1162996200,73.79,74.11,73.07,73.92,878400
PKX,1163082600,73.5,74.34,73.09,73.49,836600
PKX,1163169000,73.49,73.69,72.9,73.27,654900
PKX,1163428200,73.2,74.01,72.44,73.8,728100
PKX,1163514600,73.76,74.68,73.66,74.63,982000
PKX,1163601000,73.57,74.49,73.36,73.79,1.095e+06
PKX,1163687400,74.37,74.37,72.44,72.79,992500
PKX,1163773800,72.9,74.09,72.81,73.79,804500
PKX,1164033000,75,75.15,73.87,74,789000
PKX,1164119400,75.24,76.13,75,75.95,514800
PKX,1164205800,76.2,76.97,75.82,76.86,677500
PKX,1164378600,77.03,77.28,77,77,147800
PKX,1164637800,77.69,77.83,76.03,76.2,735100
PKX,1164724200,76.21,76.82,75.87,76.82,727100
PKX,1164810600,77,78.47,76.85,78.11,645700
PKX,1164897000,78,78.97,77.87,78.86,609400
PKX,1164983400,80.05,80.27,78.77,79.26,1.2551e+06
PKX,1165242600,78.85,80.29,78.63,80.18,979900
PKX,1165329000,79.4,80.22,79.24,80.06,837200
PKX,1165415400,79.81,81,79.81,79.85,703900
PKX,1165501800,79.45,80.17,79.02,79.2,648100
PKX,1165588200,79.19,79.26,78.05,78.84,568800
PKX,1165847400,78.99,80.43,78.97,79.93,709500
PKX,1165933800,79.75,79.75,77.77,78.3,1.2023e+06
PKX,1166020200,79.25,80.53,79.25,80.21,786800
PKX,1166106600,82.3,83.02,81.72,82.21,1.0059e+06
PKX,1166193000,84.4,84.7,83.53,83.9,1.0448e+06
PKX,1166452200,85.9,86.16,84,84.03,1.1412e+06
PKX,1166538600,83.03,83.75,82.5,82.98,759300
PKX,1166625000,84.99,85.6,84.42,84.88,657900
PKX,1166711400,84.87,85.39,83.04,83.84,712900
PKX,1166797800,83.09,83.5,81.91,82.6,399700
PKX,1167143400,83.6,83.9,82.75,83.73,491900
PKX,1167229800,83.73,84.19,83.31,84,581900
PKX,1167316200,84,84.54,82.79,83.1,442000
PKX,1167402600,83.11,83.17,82.52,82.67,327300
PKX,1167834600,80.45,80.62,79.01,79.43,1.0507e+06
PKX,1167921000,79,79.75,78.01,79.7,758400
PKX,1168007400,79.69,79.69,78.03,78.53,501300
PKX,1168266600,78,79.15,76.69,78.85,436900
PKX,1168353000,78.85,78.85,76.66,76.98,630100
PKX,1168439400,75.85,76.96,75.26,76.49,777800
PKX,1168525800,77.21,79.63,77.1,78.1,488800
PKX,1168612200,79,80.93,79,80.78,659400
PKX,1168957800,80.78,81.39,80,80.56,669400
PKX,1169044200,80.79,80.8,79.46,80.4,323800
PKX,1169130600,81.4,82.31,80.55,80.74,843600
PKX,1169217000,80.7,82.43,80.43,81.83,551600
PKX,1169476200,82.59,82.87,81.74,82.06,469700
PKX,1169562600,82.6,84.97,82.41,84.75,706600
PKX,1169649000,87,87.85,86.7,87.3,1.3602e+06
PKX,1169735400,88,88.22,85.82,85.82,852300
PKX,1169821800,85.83,86.3,84.58,85.9,596700
PKX,1170081000,86,87.67,86,86.84,1.27e+06
PKX,1170167400,87.59,88.2,86.93,87.75,535100
PKX,1170253800,87.15,88.52,86.82,88.18,878700
PKX,1170340200,90.1,91.77,89.6,91.51,995100
PKX,1170426600,91.2,92.36,90.5,91.5,847500
PKX,1170685800,90.7,91.24,89.65,89.96,313200
PKX,1170772200,94.15,94.15,92.84,93.17,765800
PKX,1170858600,93.68,93.7,91.53,92.19,563600
PKX,1170945000,92.2,92.64,90.25,90.82,865200
PKX,1171031400,92.63,93.3,91.07,91.36,885200
PKX,1171290600,91.36,92.8,91.36,92.24,586500
PKX,1171377000,92.45,93.69,92.45,93.52,555100
PKX,1171463400,93.7,94.62,93,93.85,522200
PKX,1171549800,95,95.7,94.51,95.5,541700
PKX,1171636200,95.65,96.49,95.31,96.13,449600
PKX,1171981800,97.55,98.21,97.1,98,494300
PKX,1172068200,97.5,98.66,97.03,98.24,936100
PKX,1172154600,99.86,100.27,99.36,99.77,820300
PKX,1172241000,99.5,99.74,98.27,98.86,715100
PKX,1172500200,99.05,99.75,98.36,99.28,457000
PKX,1172586600,92.01,97.63,91.54,91.92,1.5507e+06
PKX,1172673000,93.26,93.48,91.64,92.7,984000
PKX,1172759400,92.2,92.26,88,91.44,1.2513e+06
PKX,1172845800,96.5,96.5,92.28,93.65,1.6318e+06
PKX,1173105000,89.2,92.39,89.06,89.87,753800
PKX,1173191400,92.6,94.85,92.09,94.16,689200
PKX,1173277800,94.95,95.25,93.7,94.27,450300
PKX,1173364200,97.33,99.45,96.66,98.88,1.0906e+06
PKX,1173450600,98.88,100.09,97.44,99.7,741100
PKX,1173706200,101,104.44,100.6,102.96,1.318e+06
PKX,1173792600,101.65,102.59,98.73,98.73,833200
PKX,1173879000,98.72,100.4,97.07,100.16,793800
PKX,1173965400,101,103.65,100.75,103,718200
PKX,1174051800,102.1,103.18,101.17,101.34,522700
PKX,1174311000,100.99,102.49,100.51,102.1,586100
PKX,1174397400,99.8,100.59,99.06,99.72,1.4686e+06
PKX,1174483800,100.19,103.99,99.69,103.66,1.076e+06
PKX,1174570200,102,102.4,100.66,101.1,800500
PKX,1174656600,101.65,102.38,101.13,102.22,371100
PKX,1174915800,100.14,100.74,98.41,100.7,670900
PKX,1175002200,100.7,101,99.7,99.72,447200
PKX,1175088600,100,100.55,99.25,99.72,428900
PKX,1175175000,103.5,107.31,103.29,106.88,1.3591e+06
PKX,1175261400,105.51,106.59,103.81,103.95,749600
PKX,1175520600,105,105.8,104.51,105.5,523100
PKX,1175607000,104.97,106.75,104.37,106.37,636100
PKX,1175693400,106.37,106.49,105.35,105.83,662600
PKX,1175779800,105.1,107.43,104.95,106.36,783500
PKX,1176125400,106.3,106.75,105.25,105.86,629400
PKX,1176211800,105.1,105.24,103.6,104.37,594800
PKX,1176298200,103.11,103.86,102.19,102.85,546300
PKX,1176384600,103.88,106.98,103.88,105.09,889400
PKX,1176471000,103.25,103.25,101.52,102.44,1.0724e+06
PKX,1176730200,102.41,103.5,102.14,102.74,721400
PKX,1176816600,102.1,102.5,101.24,102.02,660500
PKX,1176903000,102,102.34,100.84,101.4,387600
PKX,1176989400,99,100.15,97.68,99.34,807300
PKX,1177075800,100.83,102,100.79,101.9,945800
PKX,1177335000,103.99,104.44,103.3,103.7,656900
PKX,1177421400,106.75,106.94,105,105.59,1.2937e+06
PKX,1177507800,107,108.08,106.8,107.93,1.3325e+06
PKX,1177594200,108.19,108.2,106.31,106.58,656800
PKX,1177680600,106,107.03,105.47,106.56,457700
PKX,1177939800,105.91,106.82,104.74,104.74,468000
PKX,1178026200,105.16,105.93,103.85,105.16,435400
PKX,1178112600,105.75,107.34,105.2,106.99,425200
PKX,1178199000,105.75,108.04,105.62,107.4,873700
PKX,1178285400,106.85,107.2,105.85,106.24,602800
PKX,1178544600,108,110.19,108,108.89,473400
PKX,1178631000,110.23,111.51,109.25,111.15,676900
PKX,1178717400,110.75,114.55,110.68,113.95,1.2922e+06
PKX,1178803800,114.3,115.04,112.56,112.82,642200
PKX,1178890200,113.98,117,113.9,115.4,503300
PKX,1179149400,115,116.25,114.04,115.31,824000
PKX,1179235800,114.14,115.73,113.85,114.1,653200
PKX,1179322200,112.38,113.4,112.01,113.18,555300
PKX,1179408600,112.2,112.66,111.32,111.9,484400
PKX,1179495000,109.89,111.56,109.8,111,556300
PKX,1179754200,111.41,112.3,111.31,111.44,428100
PKX,1179840600,113.62,114,112.9,113.21,512600
PKX,1179927000,115.2,117.5,115.02,115.38,873400
PKX,1180013400,114.87,115.75,112.56,112.8,805400
PKX,1180099800,114.01,115.43,113.63,115.17,312100
PKX,1180445400,117.85,118.5,116,116.83,575500
PKX,1180531800,114.92,116.12,114,115.99,880000
PKX,1180618200,120.25,120.59,118.7,119.3,670700
PKX,1180704600,122.15,123.02,121.62,122.6,964500
PKX,1180963800,126.59,126.99,124.32,125.78,1.2601e+06
PKX,1181050200,125.01,125.31,122.38,123.13,971800
PKX,1181136600,123.02,123.02,120.1,120.95,948000
PKX,1181223000,123.26,123.91,119.5,120.21,999600
PKX,1181309400,121.6,124.57,120.85,124.57,822100
PKX,1181568600,123.5,123.5,120.36,121.25,1.157e+06
PKX,1181655000,121.25,121.69,119.5,119.87,740500
PKX,1181741400,122.83,124.37,121.93,124.1,607400
PKX,1181827800,128.16,128.7,127.05,127.7,733500
PKX,1181914200,128.4,131.93,128.26,129.6,827500
PKX,1182173400,129.5,130,128.03,128.28,375300
PKX,1182259800,128.28,129.5,128.2,129.33,566600
PKX,1182346200,127.5,128,125.66,125.91,475800
PKX,1182432600,123.59,125.12,122.7,124.75,929900
PKX,1182519000,122.4,123.2,120.5,121,832200
PKX,1182778200,119.8,121.46,119,119.33,590100
PKX,1182864600,119.34,119.82,117.07,117.9,573300
PKX,1182951000,116.89,118.6,114.56,118.52,594100
PKX,1183037400,118.21,119.83,117.6,118.44,519900
PKX,1183123800,119.07,121.2,119.07,120,631800
PKX,1183383000,123.39,125.77,123,125.7,645000
PKX,1183469400,126.61,127,125.4,125.99,237000
PKX,1183642200,126.45,127.72,125.42,126.83,394700
PKX,1183728600,130.26,133.75,129.58,132.98,776700
PKX,1183987800,137.99,137.99,133.01,133.48,580700
PKX,1184074200,133.38,133.44,130.7,130.9,658000
PKX,1184160600,133.11,134.15,132.49,133.65,948900
PKX,1184247000,138.32,141.98,138.32,141.98,1.279e+06
PKX,1184333400,152,152.01,147.1,149.95,1.7481e+06
PKX,1184592600,150.96,150.96,147.06,148,832900
PKX,1184679000,148,148.9,146.91,148.78,608800
PKX,1184765400,144,144.75,143.17,144.17,1.0044e+06
PKX,1184851800,145.5,146.63,144.55,145.54,583500
PKX,1184938200,150.01,150.03,145.8,147.03,774100
PKX,1185197400,152,154.32,151.13,154.28,843100
PKX,1185283800,152.7,154.6,148.93,149.13,825500
PKX,1185370200,154,154.98,149.52,151.94,1.1234e+06
PKX,1185456600,141,145.25,137.2,139.9,1.1184e+06
PKX,1185543000,140.14,143.22,136.2,138.08,720000
PKX,1185802200,143.88,145.75,140,144.75,783600
PKX,1185888600,146,147.87,142.3,142.45,470700
PKX,1185975000,139.98,140.94,136.35,139,985800
PKX,1186061400,138,140.13,137.82,139.19,463200
PKX,1186147800,140,142.15,135.93,136.04,757100
PKX,1186407000,137,137.82,131.51,137.35,706700
PKX,1186493400,136.97,151.49,135.37,139.79,513000
PKX,1186579800,140.75,146.2,140.42,144.44,903900
PKX,1186666200,140,142.49,135.4,137.04,1.1689e+06
PKX,1186752600,132.27,136.6,130.58,133.95,849500
PKX,1187011800,137,139.32,135.56,136.26,393400
PKX,1187098200,135.9,136.48,130,130.09,658100
PKX,1187184600,128.89,133.68,127.06,127.06,776100
PKX,1187271000,125.51,128.2,118.5,124.5,1.679e+06
PKX,1187357400,126.25,131.27,124.3,129.88,1.545e+06
PKX,1187616600,127.5,129.5,124.83,128.16,593300
PKX,1187703000,129.05,130.5,127.05,128.65,451000
PKX,1187789400,132.44,136.44,132.01,135.82,795900
PKX,1187875800,138.51,140.48,137.13,138.1,707000
PKX,1187962200,138.94,142.4,138.25,141.14,653300
PKX,1188221400,141.13,144,140.14,142.12,410800
PKX,1188307800,142.65,144.2,137.99,138.56,1.069e+06
PKX,1188394200,147.01,150.88,146.17,150.64,1.4719e+06
PKX,1188480600,147.5,150.18,146.5,148.09,1.1538e+06
PKX,1188567000,152,153.96,150.06,153.31,986500
PKX,1188912600,153.31,156.31,153.25,155.4,709400
PKX,1188999000,152.3,153.24,149.57,151.15,841900
PKX,1189085400,157.69,158.75,156.5,157.69,811400
PKX,1189171800,151.56,154.36,150.06,150.86,813700
PKX,1189431000,150.1,150.25,144.14,148.7,580000
PKX,1189517400,156.4,157.84,154.63,156.85,847600
PKX,1189603800,152.75,155,152.03,153.32,533100
PKX,1189690200,158.08,166.32,157,162.15,1.357e+06
PKX,1189776600,162.5,165.95,161.25,164.36,537000
PKX,1190035800,163.5,165.71,162.51,163.51,371100
PKX,1190122200,163.99,172.75,163.78,170.68,952000
PKX,1190208600,173.4,181.78,172.87,176.68,1.1947e+06
PKX,1190295000,181,184.88,178.51,179.03,689000
PKX,1190381400,182.21,183.8,180.41,182.01,715900
PKX,1190640600,183.61,186.49,183.02,184.54,690200
PKX,1190727000,181.05,182.86,180.25,181.5,645900
PKX,1190813400,181.55,184.97,181.23,184.36,707100
PKX,1190899800,181.7,182.48,179.66,181.13,704700
PKX,1190986200,183.5,183.7,178.44,178.77,634200
PKX,1191245400,184.41,191.7,184.09,190.72,948900
PKX,1191331800,200.37,201,193.5,195.89,1.3441e+06
PKX,1191418200,194.17,195.94,192.18,193.75,1.1146e+06
PKX,1191504600,189.4,189.9,186.5,188.52,975800
PKX,1191591000,191.11,194.01,187.2,189.18,1.0234e+06
PKX,1191850200,188.55,188.55,184.36,187.34,394000
PKX,1191936600,191,191.34,187.8,190.6,1.2336e+06
PKX,1192023000,189.2,191.71,188.49,190.5,660000
PKX,1192109400,191.65,192.85,181.06,184.29,779800
PKX,1192195800,185.2,188.47,184.09,186.24,561500
PKX,1192455000,185,186.83,180,181,519100
PKX,1192541400,174,174.9,161.56,165.39,1.966e+06
PKX,1192627800,169.01,169.8,161.21,166.69,1.5611e+06
PKX,1192714200,167,171.67,166,170.66,872900
PKX,1192800600,166.31,166.98,158.95,159.35,691000
PKX,1193059800,153.5,158.58,151.88,157.9,932700
PKX,1193146200,164.2,166.8,163,166.4,873100
PKX,1193232600,171.4,172.5,167.11,171.9,1.1008e+06
PKX,1193319000,178.1,178.29,173,174.78,2.1533e+06
PKX,1193405400,179.2,186.74,178.81,185.18,1.1094e+06
PKX,1193664600,186.99,190.29,186.43,189.39,801400
PKX,1193751000,185.72,186,182,182.35,725800
PKX,1193837400,179.32,183.75,177.4,183.75,801200
PKX,1193923800,171.82,171.82,165.05,165.99,966900
PKX,1194010200,169,171,163,166.4,762800
PKX,1194273000,161.97,165.24,161.7,163.51,593900
PKX,1194359400,170.67,175.5,170.5,175.25,589900
PKX,1194445800,171,171,164.04,164.04,527300
PKX,1194532200,160.17,166.19,155.91,161.81,757500
PKX,1194618600,157.22,159.3,155.11,156.07,488500
PKX,1194877800,154,154.04,147.72,147.97,859900
PKX,1194964200,155.02,162.25,155.02,161.94,611700
PKX,1195050600,165,168.18,162.5,163.35,695700
PKX,1195137000,160.29,160.94,156,156.61,469600
PKX,1195223400,159.32,160.4,155.29,158.95,427100
PKX,1195482600,154.45,155.06,149.9,151.6,438700
PKX,1195569000,155,158.95,153.07,157.74,608500
PKX,1195655400,154.99,154.99,146.55,149.51,597600
PKX,1195828200,153.15,154.49,149.73,153.48,228200
PKX,1196087400,156.47,157.28,150.84,151.22,698000
PKX,1196173800,153.91,155,150.52,154.78,901000
PKX,1196260200,153.01,158.86,152.22,158.38,1.2351e+06
PKX,1196346600,156.3,158.4,154.71,156.32,500700
PKX,1196433000,159.3,161.23,156.54,157.87,894000
PKX,1196692200,155.05,157.55,153.4,155.01,411900
PKX,1196778600,156.26,158.9,155.02,156.13,471600
PKX,1196865000,160.81,163.26,159.61,163.1,514200
PKX,1196951400,163.53,171.84,163.12,170.94,614900
PKX,1197037800,170.7,170.8,167.68,169.57,259100
PKX,1197297000,168.5,170.25,167.51,169.57,406300
PKX,1197383400,167.7,171,162.28,163.06,645600
PKX,1197469800,173.74,173.74,166.05,169.96,814600
PKX,1197556200,165.03,166.35,159.72,164.21,427800
PKX,1197642600,158.2,158.21,154.02,155.75,457700
PKX,1197901800,152.63,154,147.13,147.17,744700
PKX,1197988200,151.89,152.22,146.1,150.83,625800
PKX,1198074600,153.96,153.96,149.14,151.3,366200
PKX,1198161000,149.05,149.14,145.66,147.4,515600
PKX,1198247400,148.85,153.77,148.14,153,316200
PKX,1198506600,154.53,155.63,153.38,154.51,101200
PKX,1198679400,156.08,156.08,152.75,153.8,343300
PKX,1198765800,153.8,155.15,151,151.36,344500
PKX,1198852200,151.47,156,151.47,154.25,419900
PKX,1199111400,155.49,155.49,150.18,150.41,352700
PKX,1199284200,149.04,151.1,144.29,146.46,575000
PKX,1199370600,147.1,149.44,146.46,147.74,316000
PKX,1199457000,148.45,148.45,141.08,142.48,890000
PKX,1199716200,144.94,144.94,140,141.76,755700
PKX,1199802600,143.6,145.78,140.1,140.35,626900
PKX,1199889000,142.72,145.55,140.07,144.9,882400
PKX,1199975400,140.21,145.07,134.59,144.77,1.9742e+06
PKX,1200061800,141.91,142.17,138.1,139.37,1.0043e+06
PKX,1200321000,144.49,145.66,142.03,145.29,883100
PKX,1200407400,146.48,146.48,139.33,139.57,1.106e+06
PKX,1200493800,137.91,140.62,131.49,135.45,1.4786e+06
PKX,1200580200,135.46,137.06,129.29,129.7,1.2498e+06
PKX,1200666600,129.91,132.9,127.7,129.78,1.062e+06
PKX,1201012200,120.3,130.31,119.8,129.06,1.8145e+06
PKX,1201098600,126.21,131.5,121.13,131.37,1.3708e+06
PKX,1201185000,130.73,134.24,128.5,132.83,990700
PKX,1201271400,138.31,141.43,130.86,131.52,601200
PKX,1201530600,129.49,132.27,127.64,131.71,404200
PKX,1201617000,134.64,134.64,131.63,133.57,442400
PKX,1201703400,131.07,134.94,128.79,131.49,954900
PKX,1201789800,132.15,137,132,135.5,1.3481e+06
PKX,1201876200,134.02,138,134.02,137.01,824900
PKX,1202135400,140,140.99,137.9,138.91,478200
PKX,1202221800,134.01,134.4,127.77,127.94,1.1341e+06
PKX,1202308200,127.36,130.95,125.19,125.5,708700
PKX,1202394600,124.99,129.24,124.24,127.83,757000
PKX,1202481000,126.52,130.58,125.06,129.63,722100
PKX,1202740200,127.5,130.43,126.77,129.74,439300
PKX,1202826600,131.19,135.22,130.46,132.2,630100
PKX,1202913000,130.61,134.83,129.87,133.99,465700
PKX,1202999400,136.66,137,133.09,133.61,683700
PKX,1203085800,133.93,137.3,132.85,136.52,461900
PKX,1203431400,135.81,139,134.58,135.02,461200
PKX,1203517800,131.24,137.28,130.32,136.4,808700
PKX,1203604200,133.01,135.22,130.88,131.23,776600
PKX,1203690600,131.52,132,127.97,131.27,774300
PKX,1203949800,133.44,139.33,133.43,139.1,821000
PKX,1204036200,140,145.22,139.53,143.98,1.8629e+06
PKX,1204122600,142.68,148,142.51,146.13,1.2432e+06
PKX,1204209000,144.99,145.2,143.12,143.59,607400
PKX,1204295400,140,140.97,135.13,135.3,1.0039e+06
PKX,1204554600,136.66,136.66,132.9,135.09,998000
PKX,1204641000,132.71,136.43,131.65,133.81,883000
PKX,1204727400,136.66,136.66,132.77,135.4,839900
PKX,1204813800,136.43,136.47,131.17,131.31,746600
PKX,1204900200,131,133.9,126.56,128.49,1.2363e+06
PKX,1205155800,127.64,129.75,123.06,124.05,1.9815e+06
PKX,1205242200,126.7,128.35,123.5,128.32,1.53e+06
PKX,1205328600,127,128.25,125.37,125.6,590800
PKX,1205415000,117.41,122.74,115.5,120.79,1.4714e+06
PKX,1205501400,115.31,115.31,109.32,111.5,1.7687e+06
PKX,1205760600,106.19,110.5,104.98,108.41,1.6631e+06
PKX,1205847000,111.05,116,111.05,115.49,1.0185e+06
PKX,1205933400,115.32,117.88,109.5,109.5,1.2412e+06
PKX,1206019800,107.7,112.3,107.7,111.89,831000
PKX,1206365400,115,119.84,115,118.2,765900
PKX,1206451800,120.57,123.34,120.57,123.18,735900
PKX,1206538200,125.15,125.15,120.62,121.38,485500
PKX,1206624600,121.75,121.75,118.91,119.42,619700
PKX,1206711000,119.5,119.74,117.97,118.43,331700
PKX,1206970200,120.19,120.9,117.88,118.98,479700
PKX,1207056600,119.01,123.17,118.65,122.77,690400
PKX,1207143000,121.22,123.37,120.2,122.61,447200
PKX,1207229400,128,131.69,128,129.04,913500
PKX,1207315800,130.01,134.47,130.01,134.07,916000
PKX,1207575000,133.5,134.35,129.37,130.35,961300
PKX,1207661400,126.7,128.96,125.41,127.73,1.2507e+06
PKX,1207747800,127.6,128.16,124.82,125.69,580200
PKX,1207834200,122.68,123.91,121.25,123.13,1.1667e+06
PKX,1207920600,120.15,124.98,120.15,121.23,948500
PKX,1208179800,117.1,117.75,115.11,116.16,1.1821e+06
PKX,1208266200,115.87,116.49,114.81,115.85,1.0803e+06
PKX,1208352600,115.75,117.37,115,116.95,852500
PKX,1208439000,113.33,114.3,112.03,112.8,1.1117e+06
PKX,1208525400,114,118.31,113.44,116.46,1.3436e+06
PKX,1208784600,116.41,118.5,115.62,117.7,397300
PKX,1208871000,117.26,117.83,114.51,115.44,697800
PKX,1208957400,122,125.16,121.57,125.16,1.2802e+06
PKX,1209043800,123.83,123.83,121.09,122,761500
PKX,1209130200,123.95,125,122,123.86,370700
PKX,1209389400,124.99,124.99,121.45,122.53,319300
PKX,1209475800,122.99,122.99,119.8,120.07,612400
PKX,1209562200,121.57,125,121.53,123.4,586600
PKX,1209648600,122.78,123.81,121.25,123.55,458800
PKX,1209735000,124.98,124.99,122.51,124.64,445500
PKX,1209994200,124.79,126.78,124.65,125.4,511100
PKX,1210080600,125.68,129.14,124.38,128.25,843600
PKX,1210167000,126.4,126.48,122.38,123.09,784900
PKX,1210253400,127.99,130.08,125.51,128.69,897400
PKX,1210339800,128.67,128.67,126.04,127.59,375600
PKX,1210599000,129.57,130.75,127.06,129.82,521700
PKX,1210685400,131.99,132.06,129.25,131.31,623600
PKX,1210771800,132.99,134.35,131.88,132,636600
PKX,1210858200,137.35,144.08,136.07,143.9,1.5189e+06
PKX,1210944600,145.65,147.5,142.91,144.38,975400
PKX,1211203800,145.89,145.89,139.78,141.51,845000
PKX,1211290200,140.98,140.98,137.28,140.2,612600
PKX,1211376600,135.75,138,132.29,132.66,802100
PKX,1211463000,134.22,135.49,132.1,133.76,697200
PKX,1211549400,134.32,134.32,129.78,130.84,498000
PKX,1211895000,132.02,134,132,133.26,517800
PKX,1211981400,133.18,134.6,132.22,134.6,771200
PKX,1212067800,136.37,137.03,134.61,135.09,891100
PKX,1212154200,135.16,137.43,135.16,136.65,415200
PKX,1212413400,138.96,140.61,138,139,529300
PKX,1212499800,143.95,145.43,141.45,142.17,1.0616e+06
PKX,1212586200,144.86,144.86,142.43,142.75,712600
PKX,1212672600,142.89,147.05,142.89,147.05,590300
PKX,1212759000,146.42,146.42,138.5,138.5,829900
PKX,1213018200,142.01,142.79,139.18,141.1,826600
PKX,1213104600,140.14,141.87,139.04,140.15,663100
PKX,1213191000,139.04,139.83,134.52,134.95,876900
PKX,1213277400,133.4,134.36,130.76,131.66,656600
PKX,1213363800,130.46,133.86,130.03,132.56,518800
PKX,1213623000,129.37,133.75,129.37,132.6,543200
PKX,1213709400,134.02,136,133.3,133.81,537400
PKX,1213795800,133.52,135.8,131.74,134.54,797300
PKX,1213882200,133.5,136.45,133.5,135.8,652200
PKX,1213968600,133.86,134.13,129.5,129.73,704500
PKX,1214227800,129.74,130.25,126.9,128.08,533700
PKX,1214314200,127.4,127.77,125.15,126.05,664800
PKX,1214400600,128.59,132.47,127.43,130.16,561000
PKX,1214487000,126.87,129.77,124,124.88,733800
PKX,1214573400,124.01,128.26,123.83,126,654600
PKX,1214832600,130.22,132.64,129.08,129.78,844200
PKX,1214919000,126.53,127.23,121.12,124.63,1.2039e+06
PKX,1215005400,124.7,125.59,117.05,117.6,1.4646e+06
PKX,1215091800,116.15,118.07,115.33,116.23,564400
PKX,1215437400,118.28,121.28,115.8,117.94,653900
PKX,1215523800,118.47,120.16,116.43,119.89,772900
PKX,1215610200,121.45,125.75,121.45,121.8,984100
PKX,1215696600,124.57,125.48,122.14,124.49,747000
PKX,1215783000,127.48,128,123.55,125.65,708000
PKX,1216042200,128.86,129.55,126.56,127.42,451600
PKX,1216128600,125.98,125.98,122,123.85,775600
PKX,1216215000,125.19,129.63,122.55,129.38,1.0795e+06
PKX,1216301400,126.99,127.61,119.72,121.88,1.3287e+06
PKX,1216387800,121.61,122.21,119.05,120.4,740300
PKX,1216647000,122.05,125.4,121.62,123.72,808300
PKX,1216733400,124.01,124.47,120.7,123.2,752500
PKX,1216819800,126.6,128.97,125.96,126.81,1.3754e+06
PKX,1216906200,129.3,129.8,125.36,125.72,1.1586e+06
PKX,1216992600,123.51,126.67,123.51,126.31,645700
PKX,1217251800,126.26,127.67,124.37,124.49,396200
PKX,1217338200,126.74,129,125.75,129,637200
PKX,1217424600,129.27,134.16,129.27,133.73,672600
PKX,1217511000,130.95,133.8,130.13,132.65,678700
PKX,1217597400,130.22,131.6,126.67,127.75,433400
