RRC,1060003800,4.2,4.2333,4.0667,4.2,227400
RRC,1060090200,4.1933,4.2133,4.1,4.12,84000
RRC,1060176600,4.12,4.2133,4.12,4.1667,228900
RRC,1060263000,4.1733,4.34,4.1733,4.3067,303400
RRC,1060349400,4.3333,4.3333,4.2267,4.2467,78900
RRC,1060608600,4.2133,4.38,4.2133,4.38,1.0858e+06
RRC,1060695000,4.38,4.5333,4.38,4.5333,293400
RRC,1060781400,4.5333,4.5333,4.44,4.4667,159400
RRC,1060867800,4.4667,4.5667,4.4467,4.5333,140500
RRC,1060954200,4.5333,4.5933,4.48,4.48,104700
RRC,1061213400,4.48,4.58,4.48,4.52,117000
RRC,1061299800,4.5,4.6067,4.4867,4.5733,142200
RRC,1061386200,4.5467,4.6,4.5267,4.5267,64500
RRC,1061472600,4.5267,4.6,4.5,4.56,75400
RRC,1061559000,4.5333,4.56,4.4333,4.4667,128200
RRC,1061818200,4.4533,4.4733,4.3133,4.3133,337600
RRC,1061904600,4.28,4.3667,4.2333,4.3667,228100
RRC,1061991000,4.4,4.4933,4.4,4.44,153300
RRC,1062077400,4.4,4.5333,4.4,4.5,174000
RRC,1062163800,4.4667,4.52,4.4333,4.4667,75700
RRC,1062509400,4.4867,4.6,4.4333,4.5933,100900
RRC,1062595800,4.6,4.6067,4.4733,4.52,146500
RRC,1062682200,4.5333,4.54,4.42,4.46,104100
RRC,1062768600,4.4467,4.5,4.3933,4.4133,87400
RRC,1063027800,4.42,4.56,4.42,4.56,150300
RRC,1063114200,4.5667,4.6467,4.4933,4.6333,252700
RRC,1063200600,4.6,4.6,4.48,4.5533,123300
RRC,1063287000,4.5533,4.5867,4.5,4.5,115900
RRC,1063373400,4.5467,4.7,4.4133,4.62,776100
RRC,1063632600,4.6533,4.6667,4.6,4.6,272100
RRC,1063719000,4.6333,4.6533,4.6,4.62,97300
RRC,1063805400,4.62,4.6333,4.5667,4.6,113200
RRC,1063891800,4.6267,4.64,4.5733,4.62,148500
RRC,1063978200,4.6,4.6533,4.6,4.6467,100500
RRC,1064237400,4.6667,4.6667,4.5333,4.6667,341400
RRC,1064323800,4.6667,4.72,4.62,4.72,356100
RRC,1064410200,4.7533,4.9,4.7267,4.7667,666900
RRC,1064496600,4.72,4.8333,4.5667,4.62,258900
RRC,1064583000,4.62,4.62,4.5333,4.54,283300
RRC,1064842200,4.6,4.6133,4.5,4.5333,251500
RRC,1064928600,4.5333,4.6667,4.4733,4.56,226800
RRC,1065015000,4.6,4.7133,4.5333,4.6667,202300
RRC,1065101400,4.6867,4.74,4.6067,4.7267,250200
RRC,1065187800,4.7333,4.8267,4.7333,4.8133,337500
RRC,1065447000,4.7867,4.98,4.7733,4.9667,302700
RRC,1065533400,4.9667,5.2067,4.9333,5.2067,441400
RRC,1065619800,5.2333,5.3533,5.2,5.24,898500
RRC,1065706200,5.24,5.3,5.1333,5.22,187300
RRC,1065792600,5.1867,5.2333,5.0867,5.2333,128500
RRC,1066051800,5.1667,5.2533,5.1,5.18,122400
RRC,1066138200,5.1533,5.2,5.0933,5.1933,162300
RRC,1066224600,5.2133,5.2133,5.0667,5.0733,155500
RRC,1066311000,5.06,5.1733,5.0333,5.1,191700
RRC,1066397400,5.1467,5.1933,5.08,5.0867,187300
RRC,1066656600,5.0667,5.2333,5.0667,5.18,163600
RRC,1066743000,5.1867,5.34,5.1867,5.3133,393100
RRC,1066829400,5.3,5.3,5.14,5.1667,257800
RRC,1066915800,5.16,5.2,5,5.1533,153100
RRC,1067002200,5.1333,5.2,5.1,5.1733,100900
RRC,1067265000,5.18,5.3133,5.1333,5.2933,158400
RRC,1067351400,5.3333,5.3333,5.1667,5.2,197700
RRC,1067437800,5.1933,5.3133,5.1733,5.3133,176200
RRC,1067524200,5.32,5.32,4.7333,5,2.6139e+06
RRC,1067610600,5.0333,5.1667,4.9667,5.1,479400
RRC,1067869800,5.1333,5.2,5.0867,5.1267,233700
RRC,1067956200,5.12,5.1333,5.0467,5.0533,178200
RRC,1068042600,5.06,5.1,4.9333,5.02,310600
RRC,1068129000,5.0333,5.1467,5.0267,5.1267,347500
RRC,1068215400,5.1667,5.2,5.0667,5.12,280300
RRC,1068474600,5.1333,5.1867,5.0667,5.08,484000
RRC,1068561000,5.0867,5.1067,5.02,5.0467,174600
RRC,1068647400,5,5.1667,5,5.1667,363900
RRC,1068733800,5.2067,5.3533,5.1667,5.3,431700
RRC,1068820200,5.3333,5.4133,5.2933,5.3133,447400
RRC,1069079400,5.3,5.3,5.2067,5.2667,248200
RRC,1069165800,5.2667,5.3067,5.1933,5.2667,187200
RRC,1069252200,5.2333,5.3267,5.1533,5.2,458800
RRC,1069338600,5.18,5.2133,5.12,5.2067,587200
RRC,1069425000,5.24,5.2867,5.2267,5.2733,79900
RRC,1069684200,5.32,5.4,5.2667,5.3,277200
RRC,1069770600,5.3067,5.3067,5.22,5.24,607900
RRC,1069857000,5.24,5.3,5.2333,5.2667,467700
RRC,1070029800,5.2667,5.34,5.26,5.2667,209100
RRC,1070289000,5.3,5.46,5.3,5.46,328500
RRC,1070375400,5.46,5.5667,5.4333,5.5333,332100
RRC,1070461800,5.5333,5.5667,5.4067,5.4067,190900
RRC,1070548200,5.44,5.6667,5.3733,5.6333,355000
RRC,1070634600,5.6333,5.74,5.5333,5.64,313000
RRC,1070893800,5.5733,5.9067,5.5667,5.8733,262800
RRC,1070980200,5.8667,5.9133,5.8133,5.8733,552100
RRC,1071066600,5.8067,5.86,5.7667,5.8,235600
RRC,1071153000,5.7667,5.8333,5.72,5.78,315000
RRC,1071239400,5.7467,5.8933,5.7467,5.8933,317200
RRC,1071498600,5.9,5.92,5.7867,5.9067,321400
RRC,1071585000,5.9067,6.32,5.8333,6.28,1.1158e+06
RRC,1071671400,6.2,6.3867,6.1333,6.3667,428200
RRC,1071757800,6.3,6.5733,6.2467,6.5,415300
RRC,1071844200,6.4333,6.44,6.2533,6.4,447400
RRC,1072103400,6.3333,6.4733,6.3067,6.42,207400
RRC,1072189800,6.42,6.4533,6.3067,6.4,231000
RRC,1072276200,6.4,6.4267,6.3267,6.4,72900
RRC,1072449000,6.4333,6.48,6.3667,6.4467,66300
RRC,1072708200,6.4133,6.4667,6.28,6.3467,510100
RRC,1072794600,6.3867,6.5333,6.3467,6.52,420600
RRC,1072881000,6.4533,6.5067,6.26,6.3,212400
RRC,1073053800,6.3267,6.4,6.2533,6.3267,196500
RRC,1073313000,6.5933,7.12,6.5267,6.8667,1.2276e+06
RRC,1073399400,6.9,6.9133,6.6,6.6467,498900
RRC,1073485800,6.64,6.72,6.6133,6.66,193500
RRC,1073572200,6.7,6.7533,6.6467,6.7,278700
RRC,1073658600,6.7,6.8667,6.6667,6.7333,265600
RRC,1073917800,6.8,7.0867,6.7467,7.0867,305200
RRC,1074004200,7.08,7.1,6.76,6.9467,186000
RRC,1074090600,7,7.0867,6.8867,6.9867,166000
RRC,1074177000,6.9867,6.9867,6.62,6.6267,336900
RRC,1074263400,6.6667,6.76,6.62,6.74,554800
RRC,1074609000,6.8,7.1067,6.7667,7.0667,1.476e+06
RRC,1074695400,7.1667,7.3067,7.1333,7.24,631500
RRC,1074781800,7.2533,7.4,7.1067,7.2,410200
RRC,1074868200,7.2667,7.52,7.2333,7.52,482100
RRC,1075127400,7.5,7.5,7.2733,7.4067,242800
RRC,1075213800,7.44,7.46,7.2733,7.3,190300
RRC,1075300200,7.2333,7.3133,6.8333,7.0133,384700
RRC,1075386600,6.9467,7.0667,6.7533,6.88,376800
RRC,1075473000,6.8533,6.9333,6.7267,6.8667,241200
RRC,1075732200,6.8,6.8667,6.64,6.8067,212400
RRC,1075818600,6.8333,6.9667,6.7,6.7267,227400
RRC,1075905000,6.7067,6.72,6.5333,6.54,274000
RRC,1075991400,6.5467,6.64,6.4,6.52,160900
RRC,1076077800,6.5067,6.7,6.5067,6.6667,153100
RRC,1076337000,6.7,6.8667,6.7,6.7667,163000
RRC,1076423400,6.8,7,6.7867,6.9867,204100
RRC,1076509800,7,7.1333,6.98,7.1267,120000
RRC,1076596200,7.0933,7.1333,6.9,6.9067,108100
RRC,1076682600,6.9333,7.12,6.9067,7.0333,244200
RRC,1077028200,7.0667,7.2467,7.0067,7.16,308100
RRC,1077114600,7.2267,7.3733,7.1333,7.2267,478200
RRC,1077201000,7.2667,7.2733,7.14,7.18,266700
RRC,1077287400,7.16,7.2867,7.02,7.2,396700
RRC,1077546600,7.2,7.2133,7.0667,7.12,441700
RRC,1077633000,7.0533,7.1067,6.98,7.0667,293800
RRC,1077719400,7.1,7.2,7.0667,7.1667,461400
RRC,1077805800,7.1867,7.4,7.14,7.4,729900
RRC,1077892200,7.3333,7.4,7.26,7.4,462700
RRC,1078151400,7.4,7.68,7.3933,7.68,643600
RRC,1078237800,7.68,7.7067,7.5,7.6667,465700
RRC,1078324200,7.3333,7.6667,7.12,7.5733,861900
RRC,1078410600,7.5933,7.5933,7.3933,7.5667,261000
RRC,1078497000,7.5667,7.6933,7.4867,7.6933,339300
RRC,1078756200,7.7133,7.7133,7.64,7.68,386100
RRC,1078842600,7.6667,7.88,7.66,7.84,986700
RRC,1078929000,7.8333,7.9067,7.5933,7.7,1.1293e+06
RRC,1079015400,7.6333,7.7667,7.54,7.7333,615900
RRC,1079101800,7.7333,7.78,7.6133,7.78,708600
RRC,1079361000,7.8067,7.8867,7.7067,7.8667,737400
RRC,1079447400,7.8533,7.86,7.7667,7.8,445800
RRC,1079533800,7.7667,7.92,7.7667,7.86,287400
RRC,1079620200,7.8333,8.08,7.7867,7.9933,494700
RRC,1079706600,7.9933,8.0467,7.92,7.9667,454300
RRC,1079965800,7.9333,7.94,7.7533,7.84,267600
RRC,1080052200,7.84,7.88,7.7733,7.84,311200
RRC,1080138600,7.8733,7.88,7.8133,7.84,418000
RRC,1080225000,7.8333,7.88,7.78,7.8533,884200
RRC,1080311400,7.8533,7.8667,7.82,7.84,215500
RRC,1080570600,7.8533,7.8667,7.8267,7.8667,306100
RRC,1080657000,7.8667,8.0867,7.8467,8.0867,321900
RRC,1080743400,8.0867,8.1,7.9933,8.0867,199500
RRC,1080829800,8.0867,8.0867,7.9667,8.0333,1.2049e+06
RRC,1080916200,8.0667,8.2667,8.0533,8.26,561700
RRC,1081171800,8.26,8.26,8.0933,8.1467,368200
RRC,1081258200,8.1,8.2333,8.1,8.1867,427200
RRC,1081344600,8.1333,8.3267,8.1333,8.3267,656800
RRC,1081431000,8.3267,8.34,8.18,8.22,334800
RRC,1081776600,8.1867,8.4067,8.1867,8.4067,849000
RRC,1081863000,8.4267,8.46,8.32,8.3267,996100
RRC,1081949400,8.2667,8.3667,8.12,8.2333,459900
RRC,1082035800,8.2333,8.5933,8.2333,8.4333,1.1266e+06
RRC,1082122200,8.44,8.52,8.36,8.48,862500
RRC,1082381400,8.4667,8.6267,8.4333,8.5867,544900
RRC,1082467800,8.5933,8.7467,8.4,8.5,807600
RRC,1082554200,8.4667,8.56,8.3333,8.5,670000
RRC,1082640600,8.4667,8.64,8.46,8.5933,823300
RRC,1082727000,8.5933,8.6733,8.5,8.5667,471000
RRC,1082986200,8.5667,8.7,8.5533,8.6333,255000
RRC,1083072600,8.7133,8.7867,8.6533,8.7667,609600
RRC,1083159000,8.7733,8.7733,8.5667,8.6,314700
RRC,1083245400,8.5867,8.6667,8.2133,8.3267,458100
RRC,1083331800,8.3667,8.5,8.2,8.34,389200
RRC,1083591000,8.34,8.7467,8.34,8.7067,425400
RRC,1083677400,8.7333,8.8067,8.6133,8.7,361800
RRC,1083763800,8.6333,8.6333,8.1667,8.2933,576600
RRC,1083850200,8.1,8.32,7.9067,8.26,634000
RRC,1083936600,8.2,8.2333,7.94,8,423400
RRC,1084195800,7.9333,7.9333,7.2667,7.38,655000
RRC,1084282200,7.4067,7.64,7.3733,7.5933,521500
RRC,1084368600,7.4,7.6467,7.1933,7.64,585600
RRC,1084455000,7.6067,7.64,7.3333,7.4067,399400
RRC,1084541400,7.4067,7.6867,7.4067,7.5467,624400
RRC,1084800600,7.48,7.5733,7.4267,7.4667,284500
RRC,1084887000,7.5333,7.5733,7.4667,7.5333,459100
RRC,1084973400,7.6,7.6333,7.5267,7.6,373600
RRC,1085059800,7.6,7.6867,7.5667,7.5667,337000
RRC,1085146200,7.6,7.62,7.4,7.5933,729000
RRC,1085405400,7.5933,7.8867,7.5933,7.8733,962500
RRC,1085491800,7.8667,8,7.86,8,365500
RRC,1085578200,7.9667,8.06,7.9533,8.0133,415000
RRC,1085664600,8.04,8.0733,7.9133,7.9133,321600
RRC,1085751000,7.8667,8.0133,7.8,7.9133,172300
RRC,1086096600,7.98,8.1267,7.98,8.1133,489100
RRC,1086183000,8.1267,8.2667,8.1267,8.1867,438300
RRC,1086269400,8.3333,8.4333,8.1533,8.1533,549000
RRC,1086355800,8.2067,8.2267,8.0333,8.0533,283500
RRC,1086615000,8.1,8.1,7.7533,8.0533,1.0795e+06
RRC,1086701400,8.06,8.28,8.06,8.2333,709300
RRC,1086787800,8.2,8.2533,8,8.1667,607800
RRC,1086874200,8.4,8.8933,8.4,8.7333,5.9368e+06
RRC,1087219800,8.7667,8.7867,8.5333,8.6667,952600
RRC,1087306200,8.7067,8.8467,8.7067,8.8333,895600
RRC,1087392600,8.7867,8.8867,8.7867,8.8133,1.21e+06
RRC,1087479000,8.88,9.34,8.8333,9.28,1.0752e+06
RRC,1087565400,9.4333,9.4333,9.1333,9.3,998100
RRC,1087824600,9.3333,9.4067,9.16,9.3133,873600
RRC,1087911000,9.3133,9.3933,9.2,9.3667,581100
RRC,1087997400,9.34,9.5133,9.3,9.4933,565000
RRC,1088083800,9.6,9.6,9.44,9.5,435700
RRC,1088170200,9.5,9.72,9.48,9.72,1.2088e+06
RRC,1088429400,9.7133,9.7133,9.3533,9.3733,552900
RRC,1088515800,9.3733,9.54,9.3333,9.4467,315900
RRC,1088602200,9.4133,9.7533,9.3933,9.7333,516700
RRC,1088688600,10.5333,10.6667,9.92,10.26,1.5259e+06
RRC,1088775000,10.26,10.3,10.0067,10.0733,731100
RRC,1089120600,10.0733,10.3,10.06,10.2,721000
RRC,1089207000,10.1667,10.2733,10.1333,10.2333,605500
RRC,1089293400,10.3333,10.3733,9.9867,10,846300
RRC,1089379800,9.9933,10.1667,9.9667,10.0667,932100
RRC,1089639000,10.3333,10.3533,10.2067,10.2667,607200
RRC,1089725400,10.4,10.48,10.22,10.3667,699000
RRC,1089811800,10.3733,10.6,10.3667,10.6,1.2342e+06
RRC,1089898200,10.6333,10.66,10.4667,10.6267,648300
RRC,1089984600,10.6267,10.88,10.6,10.7867,1.6297e+06
RRC,1090243800,10.8667,10.9267,10.7267,10.8267,897600
RRC,1090330200,10.8267,10.9067,10.6333,10.8533,1.3648e+06
RRC,1090416600,10.8533,11,10.5533,10.5667,823000
RRC,1090503000,10.52,10.5333,10.3,10.3667,535800
RRC,1090589400,10.3733,10.3733,10.1267,10.22,479700
RRC,1090848600,10.2133,10.28,9.86,9.9067,759900
RRC,1090935000,10,10.54,10,10.52,792700
RRC,1091021400,10.52,10.5733,10.2533,10.42,886300
RRC,1091107800,10.5,11.24,10.5,11.24,1.5214e+06
RRC,1091194200,11.24,11.2467,11.0467,11.1667,1.3918e+06
RRC,1091453400,11.2,11.2667,10.9333,11.1867,1.2571e+06
RRC,1091539800,11.16,11.1667,10.9133,11.0133,624000
RRC,1091626200,11,11.0067,10.8667,10.9,912300
RRC,1091712600,10.8667,10.8733,10.3467,10.4467,975100
RRC,1091799000,10.3733,10.3733,9.7667,9.9,750100
RRC,1092058200,9.9133,10.3333,9.9,10.1667,542800
RRC,1092144600,10.2333,10.2933,10.1333,10.2867,469200
RRC,1092231000,10.2867,10.2867,9.9467,10.12,424000
RRC,1092317400,10.0533,10.1133,9.5733,9.5933,576000
RRC,1092403800,9.6133,9.9,9.5667,9.7333,748800
RRC,1092663000,9.7333,9.9333,9.42,9.6133,477300
RRC,1092749400,9.4133,9.5133,9.0267,9.3667,725100
RRC,1092835800,9.3667,10,9.3667,9.96,718800
RRC,1092922200,9.8333,9.9933,9.7733,9.9067,436200
RRC,1093008600,9.98,10.3133,9.98,10.14,788700
RRC,1093267800,10.1333,10.14,9.7733,9.9533,700600
RRC,1093354200,9.9,10.0333,9.82,9.9067,445200
RRC,1093440600,9.8533,9.9533,9.82,9.8933,345100
RRC,1093527000,9.9067,9.9333,9.6067,9.7667,253900
RRC,1093613400,9.7467,9.86,9.6667,9.8333,338800
RRC,1093872600,9.7867,9.82,9.52,9.6267,265300
RRC,1093959000,9.6667,10,9.6667,10,418800
RRC,1094045400,10,10.4067,9.9867,10.4067,633100
RRC,1094131800,10.36,10.6867,10.36,10.6667,582400
RRC,1094218200,10.6267,10.72,10.5933,10.62,361300
RRC,1094563800,10.6533,10.72,10.6133,10.72,532800
RRC,1094650200,10.6867,10.7467,10.5,10.5667,576000
RRC,1094736600,10.5667,10.72,10.5667,10.7,431100
RRC,1094823000,10.7,10.82,10.6,10.68,516600
RRC,1095082200,10.6867,10.7867,10.6533,10.7867,325000
RRC,1095168600,10.72,10.7867,10.5267,10.6467,320500
RRC,1095255000,10.5667,10.66,10.4333,10.48,293700
RRC,1095341400,10.5333,10.66,10.4667,10.5333,327400
RRC,1095427800,10.6067,10.6067,10.4333,10.4667,421600
RRC,1095687000,10.4667,10.8133,10.4667,10.76,537300
RRC,1095773400,10.7667,10.9867,10.68,10.9667,516100
RRC,1095859800,10.96,11.1133,10.7733,10.9467,450900
RRC,1095946200,10.9467,11.1933,10.8933,11.16,602800
RRC,1096032600,11.1333,11.4867,11.1267,11.4667,1.0812e+06
RRC,1096291800,11.4,11.7533,11.2667,11.5,802000
RRC,1096378200,11.5,11.7333,11.4867,11.72,779400
RRC,1096464600,11.6667,11.7933,11.5667,11.5933,837000
RRC,1096551000,11.6,11.7267,11.5,11.66,690600
RRC,1096637400,11.66,11.7667,11.5733,11.76,481900
RRC,1096896600,11.8133,11.9333,11.6333,11.8333,576600
RRC,1096983000,11.8333,12.1667,11.8333,11.9333,666000
RRC,1097069400,11.9933,12.22,11.9333,11.98,1.3609e+06
RRC,1097155800,12,12.1,11.5467,11.6,830100
RRC,1097242200,11.5333,11.7533,11.4333,11.6,403800
RRC,1097501400,11.5733,11.6467,11.3333,11.4333,287500
RRC,1097587800,11.4333,11.54,11.36,11.3667,326800
RRC,1097674200,11.4,11.42,10.2933,10.8733,2.2519e+06
RRC,1097760600,10.8333,11.1733,10.7667,11.0733,715500
RRC,1097847000,11.08,11.0933,10.8667,10.9467,417600
RRC,1098106200,10.96,11.14,10.7933,10.9533,935400
RRC,1098192600,10.9,10.9067,10.6,10.82,1.3378e+06
RRC,1098279000,10.7867,11.2267,10.7667,10.8667,1.4664e+06
RRC,1098365400,10.8933,10.9,10.7867,10.86,646200
RRC,1098451800,10.8333,11.08,10.82,10.86,523300
RRC,1098711000,10.9,10.9733,10.7733,10.8,570600
RRC,1098797400,10.8533,10.9,10.6,10.8933,499900
RRC,1098883800,10.82,11.02,10.4733,10.74,522100
RRC,1098970200,10.34,10.5733,9.9733,10.3,1.6803e+06
RRC,1099056600,10.2667,10.54,10.26,10.4667,954700
RRC,1099319400,10.5667,10.7333,10.4733,10.6267,491700
RRC,1099405800,10.62,10.8133,10.58,10.6333,655300
RRC,1099492200,10.7,11.02,10.7,10.9333,667900
RRC,1099578600,10.9067,11.4133,10.9,11.3667,983500
RRC,1099665000,11.5333,11.5667,11.2867,11.36,481300
RRC,1099924200,11.32,11.36,11.1333,11.1467,518700
RRC,1100010600,11.12,11.1333,10.9533,11,691600
RRC,1100097000,10.9533,11.42,10.9333,11.1867,954700
RRC,1100183400,11.22,11.2533,10.9667,11.14,761100
RRC,1100269800,11.1733,11.5,11.0333,11.2667,1.4151e+06
RRC,1100529000,11.3,11.36,10.9667,11.12,1.0491e+06
RRC,1100615400,11.1333,11.3333,11.0333,11.0333,423600
RRC,1100701800,11.0667,11.32,11.0667,11.22,750000
RRC,1100788200,11.22,11.3333,11.12,11.2667,671700
RRC,1100874600,11.2733,11.48,11.0667,11.3333,1.4764e+06
RRC,1101133800,11.3,11.7333,11.2,11.7267,1.5111e+06
RRC,1101220200,11.9333,13.4333,11.8867,13.2733,3.8022e+06
RRC,1101306600,13.4333,13.7667,12.8467,13.4867,2.6842e+06
RRC,1101479400,13.4867,13.7667,13.4867,13.68,725100
RRC,1101738600,13.7667,13.8067,13.4,13.6133,961300
RRC,1101825000,13.4667,13.84,13.4267,13.8267,1.4391e+06
RRC,1101911400,13.8267,13.9333,13.02,13.3933,1.7409e+06
RRC,1101997800,13.3933,13.4,12.4533,12.6333,1.255e+06
RRC,1102084200,12.7,13.0333,12.6933,12.9867,759900
RRC,1102343400,12.9733,12.98,12.6333,12.7867,934200
RRC,1102429800,12.7733,12.78,12.0667,12.1467,902800
RRC,1102516200,12.2,12.64,11.9867,12.4933,1.1322e+06
RRC,1102602600,12.7,13.48,12.7,13.2867,5.6085e+06
RRC,1102689000,13.2867,13.32,12.84,12.9733,1.0767e+06
RRC,1102948200,13.0333,13.4667,13.0333,13.4267,855300
RRC,1103034600,13.4667,13.5667,13.12,13.4867,746400
RRC,1103121000,13.4933,14.34,13.4933,13.98,1.6716e+06
RRC,1103207400,14.1,14.2,13.8667,14.0667,1.759e+06
RRC,1103293800,14.0333,14.3733,14.0333,14.34,1.2721e+06
RRC,1103553000,14.34,14.4333,14.14,14.24,1.3045e+06
RRC,1103639400,14.2667,14.32,13.94,14.18,956100
RRC,1103725800,14.1867,14.3533,13.5,13.8667,913900
RRC,1103812200,13.8333,14.0867,13.6867,13.8467,516100
RRC,1104157800,13.8333,13.8333,13.2467,13.3733,748600
RRC,1104244200,13.32,13.7933,13.32,13.64,636400
RRC,1104330600,13.6333,13.6733,13.4333,13.64,479100
RRC,1104417000,13.6467,13.6467,13.4,13.4733,386700
RRC,1104503400,13.4,13.7667,13.3667,13.64,820200
RRC,1104762600,13.6333,13.6467,12.62,12.7333,2.7945e+06
RRC,1104849000,12.7333,13.1133,12.7067,12.82,1.5541e+06
RRC,1104935400,12.7333,12.9,12.4667,12.6,1.2589e+06
RRC,1105021800,12.6667,13.1,12.6133,12.8,1.695e+06
RRC,1105108200,12.9333,12.9333,12.34,12.5667,1.7694e+06
RRC,1105367400,12.62,13.2133,12.62,13,1.5027e+06
RRC,1105453800,13.0333,13.1,12.7133,12.8733,1.0095e+06
RRC,1105540200,12.88,13.4,12.82,13.3533,1.4397e+06
RRC,1105626600,13.3933,13.7067,13.2667,13.6333,1.0963e+06
RRC,1105713000,13.6667,14,13.6,13.8133,1.4004e+06
RRC,1106058600,13.8867,14.2333,13.8867,14.2,1.303e+06
RRC,1106145000,14.2667,14.74,14.2667,14.4267,1.8274e+06
RRC,1106231400,14.4267,14.4267,13.78,14.08,935100
RRC,1106317800,14.1133,14.24,13.9333,13.9867,729700
RRC,1106577000,14.1,14.2333,13.88,13.94,577300
RRC,1106663400,13.94,14.1333,13.6733,13.9933,706600
RRC,1106749800,14.0133,14.4267,13.98,14.4067,780300
RRC,1106836200,14.44,14.9,14.3533,14.6667,1.1404e+06
RRC,1106922600,14.6733,14.7,14.3067,14.4467,861000
RRC,1107181800,14.3533,14.8867,14.3533,14.7933,723600
RRC,1107268200,14.8333,14.98,14.6733,14.9133,853000
RRC,1107354600,14.9133,15.0267,14.8467,14.9533,1.0357e+06
RRC,1107441000,14.9533,15.1533,14.5333,15.14,574000
RRC,1107527400,15.16,15.16,14.84,14.9867,482700
RRC,1107786600,14.9333,15.1467,14.7333,14.9333,453100
RRC,1107873000,14.9333,15.4467,14.84,15.4067,1.1532e+06
RRC,1107959400,15.4067,15.6067,15.1733,15.44,679600
RRC,1108045800,15.5,15.7267,15.4867,15.6333,1.1253e+06
RRC,1108132200,15.7,16.0667,15.4133,15.92,672400
RRC,1108391400,15.9667,15.9733,15.78,15.8133,638400
RRC,1108477800,15.82,15.82,15.4,15.52,595800
RRC,1108564200,15.52,16.3667,15.52,16.16,868500
RRC,1108650600,16.1333,16.3667,15.7333,15.8933,777000
RRC,1108737000,16.4,16.5,15.9867,15.9933,1.086e+06
RRC,1109082600,16.14,16.5467,16.0467,16.24,1.1262e+06
RRC,1109169000,16.0733,16.62,16.0733,16.1733,1.1883e+06
RRC,1109255400,16.24,16.62,16.1067,16.5133,623500
RRC,1109341800,16.5467,17.2267,16.5067,17.0133,816700
RRC,1109601000,17.52,17.5867,16.3667,16.8267,989700
RRC,1109687400,16.8267,17.06,15.74,16,1.5385e+06
RRC,1109773800,16.2667,16.5667,15.7333,16.3133,1.8903e+06
RRC,1109860200,16.3133,16.8667,16.24,16.4733,1.4152e+06
RRC,1109946600,16.5667,16.68,16.0667,16.6333,975000
RRC,1110205800,16.6333,16.64,16.0933,16.4333,639300
RRC,1110292200,16.3333,16.6333,16.1,16.1133,1.06e+06
RRC,1110378600,16.1133,16.4333,15.7667,15.8,757600
RRC,1110465000,15.4,15.54,14.8867,15.3133,1.311e+06
RRC,1110551400,15.2667,15.9333,15.2667,15.7467,920100
RRC,1110810600,15.7467,15.9267,15.5,15.86,755500
RRC,1110897000,15.8333,16.2,15.6667,15.7067,760300
RRC,1110983400,15.5,16.0933,15.42,15.8467,805900
RRC,1111069800,15.8533,16.3333,15.8533,16.28,842400
RRC,1111156200,17.1667,17.2467,16.6667,16.8667,1.6371e+06
RRC,1111415400,16.8133,16.9333,16.2667,16.6467,1.0678e+06
RRC,1111501800,16.6533,16.7933,16.46,16.5333,600400
RRC,1111588200,16.5,16.6667,15.4333,15.72,1.4811e+06
RRC,1111674600,15.72,16.3733,15.72,15.94,628800
RRC,1112020200,15.94,16.0333,15.5533,15.7933,523500
RRC,1112106600,15.7333,15.8267,15.14,15.2333,1.1245e+06
RRC,1112193000,15.2333,15.2667,14.3333,15.2333,2.187e+06
RRC,1112279400,15.4,15.8,15.3933,15.5733,1.623e+06
RRC,1112365800,15.8667,16.4333,15.8533,16.1733,1.4698e+06
RRC,1112621400,16.4067,16.6733,16.1467,16.34,1.356e+06
RRC,1112707800,16.34,16.5267,16.16,16.4533,1.3116e+06
RRC,1112794200,16.5667,17.1867,16.5333,17.14,2.2807e+06
RRC,1112880600,17.2,17.5,17.1,17.3333,2.6511e+06
RRC,1112967000,17.34,17.5267,16.8267,17.0067,1.9389e+06
RRC,1113226200,16.94,16.9533,16.3333,16.6733,1.1251e+06
RRC,1113312600,16.5333,16.9133,16.0933,16.2933,1.0233e+06
RRC,1113399000,16.3,16.3267,15.54,15.6267,875800
RRC,1113485400,15.9667,16.3067,15.76,15.8267,1.5429e+06
RRC,1113571800,15.8267,16.0667,15,15.1667,1.3341e+06
RRC,1113831000,15.06,15.5667,14.8,15.5333,815400
RRC,1113917400,15.6867,16.1667,15.6867,16.0667,693400
RRC,1114003800,16.0533,16.4667,15.6733,15.68,810600
RRC,1114090200,15.78,16.32,15.78,16.2667,688200
RRC,1114176600,16.2467,16.5067,16.0067,16.3067,830500
RRC,1114435800,16.44,16.5733,16.1667,16.3533,662500
RRC,1114522200,16.3533,16.4267,15.9333,16.16,818200
RRC,1114608600,16.0067,16.0867,15.5,15.6333,706600
RRC,1114695000,15.4667,15.6667,14.4333,15.3933,2.437e+06
RRC,1114781400,15.4267,15.5467,14.7,15.1,1.7313e+06
RRC,1115040600,15.0467,15.3733,14.72,15.2867,826000
RRC,1115127000,15.2867,15.2867,14.74,14.8133,1.3231e+06
RRC,1115213400,14.8333,15.1867,14.8133,15.0533,1.0756e+06
RRC,1115299800,15.12,15.6133,15.08,15.4733,1.1395e+06
RRC,1115386200,15.5667,15.6533,15.32,15.3667,529200
RRC,1115645400,15.3733,15.62,15.3067,15.5467,379600
RRC,1115731800,15.5133,15.5133,15.18,15.1933,591600
RRC,1115818200,15.2,15.4467,15.1333,15.3867,602500
RRC,1115904600,15.3867,15.5533,13.5,14.4733,2.0707e+06
RRC,1115991000,14.2,14.46,13.9133,14,1.1344e+06
RRC,1116250200,13.9333,13.9667,13.52,13.7133,1.4184e+06
RRC,1116336600,13.7133,14.52,13.6467,14.4733,1.138e+06
RRC,1116423000,14.6333,14.6533,14.24,14.4933,685800
RRC,1116509400,14.4933,14.72,14.3667,14.72,369100
RRC,1116595800,14.72,14.72,14.36,14.4267,324300
RRC,1116855000,14.36,14.8667,14.3333,14.7867,723100
RRC,1116941400,14.7867,15.3067,14.54,15.3,975100
RRC,1117027800,15.2667,15.3267,14.76,15.1,658500
RRC,1117114200,15.1,15.1333,14.88,15.1267,770800
RRC,1117200600,15.1467,15.36,15.0333,15.2333,832500
RRC,1117546200,15.2667,15.4067,14.96,15.4,486600
RRC,1117632600,15.5667,16.46,15.5667,16.36,1.6816e+06
RRC,1117719000,16.36,16.5533,16.2133,16.4,978900
RRC,1117805400,16.4467,16.86,16.42,16.6733,1.006e+06
RRC,1118064600,16.6267,16.8867,16.4,16.5333,1.3878e+06
RRC,1118151000,16.6133,16.7667,16.2067,16.34,819100
RRC,1118237400,16.2667,16.7533,16.2333,16.5133,1.0924e+06
RRC,1118323800,16.8267,17.1667,16.5133,16.6267,6.5685e+06
RRC,1118410200,16.6067,17.1933,16.6,17,2.8177e+06
RRC,1118669400,17.02,17.2,16.8667,17.1,1.4568e+06
RRC,1118755800,17.16,17.2,17,17.16,1.378e+06
RRC,1118842200,17.1933,17.4533,17.1467,17.44,3.015e+06
RRC,1118928600,17.4733,17.6133,17.3467,17.4933,1.1424e+06
RRC,1119015000,17.6467,17.9467,17.4667,17.7333,1.1058e+06
RRC,1119274200,17.7333,17.8733,17.4933,17.6667,986200
RRC,1119360600,17.6667,17.76,17.2467,17.2667,815100
RRC,1119447000,17.3333,17.6733,17.22,17.6733,1.5129e+06
RRC,1119533400,17.74,17.9867,17.4867,17.4933,864700
RRC,1119619800,17.5267,18,17.2,17.9533,4.7409e+06
RRC,1119879000,18,18.5667,17.9667,18.52,1.9935e+06
RRC,1119965400,18.5867,18.62,18.1333,18.3067,1.3893e+06
RRC,1120051800,18.2667,18.3,17.8667,18.1067,1.0597e+06
RRC,1120138200,18.1067,18.38,17.8667,17.9333,1.645e+06
RRC,1120224600,18.0667,19.0133,18.0067,19.0133,2.0748e+06
RRC,1120570200,19.1333,19.5467,19.1,19.38,1.2414e+06
RRC,1120656600,19.7,19.7867,18.9267,19.2133,950100
RRC,1120743000,19.0333,19.4933,18.9667,19.4933,1.0759e+06
RRC,1120829400,19.6667,19.8733,19.2933,19.6133,1.1191e+06
RRC,1121088600,19.52,19.8333,19.2667,19.8333,858700
RRC,1121175000,19.9667,20.32,19.86,20.22,2.0313e+06
RRC,1121261400,20.38,20.4933,20.1667,20.3333,1.6317e+06
RRC,1121347800,21.2533,21.2533,20,20.4733,4.2316e+06
RRC,1121434200,20.5667,20.6667,19.96,20.12,1.2726e+06
RRC,1121693400,19.8667,19.9467,19.4933,19.6267,736500
RRC,1121779800,19.6333,20.2133,19.4067,20.1933,972600
RRC,1121866200,20.2667,20.5467,19.7933,20.2267,798400
RRC,1121952600,20.2133,20.2467,19.7333,19.9067,881700
RRC,1122039000,20.0467,20.6467,20.0467,20.6,1.0303e+06
RRC,1122298200,20.6067,20.8533,20.2667,20.48,664600
RRC,1122384600,20.6467,20.66,20.2067,20.46,514300
RRC,1122471000,20.5333,20.5667,20.0933,20.5,742000
RRC,1122557400,20.7,20.7933,20.0667,20.4,814900
RRC,1122643800,20.4333,20.6333,20.28,20.36,682300
RRC,1122903000,20.5133,20.7667,20.4333,20.4333,946200
RRC,1122989400,20.44,20.84,20.2,20.8333,1.2147e+06
RRC,1123075800,20.9,21.1667,20.52,20.5733,850800
RRC,1123162200,20.5733,21.3333,20.5733,20.9867,840900
RRC,1123248600,21.04,21.1933,20.4133,20.6933,583000
RRC,1123507800,20.92,21.6667,20.92,21.2267,966400
RRC,1123594200,21.4667,21.62,20.78,21.04,1.5091e+06
RRC,1123680600,21.0667,22.3467,21.06,22.3333,1.5106e+06
RRC,1123767000,22.5333,22.9133,22.46,22.9133,1.8937e+06
RRC,1123853400,22.9133,23.0333,22.4333,22.8467,915000
RRC,1124112600,22.8467,22.8467,21.8867,22.1667,1.0885e+06
RRC,1124199000,22.0933,22.4333,21.4867,21.5533,1.0537e+06
RRC,1124285400,21.4667,22.0267,20.4467,20.5933,1.1359e+06
RRC,1124371800,20.0667,20.66,20,20.4533,1.0186e+06
RRC,1124458200,20.6667,21.5,20.6667,21.0333,779800
RRC,1124717400,21.3333,21.5467,20.96,21.22,565900
RRC,1124803800,21.24,21.58,20.9333,21.3067,558000
RRC,1124890200,21.4733,21.9733,21.4467,21.8933,1.0129e+06
RRC,1124976600,21.8067,22,21.6667,21.9133,371800
RRC,1125063000,21.9133,22,21.2333,21.3667,582600
RRC,1125322200,22,22.2333,21.4,21.9333,1.2174e+06
RRC,1125408600,22.0667,23.2067,22.0533,22.8067,1.5892e+06
RRC,1125495000,22.82,23.7933,22.58,23.22,1.8309e+06
RRC,1125581400,23.5067,24,23.4533,23.9867,1.0368e+06
RRC,1125667800,23.8,23.8267,22.9267,23.24,769600
RRC,1126013400,23.2533,23.62,22.7333,23.0733,902400
RRC,1126099800,23.1333,23.54,22.9333,23.3,719800
RRC,1126186200,23.4667,23.66,23.1,23.3267,919300
RRC,1126272600,23.4667,23.9467,23.4,23.8933,1.2357e+06
RRC,1126531800,23.7267,23.7267,23.1067,23.32,1.1911e+06
RRC,1126618200,23.2667,23.3867,22.98,23.1,952300
RRC,1126704600,23.2667,23.4,22.88,23.12,1.555e+06
RRC,1126791000,23.3333,23.5,23.02,23.2333,1.1961e+06
RRC,1126877400,23.2667,23.5,22.82,23.0667,1.2073e+06
RRC,1127136600,23.4,24.6,23.4,24.4467,1.9414e+06
RRC,1127223000,24.2333,24.4467,23.7733,24.0933,849000
RRC,1127309400,24.8,25.1667,24.2733,24.28,1.2811e+06
RRC,1127395800,24.68,25.0667,23.4333,24.04,1.5297e+06
RRC,1127482200,23.9867,24.0333,23.1667,23.4533,1.6542e+06
RRC,1127741400,23.3333,24.9067,23.2933,24.7333,2.0094e+06
RRC,1127827800,24.5667,25.5667,24.2067,25.5133,1.7848e+06
RRC,1127914200,25.6133,26.1867,25.2933,26.08,2.053e+06
RRC,1128000600,26.3133,26.3333,25.6667,26.0067,2.4625e+06
RRC,1128087000,25.8467,26.04,25.4333,25.74,1.4134e+06
RRC,1128346200,25.74,26.6,25.74,26.58,2.0998e+06
RRC,1128432600,27,27.3333,26.6067,26.8533,4.2994e+06
RRC,1128519000,26.7333,27.06,24.68,24.8467,3.2032e+06
RRC,1128605400,24.1667,24.58,22.9733,23.3333,3.6403e+06
RRC,1128691800,23.5333,24.0133,23.0667,23.4467,2.4168e+06
RRC,1128951000,23.4467,23.4467,22.26,22.3867,2.5569e+06
RRC,1129037400,22.8333,23.9333,22.6,23.6133,2.2153e+06
RRC,1129123800,23.6,23.7067,22.8667,23.3333,1.4878e+06
RRC,1129210200,23.1667,23.1933,21.0133,22.1733,2.1463e+06
RRC,1129296600,21.8333,22.7933,21.5133,22.6667,2.4861e+06
RRC,1129555800,23.6667,23.8267,23.0333,23.4667,1.2846e+06
RRC,1129642200,23.1667,23.3,22.08,22.1,1.8205e+06
RRC,1129728600,22.0667,22.6067,21.28,22.6067,1.5333e+06
RRC,1129815000,22.3333,22.54,20.7133,21.0667,1.9554e+06
RRC,1129901400,20.9,22.14,20.8067,21.52,1.2654e+06
RRC,1130160600,21.52,22.66,21.1733,22.6333,1.1668e+06
RRC,1130247000,22.72,23.4467,22.66,23.2867,2.1954e+06
RRC,1130333400,23.2933,24.2067,22.68,23.32,1.5739e+06
RRC,1130419800,24,24.0267,22.68,22.8,2.0412e+06
RRC,1130506200,22.84,23.3,22.02,22.9867,2.2467e+06
RRC,1130769000,23.1533,24,23.0667,23.7933,1.6552e+06
RRC,1130855400,23.8667,23.98,23.1667,23.74,1.0926e+06
RRC,1130941800,23.76,24.3867,23.5,24.2,1.8502e+06
RRC,1131028200,24.42,25.0733,24.2333,24.7933,1.17e+06
RRC,1131114600,24.8667,24.8933,23.4,23.6733,1.7112e+06
RRC,1131373800,23.6733,23.6733,22.92,23.3333,1.2778e+06
RRC,1131460200,23.3,24.0667,23.0933,23.5,1.252e+06
RRC,1131546600,23.5,24.5133,23.16,23.6533,1.3398e+06
RRC,1131633000,23.2667,23.3,21.8667,22.1533,2.2072e+06
RRC,1131719400,22.06,22.9,22.06,22.54,1.6168e+06
RRC,1131978600,23.2067,23.4333,22.6,22.9933,977700
RRC,1132065000,23,23.6667,22.7667,23.0733,1.8075e+06
RRC,1132151400,23.12,24.52,23.0733,24.2467,1.6309e+06
RRC,1132237800,24.5,24.68,23.8333,24.1067,1.7671e+06
RRC,1132324200,24.1733,24.2867,23.58,24.2667,898800
RRC,1132583400,24.4733,25,24.3667,24.8933,1.2294e+06
RRC,1132669800,25.04,25.8533,25,25.5133,1.6453e+06
RRC,1132756200,25.5133,25.6867,25.1333,25.3667,1.5516e+06
RRC,1132929000,25.4,25.8267,25.2867,25.62,368200
RRC,1133188200,25.6,25.6067,23.7533,23.98,1.8424e+06
RRC,1133274600,24.6667,24.7,24.0933,24.46,1.2199e+06
RRC,1133361000,24.4667,25.1333,24.4667,24.8267,1.0615e+06
RRC,1133447400,25.1,25.82,25.0067,25.6267,1.167e+06
RRC,1133533800,25.6267,25.8467,25.3467,25.3467,1.7343e+06
RRC,1133793000,25.7,26.45,25.7,26.1,1.3894e+06
RRC,1133879400,26,26.94,25.61,26.4,1.4186e+06
RRC,1133965800,26.88,27.15,26.15,26.3,992700
RRC,1134052200,26.55,27.33,26.35,27.33,1.0214e+06
RRC,1134138600,27.08,27.14,26.56,26.73,1.2415e+06
RRC,1134397800,27.35,27.58,26.35,26.82,1.3647e+06
RRC,1134484200,27.23,28.37,27.17,27.7,1.9756e+06
RRC,1134570600,27.68,28.04,27.2,28.01,1.0057e+06
RRC,1134657000,28.02,28.24,27.45,28.01,1.3648e+06
RRC,1134743400,28.14,28.19,27.16,27.31,1.0899e+06
RRC,1135002600,27.32,27.78,27.05,27.37,1.1977e+06
RRC,1135089000,27.49,27.8,27.38,27.49,706300
RRC,1135175400,27.52,27.76,27.25,27.6,703500
RRC,1135261800,27.3,27.55,26.93,27.2,525400
RRC,1135348200,27.1,27.11,26.26,26.76,957000
RRC,1135693800,26.6,26.61,25.2,25.91,1.2341e+06
RRC,1135780200,26.05,26.8,25.85,26.44,1.21e+06
RRC,1135866600,26.45,26.45,25.88,25.92,756700
RRC,1135953000,25.54,26.5,25.52,26.34,749600
RRC,1136298600,26.34,27.6,26.34,27.56,1.6981e+06
RRC,1136385000,27.6,28.71,27.6,28.51,1.7646e+06
RRC,1136471400,28.55,28.66,27.26,27.45,1.6272e+06
RRC,1136557800,27.85,28.2,27.55,27.7,1.1876e+06
RRC,1136817000,27.64,27.81,27.18,27.63,1.1582e+06
RRC,1136903400,27.63,28.45,27.53,28.33,1.1235e+06
RRC,1136989800,28.43,28.96,28.03,28.75,1.3019e+06
RRC,1137076200,28.85,29.71,28.64,28.76,1.7064e+06
RRC,1137162600,28.8,28.98,28.18,28.71,714200
RRC,1137508200,29,29.6,28.96,29.37,732500
RRC,1137594600,29.55,29.7,28.28,28.62,761100
RRC,1137681000,28.42,29.98,28.41,29.78,1.32e+06
RRC,1137767400,30.13,30.52,29.37,29.5,1.0573e+06
RRC,1138026600,29.5,29.85,28.94,29.03,1.205e+06
RRC,1138113000,29.04,29.4,28.72,28.9,1.4584e+06
RRC,1138199400,29.55,29.66,28.21,28.25,1.3321e+06
RRC,1138285800,28.22,28.25,27.09,27.74,2.0581e+06
RRC,1138372200,28.41,29.05,28.25,28.37,1.7165e+06
RRC,1138631400,28.51,29.5,28.51,29.27,1.0141e+06
RRC,1138717800,29.33,29.94,29.28,29.87,848000
RRC,1138804200,29.87,30.06,29.02,29.18,1.3039e+06
RRC,1138890600,29.18,29.53,28.01,28.26,979400
RRC,1138977000,28.26,28.6,27.6,27.9,1.1045e+06
RRC,1139236200,28.37,28.61,28.08,28.19,903200
RRC,1139322600,27.6,27.6,25.92,26.12,1.8899e+06
RRC,1139409000,25.95,26.11,24.8,26.01,2.1857e+06
RRC,1139495400,26.05,26.35,24.32,24.54,2.1829e+06
RRC,1139581800,24.61,24.71,23.58,24.03,2.1447e+06
RRC,1139841000,23.4,24.16,23.21,23.31,1.0984e+06
RRC,1139927400,22.75,24.4,22.69,24.27,2.3463e+06
RRC,1140013800,24.5,25.2,24.12,24.25,2.4922e+06
RRC,1140100200,24.6,25.49,24.6,24.98,1.3501e+06
RRC,1140186600,25.18,25.98,24.91,25.1,1.0315e+06
RRC,1140532200,26.15,26.19,25.76,25.95,1.2029e+06
RRC,1140618600,25.95,25.95,24.8,24.88,1.2209e+06
RRC,1140705000,24.45,25.08,24.06,24.53,1.5763e+06
RRC,1140791400,25.09,25.46,24.82,24.83,1.1311e+06
RRC,1141050600,24.47,24.7,24.06,24.32,1.5214e+06
RRC,1141137000,24.08,24.44,23.59,23.93,2.2107e+06
RRC,1141223400,24,24.91,23.94,24.9,1.4769e+06
RRC,1141309800,25,25.45,24.79,25.18,1.4555e+06
RRC,1141396200,25.15,25.9,25.06,25.49,1.361e+06
RRC,1141655400,25.14,25.29,23.88,23.97,1.2792e+06
RRC,1141741800,23.88,23.97,22.8,23.1,1.3931e+06
RRC,1141828200,22.75,23.6,22.52,23.33,1.6657e+06
RRC,1141914600,23.5,23.74,22.96,23.19,1.4248e+06
RRC,1142001000,23.05,23.66,22.82,23.43,1.1719e+06
RRC,1142260200,23.85,24.38,23.7,24.31,1.0513e+06
RRC,1142346600,24.38,25.36,24.12,25.31,1.8738e+06
RRC,1142433000,25.31,25.55,25.12,25.37,1.6011e+06
RRC,1142519400,25.36,26.22,25.27,26.1,1.3611e+06
RRC,1142605800,26.25,26.95,25.71,25.8,895400
RRC,1142865000,25.55,25.99,25.05,25.08,635500
RRC,1142951400,24.9,25.39,24.51,24.91,1.2169e+06
RRC,1143037800,24.87,25.7,24.73,25.55,898300
RRC,1143124200,25.95,26.42,25.79,26.18,1.1542e+06
RRC,1143210600,26.1,26.75,26.09,26.59,970600
RRC,1143469800,26.6,27.02,26.4,26.91,841900
RRC,1143556200,27.15,27.95,27.06,27.59,902900
RRC,1143642600,27.67,27.88,27.3,27.84,922100
RRC,1143729000,27.96,28.5,27.9,28.11,1.0472e+06
RRC,1143815400,27.81,27.85,26.92,27.31,1.0385e+06
RRC,1144071000,27.75,28.1,27.44,27.53,752700
RRC,1144157400,27.53,27.64,27.01,27.52,704400
RRC,1144243800,27.62,27.95,27.3,27.69,919300
RRC,1144330200,27.9,28.04,27.3,27.85,580300
RRC,1144416600,27.85,27.91,26.81,27.08,689900
RRC,1144675800,28.05,28.05,27.6,27.88,686000
RRC,1144762200,28,28,27.09,27.35,1.129e+06
RRC,1144848600,27.36,27.6,26.81,26.99,764400
RRC,1144935000,26.99,27.27,26.34,27.12,474100
RRC,1145280600,27.42,27.83,27.36,27.79,390800
RRC,1145367000,28,28.91,27.85,28.77,957100
RRC,1145453400,28.77,29.95,28.71,29.89,2.2364e+06
RRC,1145539800,29.75,29.99,28.7,29.44,1.7461e+06
RRC,1145626200,30,30.29,29.27,29.79,843600
RRC,1145885400,29.6,29.75,29.22,29.41,718200
RRC,1145971800,29.75,29.87,28.6,28.72,846700
RRC,1146058200,28.58,29.05,27.91,28.2,1.5894e+06
RRC,1146144600,27.53,28.2,26.8,27.22,1.3597e+06
RRC,1146231000,26.83,27.11,26.4,26.53,1.3514e+06
RRC,1146490200,26.78,27.54,26.78,27.39,1.3617e+06
RRC,1146576600,28.25,28.48,27.57,27.75,907300
RRC,1146663000,27.55,27.99,27.04,27.28,662200
RRC,1146749400,27.28,27.85,26.86,27.41,657500
RRC,1146835800,27.41,27.88,27.31,27.6,736000
RRC,1147095000,27.05,27.56,27.05,27.45,811800
RRC,1147181400,27.45,27.54,27.11,27.25,1.0129e+06
RRC,1147267800,27.25,27.44,26.87,27.3,1.9686e+06
RRC,1147354200,27.6,28.91,27.6,28.22,3.1263e+06
RRC,1147440600,28.22,28.22,27.11,27.25,2.0636e+06
RRC,1147699800,26,26.78,25.7,26.26,1.9559e+06
RRC,1147786200,26.6,26.67,25.9,26.04,1.088e+06
RRC,1147872600,26.01,26.4,25.42,25.79,1.8168e+06
RRC,1147959000,25.79,26.16,24.8,24.86,1.3056e+06
RRC,1148045400,24.86,25.5,24.05,25.18,1.1135e+06
RRC,1148304600,24.93,24.93,23.6,24.7,1.6176e+06
RRC,1148391000,25.31,25.73,24.82,24.87,987800
RRC,1148477400,24.97,25.02,23.85,24.33,1.0284e+06
RRC,1148563800,24.58,25.32,24.14,25.04,815400
RRC,1148650200,25.2,25.5,24.88,25.36,618400
RRC,1148995800,25.69,25.85,24.95,25.08,1.0474e+06
RRC,1149082200,25.09,26,24.95,25.9,3.4142e+06
RRC,1149168600,25.7,26.61,25.35,26.53,1.2678e+06
RRC,1149255000,26.84,26.85,26.04,26.57,1.1214e+06
RRC,1149514200,27.1,27.13,25.69,25.82,905600
RRC,1149600600,25.89,26.35,25,25.3,1.5428e+06
RRC,1149687000,25.1,25.13,23.88,24,1.7476e+06
RRC,1149773400,24,24.23,22.73,24.2,1.5025e+06
RRC,1149859800,24.29,24.33,23.09,23.61,1.5456e+06
RRC,1150119000,23.85,23.99,22.71,22.8,1.2853e+06
RRC,1150205400,22.38,22.93,21.74,21.99,1.5358e+06
RRC,1150291800,22.01,22.96,21.96,22.87,1.2534e+06
RRC,1150378200,23.1,24.35,23.1,24.22,1.2355e+06
RRC,1150464600,24.22,24.35,23.33,23.88,800400
RRC,1150723800,23.88,23.88,22.59,22.77,771700
RRC,1150810200,22.97,23.35,22.65,22.7,718700
RRC,1150896600,22.9,24.04,22.85,23.61,1.0667e+06
RRC,1150983000,23.61,23.81,23.13,23.55,574400
RRC,1151069400,25,25.58,25,25.2,2.5586e+06
RRC,1151328600,24.95,25.44,24.65,25.39,1.0185e+06
RRC,1151415000,25.55,25.69,25.27,25.5,1.1161e+06
RRC,1151501400,25.84,26.04,25.47,25.93,1.0198e+06
RRC,1151587800,26.2,26.62,26.02,26.55,1.0776e+06
RRC,1151674200,26.55,27.5,26.44,27.19,1.2209e+06
RRC,1151933400,27.4,28.22,27.06,27.8,583300
RRC,1152106200,27.8,27.8,26.65,26.9,1.5065e+06
RRC,1152192600,26.9,27.08,26.32,26.59,1.0016e+06
RRC,1152279000,26.61,27.03,26.13,26.34,726100
RRC,1152538200,26.59,26.59,25.66,25.9,1.0119e+06
RRC,1152624600,25.98,25.99,25.49,25.74,1.3777e+06
RRC,1152711000,25.74,26,25.44,25.45,1.0995e+06
RRC,1152797400,25.5,25.64,24.5,25.01,1.2174e+06
RRC,1152883800,25.2,25.37,24.43,25.17,638100
RRC,1153143000,25,25,23.86,24,983700
RRC,1153229400,24.4,24.46,23.69,24.26,1.2238e+06
RRC,1153315800,24.35,25.34,24.15,25.15,1.203e+06
RRC,1153402200,25.15,25.33,24.46,24.58,646500
RRC,1153488600,24.65,24.65,23.95,24.38,811000
RRC,1153747800,24.48,25.43,24.42,25.03,1.1689e+06
RRC,1153834200,25.25,26.01,25.1,25.92,1.0251e+06
RRC,1153920600,25.77,27.52,25.77,26.94,1.67e+06
RRC,1154007000,27.25,27.37,26.05,26.31,1.2267e+06
RRC,1154093400,26.06,26.98,26.06,26.75,827700
RRC,1154352600,28.4,28.62,27.86,28.11,1.8952e+06
RRC,1154439000,28.3,28.94,27.94,28.32,1.5931e+06
RRC,1154525400,29,30.37,28.39,29,3.0774e+06
RRC,1154611800,28.15,28.87,28.1,28.6,1.0304e+06
RRC,1154698200,28.95,29.03,28,28.21,950100
RRC,1154957400,28.51,28.8,27.96,28.5,1.0419e+06
RRC,1155043800,28.45,28.95,28.15,28.31,626300
RRC,1155130200,28.56,29,28.38,28.5,709900
RRC,1155216600,28.5,28.56,27.9,28.41,693700
RRC,1155303000,28.03,28.28,27.5,27.75,1.0996e+06
RRC,1155562200,27.71,27.71,26.61,26.76,783800
RRC,1155648600,26.83,27.07,26.58,26.89,573500
RRC,1155735000,27.43,27.66,26.79,27.01,707800
RRC,1155821400,26.76,27.17,26.54,26.7,980000
RRC,1155907800,26.8,27.02,26.58,26.94,714400
RRC,1156167000,26.85,27.18,26.81,27.12,517800
RRC,1156253400,27.1,27.26,26.87,27.07,715400
RRC,1156339800,27.05,27.43,26.61,26.7,865800
RRC,1156426200,26.88,27.77,26.61,27.77,846400
RRC,1156512600,28.04,28.73,28.04,28.31,1.0179e+06
RRC,1156771800,28.31,28.46,27.92,28.28,1.096e+06
RRC,1156858200,28.28,28.49,27.81,28.48,1.1782e+06
RRC,1156944600,28.48,28.48,27.69,28.01,794600
RRC,1157031000,28.05,28.32,27.8,27.98,501500
RRC,1157117400,28,28.74,27.98,28.65,786700
RRC,1157463000,28.65,28.99,28.38,28.88,713300
RRC,1157549400,28.66,28.68,27.69,27.69,989900
RRC,1157635800,27.54,27.83,27.17,27.55,571700
RRC,1157722200,27.45,27.61,26.45,26.45,883500
RRC,1157981400,26.02,26.15,25.09,25.16,1.6011e+06
RRC,1158067800,25.36,25.75,24.94,25.14,1.0498e+06
RRC,1158154200,25.12,25.74,25.08,25.45,1.2032e+06
RRC,1158240600,25.5,25.7,24.24,24.49,1.0635e+06
RRC,1158327000,24.46,25,24.34,24.68,845400
RRC,1158586200,24.9,25.46,24.86,25.37,854600
RRC,1158672600,25.55,25.85,25.1,25.4,1.3418e+06
RRC,1158759000,25.2,25.28,24.33,24.45,1.317e+06
RRC,1158845400,24.71,24.9,24.08,24.48,2.0664e+06
RRC,1158931800,24.73,24.73,23.83,24.05,1.154e+06
RRC,1159191000,24,24.01,23.38,23.91,1.2501e+06
RRC,1159277400,23.72,24.53,23.65,24.46,1.1244e+06
RRC,1159363800,24.8,25.76,24.7,25.25,2.5926e+06
RRC,1159450200,25.25,25.69,24.9,25.4,1.1429e+06
RRC,1159536600,25.4,25.6,24.77,25.24,936500
RRC,1159795800,25.3,25.4,24.57,24.62,635500
RRC,1159882200,24,24.61,23.27,23.35,1.5972e+06
RRC,1159968600,23.5,24.01,22.8,24,1.4294e+06
RRC,1160055000,25,25.1,24.1,24.59,651800
RRC,1160141400,24.49,24.7,23.98,24.41,738600
RRC,1160400600,24.7,25.17,24.42,24.55,875700
RRC,1160487000,24.34,25.43,24.34,25.37,854800
RRC,1160573400,24.93,25.13,24.48,24.67,805900
RRC,1160659800,24.67,25.25,24.66,24.97,816800
RRC,1160746200,25,25.81,25,25.59,967300
RRC,1161005400,25.75,26.9,25.65,26.77,941700
RRC,1161091800,26.69,26.78,26.19,26.48,1.262e+06
RRC,1161178200,26.5,27.02,26.16,26.19,1.1014e+06
RRC,1161264600,26.35,27.09,26.14,27.03,871200
RRC,1161351000,26.8,26.8,25.92,26.12,1.1096e+06
RRC,1161610200,25.9,26.39,25.55,25.75,836800
RRC,1161696600,25.6,26.71,25.5,26.71,917800
RRC,1161783000,26.61,27.8,26.31,27.64,1.4424e+06
RRC,1161869400,28.25,28.25,26.75,27.82,1.5844e+06
RRC,1161955800,27.77,28.06,27.27,27.32,1.0662e+06
RRC,1162218600,27.32,27.32,26.86,26.98,599400
RRC,1162305000,26.98,27.23,26.5,27.15,1.1558e+06
RRC,1162391400,27.16,27.22,26.39,26.45,829500
RRC,1162477800,26.2,26.54,25.8,26.3,1.0374e+06
RRC,1162564200,26.58,27.24,26.58,27,488100
RRC,1162823400,26.9,27.39,26.71,27.24,687900
RRC,1162909800,27.35,27.47,26.81,26.95,592200
RRC,1162996200,26.7,27.85,26.66,27.52,694000
RRC,1163082600,27.92,28.68,27.71,28.37,1.1915e+06
RRC,1163169000,28.15,28.25,27.42,27.62,745200
RRC,1163428200,27.36,27.73,27.12,27.5,579700
RRC,1163514600,27.15,27.5,27,27.44,545100
RRC,1163601000,27.44,28.75,27.4,28.49,1.1618e+06
RRC,1163687400,28.7,28.7,27.3,27.3,868700
RRC,1163773800,27.3,27.86,27.08,27.65,1.4104e+06
RRC,1164033000,27.3,27.47,26.9,27.34,1.2769e+06
RRC,1164119400,27.59,28.17,27.31,28.04,642700
RRC,1164205800,28.2,28.43,27.85,28,800700
RRC,1164378600,28,28.29,27.94,27.97,231100
RRC,1164637800,28.28,28.42,28.09,28.3,1.2458e+06
RRC,1164724200,28.35,29.13,28.35,29.01,1.4851e+06
RRC,1164810600,29.1,30.25,29.04,30.21,2.3555e+06
RRC,1164897000,30.3,31.28,30.16,31.09,2.1393e+06
RRC,1164983400,30.71,31.3,30.6,31.23,1.056e+06
RRC,1165242600,31.23,31.23,30.15,30.55,1.2343e+06
RRC,1165329000,30.8,31.14,30.43,31.14,1.3522e+06
RRC,1165415400,31.14,31.77,30.98,31.03,1.1676e+06
RRC,1165501800,31,31.06,30.39,30.8,1.2363e+06
RRC,1165588200,30.75,31,30.17,30.22,1.0691e+06
RRC,1165847400,30,30.22,29.73,30.05,923900
RRC,1165933800,30.01,30.49,29.59,29.9,564400
RRC,1166020200,29.97,30.36,29.84,30.24,952700
RRC,1166106600,30.42,30.72,30.16,30.5,1.1241e+06
RRC,1166193000,30.56,30.6,29.86,30.02,597400
RRC,1166452200,29.78,29.78,28.45,28.53,1.008e+06
RRC,1166538600,28.42,29.49,28.1,29.4,1.5462e+06
RRC,1166625000,29.05,29.21,28.22,28.35,1.2638e+06
RRC,1166711400,28.2,28.4,27.5,27.8,1.3239e+06
RRC,1166797800,27.92,27.95,27.46,27.64,750400
RRC,1167143400,27.27,27.81,27.04,27.14,673700
RRC,1167229800,27.3,27.77,27.02,27.77,947600
RRC,1167316200,27.9,28,27.6,27.87,765000
RRC,1167402600,27.8,27.85,27.29,27.46,503400
RRC,1167834600,26.7,26.71,25.55,25.83,2.743e+06
RRC,1167921000,25.8,26.03,25.29,25.69,2.2823e+06
RRC,1168007400,25.69,26.96,25.69,26.27,2.0747e+06
RRC,1168266600,26.6,26.95,26.13,26.32,1.1782e+06
RRC,1168353000,26.33,26.64,25.66,26.64,1.5583e+06
RRC,1168439400,26.4,26.5,25.83,26.31,1.454e+06
RRC,1168525800,26.26,27.43,26.07,26.45,2.059e+06
RRC,1168612200,26.5,27.48,26.5,27.27,1.0375e+06
RRC,1168957800,27.27,27.74,27.13,27.23,1.5254e+06
RRC,1169044200,27.23,28.13,27.16,27.76,1.1941e+06
RRC,1169130600,27.77,28.1,27.17,27.7,1.4824e+06
RRC,1169217000,28,28.96,27.97,28.75,1.714e+06
RRC,1169476200,29.32,29.48,28.28,28.7,1.4955e+06
RRC,1169562600,29,30.32,29,30.21,2.5085e+06
RRC,1169649000,30.25,30.88,29.84,30.83,2.1898e+06
RRC,1169735400,30.82,30.83,29.91,30.21,2.6019e+06
RRC,1169821800,30.41,30.98,30.22,30.83,1.3674e+06
RRC,1170081000,30.95,31.04,30.36,30.51,1.7761e+06
RRC,1170167400,30.58,30.97,30.58,30.74,1.6424e+06
RRC,1170253800,30.7,30.91,30.42,30.69,1.8787e+06
RRC,1170340200,30.84,31.22,30.37,31,1.5071e+06
RRC,1170426600,31.08,31.13,30.49,30.96,930100
RRC,1170685800,30.96,31.25,30.39,30.45,1.979e+06
RRC,1170772200,30.69,30.8,29.91,30.44,1.4315e+06
RRC,1170858600,30.51,30.67,29.67,29.92,1.4116e+06
RRC,1170945000,29.92,30.38,29.48,30.21,1.234e+06
RRC,1171031400,30.45,30.95,30.31,30.6,1.2363e+06
RRC,1171290600,30.13,30.38,29.58,29.86,1.1361e+06
RRC,1171377000,30,30.34,29.82,30.33,1.0467e+06
RRC,1171463400,30.45,30.98,30.15,30.55,751300
RRC,1171549800,30.37,30.5,30.07,30.37,1.0002e+06
RRC,1171636200,30.37,30.87,30.29,30.78,1.5859e+06
RRC,1171981800,30.6,30.93,30.27,30.83,930500
RRC,1172068200,30.63,31.68,30.63,31.42,1.4217e+06
RRC,1172154600,31.6,32.12,31.26,32.1,1.213e+06
RRC,1172241000,32.2,32.34,31.93,32.23,1.3126e+06
RRC,1172500200,32.5,33.17,32.25,32.75,1.3788e+06
RRC,1172586600,32.3,32.76,31.19,31.93,2.4819e+06
RRC,1172673000,31.94,32.17,31.32,31.93,1.9506e+06
RRC,1172759400,31.65,32.5,31.2,32.06,2.1569e+06
RRC,1172845800,32,32.11,31.3,31.31,1.4967e+06
RRC,1173105000,30.57,30.95,29.76,29.76,2.6428e+06
RRC,1173191400,30.25,30.6,29.88,30.25,2.1485e+06
RRC,1173277800,30.25,30.92,30.25,30.53,1.8545e+06
RRC,1173364200,30.81,30.89,30.17,30.44,1.405e+06
RRC,1173450600,30.74,30.77,30.2,30.36,1.7371e+06
RRC,1173706200,29.9,30.18,29.74,30.02,1.8082e+06
RRC,1173792600,29.82,30.59,29.5,29.56,1.7716e+06
RRC,1173879000,29.8,30.2,29.43,30.18,1.1292e+06
RRC,1173965400,30.28,30.33,29.98,30.02,947700
RRC,1174051800,30.3,30.63,30.12,30.28,1.6157e+06
RRC,1174311000,30.75,31.3,30.55,31.18,1.5821e+06
RRC,1174397400,31.29,31.76,31.11,31.76,1.3122e+06
RRC,1174483800,31.81,32.42,31.81,32.3,1.2667e+06
RRC,1174570200,32.5,33.03,32.47,32.87,1.0635e+06
RRC,1174656600,32.97,33.27,32.44,32.58,1.154e+06
RRC,1174915800,32.98,33.03,32.42,32.89,1.0637e+06
RRC,1175002200,32.79,32.88,32.36,32.85,1.4301e+06
RRC,1175088600,33,33.3,32.69,33.02,996100
RRC,1175175000,33.24,33.26,32.7,33.23,903600
RRC,1175261400,33.47,33.8,33.24,33.4,1.3577e+06
RRC,1175520600,33.45,34.16,33.4,34.01,1.2595e+06
RRC,1175607000,34.01,34.2,33.48,34.14,861100
RRC,1175693400,34,34.39,33.8,34.35,1.2241e+06
RRC,1175779800,34.45,34.57,34.19,34.51,804600
RRC,1176125400,34.51,35.09,34.51,34.92,1.4539e+06
RRC,1176211800,35,35.82,34.88,35.67,1.0152e+06
RRC,1176298200,35.67,36.07,35.49,35.69,1.0985e+06
RRC,1176384600,36.15,36.67,35.83,36.65,1.3747e+06
RRC,1176471000,36.65,36.65,36.1,36.33,1.1048e+06
RRC,1176730200,36.33,36.33,35.3,36.08,1.5664e+06
RRC,1176816600,36.19,36.4,36,36.28,1.7885e+06
RRC,1176903000,36.8,36.8,36.29,36.42,4.3891e+06
RRC,1176989400,36.42,36.47,36.12,36.29,2.1879e+06
RRC,1177075800,36.39,37.12,36.1,36.49,1.5587e+06
RRC,1177335000,36.59,37.47,36.35,37.4,1.3728e+06
RRC,1177421400,37.58,37.6,36.95,37.17,797600
RRC,1177507800,37.27,37.53,36.66,36.75,2.7473e+06
RRC,1177594200,36.75,37.68,36.67,37.42,2.6527e+06
RRC,1177680600,37.12,38.03,37.1,37.76,1.4633e+06
RRC,1177939800,37.7,37.78,36.54,36.55,1.639e+06
RRC,1178026200,36.56,37.38,36.3,36.62,1.7486e+06
RRC,1178112600,36.5,37.42,36.5,37.06,1.5016e+06
RRC,1178199000,36.96,37.6,36.88,37.54,1.3701e+06
RRC,1178285400,37.74,38.61,37.21,38.12,1.8086e+06
RRC,1178544600,38.12,38.46,37.7,38.27,1.4965e+06
RRC,1178631000,37.94,38.07,37.14,37.85,1.2929e+06
RRC,1178717400,36.96,37.73,36.83,37.33,1.2207e+06
RRC,1178803800,37.34,37.37,36.15,36.23,1.0637e+06
RRC,1178890200,36.16,37.24,36.16,37.14,675600
RRC,1179149400,37.21,37.6,37.07,37.35,775800
RRC,1179235800,37.28,37.45,36.45,36.53,1.2319e+06
RRC,1179322200,36.5,36.71,35.61,36.5,1.869e+06
RRC,1179408600,36.5,37.37,36.22,37.11,1.3189e+06
RRC,1179495000,37.35,38.37,37.32,38.07,1.8306e+06
RRC,1179754200,38.08,38.93,37.88,38.74,1.5867e+06
RRC,1179840600,38.74,38.9,38.17,38.23,875400
RRC,1179927000,38.3,38.88,37.89,38.02,1.8246e+06
RRC,1180013400,37.85,38.51,36.79,37,1.1067e+06
RRC,1180099800,38.04,38.1,37.57,37.77,1.5375e+06
RRC,1180445400,37.78,38.27,37.4,37.77,1.4797e+06
RRC,1180531800,37.76,38.96,37.52,38.94,1.6154e+06
RRC,1180618200,39,39.3,38.53,38.74,2.9089e+06
RRC,1180704600,39,39.62,38.99,38.99,1.2438e+06
RRC,1180963800,39,41.01,38.92,41.01,2.3255e+06
RRC,1181050200,41,41,40.1,40.5,1.33e+06
RRC,1181136600,40.49,40.5,39.05,39.21,1.3174e+06
RRC,1181223000,39.49,39.75,37.91,38.01,1.3462e+06
RRC,1181309400,38.01,38.33,37.63,37.99,1.6406e+06
RRC,1181568600,37.8,38.55,37.8,38.06,1.0444e+06
RRC,1181655000,38.16,38.92,37.85,38.3,1.4797e+06
RRC,1181741400,38.39,39.95,38.39,39.48,1.5988e+06
RRC,1181827800,39.61,41.12,39.61,41.05,1.745e+06
RRC,1181914200,41.3,41.58,41.08,41.28,1.0403e+06
RRC,1182173400,41.25,41.34,40.54,40.74,1.1312e+06
RRC,1182259800,40.45,40.62,39.9,40.3,1.1214e+06
RRC,1182346200,40.13,40.7,38.77,38.88,1.1892e+06
RRC,1182432600,39.2,39.7,38.89,39.3,1.5068e+06
RRC,1182519000,39.14,39.47,38.07,38.61,965100
RRC,1182778200,38.4,38.4,37.26,37.66,1.2635e+06
RRC,1182864600,37.65,37.7,36.23,36.38,1.2366e+06
RRC,1182951000,36.15,37.4,35.92,37.03,2.2331e+06
RRC,1183037400,37.25,37.78,36.46,36.82,1.6602e+06
RRC,1183123800,36,37.74,36,37.41,1.5979e+06
RRC,1183383000,37.8,37.83,36.96,37.53,1.2181e+06
RRC,1183469400,37.66,38.51,37.56,38.34,762700
RRC,1183642200,38.59,39.01,38.48,38.77,1.5623e+06
RRC,1183728600,39,39.5,38.26,38.48,917800
RRC,1183987800,38.6,39.04,38.23,38.71,1.1477e+06
RRC,1184074200,38.64,39.18,38.43,38.56,1.6437e+06
RRC,1184160600,38.3,38.55,37.84,38.47,760900
RRC,1184247000,38.65,38.84,37.83,38.09,1.9454e+06
RRC,1184333400,38.13,38.9,37.91,38.14,974200
RRC,1184592600,37.9,38.14,36.83,37.32,1.1422e+06
RRC,1184679000,38,40.27,37.76,38.88,2.5014e+06
RRC,1184765400,39.06,40.32,38.82,40.2,1.6671e+06
RRC,1184851800,40.34,40.68,39.48,40.46,1.1579e+06
RRC,1184938200,40.46,40.61,38.79,39.43,1.4196e+06
RRC,1185197400,39.2,39.39,38.16,38.4,1.8754e+06
RRC,1185283800,37.46,37.63,36.05,36.39,2.3085e+06
RRC,1185370200,36.61,36.83,35.47,36.52,1.6883e+06
RRC,1185456600,36.52,37.43,35.55,36.51,2.3937e+06
RRC,1185543000,37,37.18,35.51,36.21,3.1455e+06
RRC,1185802200,36.25,37.82,36.25,37.6,2.6239e+06
RRC,1185888600,38.1,38.79,36.96,37.14,2.2186e+06
RRC,1185975000,37.06,38.22,35.84,37.13,2.2367e+06
RRC,1186061400,37.45,37.84,36.33,36.97,1.5859e+06
RRC,1186147800,37.09,37.34,35.5,35.7,1.967e+06
RRC,1186407000,35.47,36,33.65,35.97,2.3042e+06
RRC,1186493400,35.62,38.61,35.45,38.12,2.4051e+06
RRC,1186579800,38.44,40.7,38.13,38.8,2.5674e+06
RRC,1186666200,37.9,40.98,34.93,39.53,2.4211e+06
RRC,1186752600,38.54,39.33,37.38,38.88,2.0572e+06
RRC,1187011800,39.19,39.35,37.67,38.03,1.6349e+06
RRC,1187098200,37.57,38.33,36.68,36.86,1.6065e+06
RRC,1187184600,37.15,37.82,35.65,35.88,1.3407e+06
RRC,1187271000,35.36,35.92,33.28,35.23,2.6271e+06
RRC,1187357400,36.88,36.88,35.14,35.7,1.7821e+06
RRC,1187616600,34.82,36.13,34,35.54,1.7622e+06
RRC,1187703000,35.34,35.5,34.58,35.29,1.3249e+06
RRC,1187789400,35.57,36.02,34.83,35.4,1.4197e+06
RRC,1187875800,35.84,35.93,34.78,35.29,984100
RRC,1187962200,35.68,36.56,34.46,36.56,973400
RRC,1188221400,36.42,36.48,35.51,36.12,1.2107e+06
RRC,1188307800,35.6,36.1,34.78,34.92,1.1484e+06
RRC,1188394200,35.42,36.12,35.19,35.99,1.1595e+06
RRC,1188480600,35.41,36.41,35.41,35.95,953700
RRC,1188567000,36.56,37.27,36.21,36.31,1.3343e+06
RRC,1188912600,36.4,38.05,36.27,37.88,791700
RRC,1188999000,37.78,39.09,37.78,39.01,1.573e+06
RRC,1189085400,39.01,39.74,39.01,39.29,2.4898e+06
RRC,1189171800,38.29,38.99,37.64,38.5,1.1969e+06
RRC,1189431000,38.41,38.5,37.02,38.15,999700
RRC,1189517400,38.51,39.67,38,39.2,1.0225e+06
RRC,1189603800,39,40.49,39,40.32,1.4223e+06
RRC,1189690200,40.12,40.75,39.75,39.8,985600
RRC,1189776600,39.78,40.68,39.61,40.12,838800
RRC,1190035800,40.12,40.51,39.92,40.25,868900
RRC,1190122200,40.19,40.95,39.46,40.82,1.0402e+06
RRC,1190208600,41,41.42,40.3,40.93,1.2459e+06
RRC,1190295000,40.7,41.26,40.32,41.04,1.0245e+06
RRC,1190381400,41.05,41.84,41.03,41.67,914600
RRC,1190640600,41.67,41.87,40.67,40.87,757000
RRC,1190727000,40.38,40.56,39.88,40.13,1.184e+06
RRC,1190813400,39.8,40.69,39.79,40.4,741000
RRC,1190899800,40.62,40.94,40.42,40.75,507900
RRC,1190986200,40.92,41.46,40.53,40.66,930400
RRC,1191245400,40.89,42,40.8,41.5,1.1439e+06
RRC,1191331800,41.37,42.69,41.14,42.53,1.3244e+06
RRC,1191418200,42.54,42.65,41.69,42.2,786200
RRC,1191504600,42.5,43.07,41.76,42.93,836300
RRC,1191591000,43.29,44.42,43.01,44.13,1.2888e+06
RRC,1191850200,43.59,44.09,42.93,43.28,859000
RRC,1191936600,43.56,44.14,43.32,43.9,1.6056e+06
RRC,1192023000,43.79,44.71,43.53,44.28,1.9854e+06
RRC,1192109400,44.86,45.36,43.94,44.5,1.3116e+06
RRC,1192195800,44.5,44.58,43.71,44.15,1.1205e+06
RRC,1192455000,44.84,45.18,43.91,44.12,1.0779e+06
RRC,1192541400,44.13,44.37,43.47,43.56,1.0087e+06
RRC,1192627800,44.3,44.3,42.73,43.45,1.3343e+06
RRC,1192714200,43.7,46.1,43.56,45.47,2.1216e+06
RRC,1192800600,45.6,46.08,43.6,43.89,1.2971e+06
RRC,1193059800,43.25,43.33,42.13,43.25,939200
RRC,1193146200,43.25,43.75,42.64,43.14,1.0252e+06
RRC,1193232600,42.21,43.95,41.26,43.79,1.871e+06
RRC,1193319000,42.43,44.72,41.7,44.27,1.3661e+06
RRC,1193405400,45.05,46,44.69,45.17,1.7997e+06
RRC,1193664600,45.25,45.74,44.34,44.6,1.1738e+06
RRC,1193751000,44.54,44.63,42.91,43.06,1.6833e+06
RRC,1193837400,43.34,44.94,42.86,44.93,1.8917e+06
RRC,1193923800,44.22,45.06,43.93,44.17,1.1698e+06
RRC,1194010200,44.83,44.92,43.25,43.9,1.3905e+06
RRC,1194273000,43.05,43.72,42.87,43.6,1.2126e+06
RRC,1194359400,43.66,44.41,43.62,44.15,961600
RRC,1194445800,43.7,44.17,42.23,42.48,1.3521e+06
RRC,1194532200,42.97,43.15,41.22,41.97,1.3993e+06
RRC,1194618600,41.9,41.9,40.74,41.14,1.0404e+06
RRC,1194877800,40.3,40.89,38.72,38.98,1.9481e+06
RRC,1194964200,38.98,40.04,38.37,39.93,2.2078e+06
RRC,1195050600,40.52,41.05,39.97,40.07,942000
RRC,1195137000,39.68,40.41,38.76,39.17,1.2465e+06
RRC,1195223400,39.97,40.42,38.81,39.65,2.25e+06
RRC,1195482600,39.79,40.05,39.22,40,2.08e+06
RRC,1195569000,40.38,40.38,39.22,39.55,2.2399e+06
RRC,1195655400,39.02,39.5,38.3,38.31,1.4163e+06
RRC,1195828200,38.93,39.02,38.42,38.75,683900
RRC,1196087400,39,39.51,38.18,38.31,1.7138e+06
RRC,1196173800,38,38.16,37.17,37.9,1.3102e+06
RRC,1196260200,37.9,39.05,37.61,38.95,1.4396e+06
RRC,1196346600,39.79,40.69,39.64,40.41,1.8574e+06
RRC,1196433000,40.44,41.21,40.08,40.68,1.3737e+06
RRC,1196692200,40.11,40.8,39.96,40.19,1.2075e+06
RRC,1196778600,39.95,40.35,39.68,40.1,928400
RRC,1196865000,40.5,41.33,40.25,41.21,1.098e+06
RRC,1196951400,41.17,42.76,40.87,42.69,940000
RRC,1197037800,42.71,43.36,42.68,43.23,1.1889e+06
RRC,1197297000,43.99,45.83,43.99,45.83,2.3682e+06
RRC,1197383400,45.5,47.5,45.05,45.27,3.3695e+06
RRC,1197469800,45.77,47.97,45.77,47.14,2.0312e+06
RRC,1197556200,46.46,46.99,45.78,46.76,1.8305e+06
RRC,1197642600,46.26,47.13,45.23,45.71,1.7875e+06
RRC,1197901800,46.36,46.39,44.6,44.75,1.6257e+06
RRC,1197988200,47.2,47.5,46.35,47.19,5.0467e+06
RRC,1198074600,47.48,49.29,46.8,48.7,3.8647e+06
RRC,1198161000,49.39,50.4,48.85,49.9,2.12225e+07
RRC,1198247400,50.33,50.7,49.54,50.47,3.0627e+06
RRC,1198506600,50.89,51.68,50,51.27,710300
RRC,1198679400,51.53,51.88,51.03,51.5,1.2301e+06
RRC,1198765800,51.6,51.81,51.11,51.18,1.4176e+06
RRC,1198852200,51.07,51.73,50.77,51.63,942300
RRC,1199111400,51.56,51.8,50.93,51.36,1.0772e+06
RRC,1199284200,51.43,53.12,50.89,52.71,1.8927e+06
RRC,1199370600,52.95,54.22,52.72,52.96,1.855e+06
RRC,1199457000,52.51,52.96,51.12,51.29,2.1453e+06
RRC,1199716200,51.2,51.79,50.38,51.61,2.0566e+06
RRC,1199802600,51.97,52,49.88,50,2.4979e+06
RRC,1199889000,50.05,50.57,49.4,50.18,2.5086e+06
RRC,1199975400,49.71,50.7,49,50.32,2.1688e+06
RRC,1200061800,50.25,53.03,50.25,52.89,2.8107e+06
RRC,1200321000,53.76,56.22,53.32,56.11,2.7705e+06
RRC,1200407400,55.53,55.64,51.79,52.17,3.2668e+06
RRC,1200493800,51.83,51.83,48.7,50.29,2.79e+06
RRC,1200580200,50.54,51.52,47.48,47.65,2.3381e+06
RRC,1200666600,47.88,49.56,46.9,48.59,2.1503e+06
RRC,1201012200,47,47.5,45.27,46.92,2.7576e+06
RRC,1201098600,45.96,46.52,43.02,46.26,3.5157e+06
RRC,1201185000,46.99,49.05,46.74,48.6,2.9406e+06
RRC,1201271400,49.64,50.34,47.59,47.95,1.6226e+06
RRC,1201530600,47.74,48.99,46.75,48.99,1.6046e+06
RRC,1201617000,49.47,49.76,48.16,48.61,1.5839e+06
RRC,1201703400,49.71,54.65,49.22,52.1,4.7609e+06
RRC,1201789800,51.02,53.5,50.36,52.22,2.8774e+06
RRC,1201876200,52.48,53.5,52.04,53.07,1.948e+06
RRC,1202135400,53.07,55.31,52.5,54.63,1.6158e+06
RRC,1202221800,54.2,54.7,52.93,52.93,1.9274e+06
RRC,1202308200,53.38,54.35,53,53.49,2.6676e+06
RRC,1202394600,53.29,55.84,52.89,55.62,3.8759e+06
RRC,1202481000,55.96,57.29,55.67,56.87,3.1474e+06
RRC,1202740200,57.31,59.68,56.68,59.61,3.0951e+06
RRC,1202826600,59.87,60.85,57.81,58.6,1.982e+06
RRC,1202913000,59.2,60.77,58.51,59.56,2.8372e+06
RRC,1202999400,60.15,60.4,59.1,59.22,1.6095e+06
RRC,1203085800,58.87,59.08,56.18,57.6,2.1169e+06
RRC,1203431400,58.82,61.28,58.82,60.54,2.7831e+06
RRC,1203517800,61.32,64.5,61.01,64.11,3.9044e+06
RRC,1203604200,64.95,64.95,60.97,61.45,3.1094e+06
RRC,1203690600,61.75,62.78,60.55,62.72,1.8831e+06
RRC,1203949800,63.34,65.17,63,64.71,3.2543e+06
RRC,1204036200,64.53,65.53,63,65.16,2.4069e+06
RRC,1204122600,62.41,64.71,61.03,61.87,4.4338e+06
RRC,1204209000,61.73,64.3,61.55,64,3.0207e+06
RRC,1204295400,63.99,63.99,60.62,61.18,2.3833e+06
RRC,1204554600,61.78,63.87,61.59,62.81,2.6239e+06
RRC,1204641000,62.34,62.86,59.04,60.14,3.1923e+06
RRC,1204727400,60.89,61.2,59.58,61.15,2.7441e+06
RRC,1204813800,61.6,62.01,59.95,59.98,1.7396e+06
RRC,1204900200,59.06,59.75,57.23,58.55,2.1592e+06
RRC,1205155800,58.19,58.55,56.58,57.23,1.6955e+06
RRC,1205242200,58.4,61.4,58.4,61.29,2.2647e+06
RRC,1205328600,61.76,62.25,59.9,60.29,1.3067e+06
RRC,1205415000,59.99,63.77,59.11,63.31,2.5022e+06
RRC,1205501400,63.74,63.75,60.73,62.53,2.0231e+06
RRC,1205760600,60.92,61.65,58.06,59.8,1.952e+06
RRC,1205847000,61.77,62.63,60.92,62.59,2.0859e+06
RRC,1205933400,62.77,63.01,58.64,58.64,1.9214e+06
RRC,1206019800,58.27,59.32,55.56,59.17,2.678e+06
RRC,1206365400,59.03,62.87,59.03,61.27,1.4231e+06
RRC,1206451800,61.9,62.69,61.23,62.25,2.0557e+06
RRC,1206538200,62.96,64.89,61.7,64.31,2.4568e+06
RRC,1206624600,64.49,64.89,62.21,62.43,1.8384e+06
RRC,1206711000,62.79,63.21,61.3,62.58,1.329e+06
RRC,1206970200,62.98,63.65,61.81,63.45,1.885e+06
RRC,1207056600,64.01,64.31,61.68,64.31,1.4888e+06
RRC,1207143000,64.5,66.45,63.53,65.49,2.2084e+06
RRC,1207229400,65.83,66.65,64.77,65.75,1.9342e+06
RRC,1207315800,66.51,67.84,66.05,66.99,2.0441e+06
RRC,1207575000,68.71,69.81,67,67.5,2.4249e+06
RRC,1207661400,67.68,69.5,67.1,68.7,1.5091e+06
RRC,1207747800,67.84,68,65.78,66.3,3.5152e+06
RRC,1207834200,66.79,67.44,65.63,67.32,1.9069e+06
RRC,1207920600,66.6,67.43,65.65,66.27,1.5163e+06
RRC,1208179800,66.12,67.78,66.12,66.85,1.7445e+06
RRC,1208266200,67.58,69.41,67.51,69.07,2.3625e+06
RRC,1208352600,69.75,70.33,68.52,70.33,1.9452e+06
RRC,1208439000,70.03,70.48,68.24,69.36,1.8154e+06
RRC,1208525400,68.97,71.7,68.97,71.6,1.5569e+06
RRC,1208784600,71.96,72.89,70.69,72.33,1.5531e+06
RRC,1208871000,72.64,73.7,71.17,72,1.706e+06
RRC,1208957400,72.43,72.43,69.24,70.55,1.7049e+06
RRC,1209043800,69.03,71,65.66,66.24,3.5874e+06
RRC,1209130200,66.7,69.43,66.7,69.39,2.5833e+06
RRC,1209389400,70,71.87,68.41,68.42,2.5538e+06
RRC,1209475800,67.59,67.74,64.5,65.44,2.448e+06
RRC,1209562200,65.44,66.56,64.34,66.38,2.74e+06
RRC,1209648600,67,67.25,63.26,65.95,6.745e+06
RRC,1209735000,66.05,68.05,65.72,67.59,2.8098e+06
RRC,1209994200,68.5,70.19,67.7,69.6,2.1552e+06
RRC,1210080600,69.6,72.05,69.51,71.08,2.5102e+06
RRC,1210167000,71.45,71.45,69.11,69.5,1.6785e+06
RRC,1210253400,69.9,71.22,69.08,70.73,1.4688e+06
RRC,1210339800,71.26,71.26,68.51,69.67,1.4339e+06
RRC,1210599000,70.03,70.16,68.27,69.53,1.6278e+06
RRC,1210685400,69.43,70.92,68.54,70.84,1.9045e+06
RRC,1210771800,70.71,71.45,68.32,68.32,1.9542e+06
RRC,1210858200,68.68,69.38,66.2,68.43,2.8053e+06
RRC,1210944600,69.3,71.07,69.09,69.6,2.9637e+06
RRC,1211203800,69.9,73.34,69.72,72.07,2.8516e+06
RRC,1211290200,72.17,75.97,71.27,75,3.1026e+06
RRC,1211376600,75.72,76.81,72.95,72.99,2.3928e+06
RRC,1211463000,72.31,72.68,68.87,70.11,2.4023e+06
RRC,1211549400,70.29,71.25,67.05,68.72,1.7909e+06
RRC,1211895000,68.33,68.67,66.93,67.54,1.3184e+06
RRC,1211981400,67.09,68.89,66.26,68.77,1.5955e+06
RRC,1212067800,68.55,68.55,65.01,65.09,2.5013e+06
RRC,1212154200,65.42,66.71,64.47,65.76,3.7186e+06
RRC,1212413400,65.43,66.75,62.95,65.4,3.9609e+06
RRC,1212499800,65.14,66.68,64.24,65.23,2.65e+06
RRC,1212586200,64.96,66.8,64.56,64.96,2.2385e+06
RRC,1212672600,65.13,70.39,65.13,70.39,3.8344e+06
RRC,1212759000,71.36,72.73,67.96,67.96,2.9105e+06
RRC,1213018200,68.01,70.16,66.73,67.97,3.7692e+06
RRC,1213104600,67.65,68.5,64.64,65.79,2.9594e+06
RRC,1213191000,66.25,67.16,65.76,66.08,1.9464e+06
RRC,1213277400,66.04,66.78,63.7,64.04,2.1879e+06
RRC,1213363800,65.15,65.15,62.28,63.3,3.6115e+06
RRC,1213623000,63.78,65.65,63.78,64.95,2.6274e+06
RRC,1213709400,65.45,68.14,65.45,67,2.4724e+06
RRC,1213795800,66.71,67.69,65.84,66.5,2.2943e+06
RRC,1213882200,66.58,67.24,61.76,62.01,3.374e+06
RRC,1213968600,62.59,64.72,62.18,62.6,3.8449e+06
RRC,1214227800,62.6,66.1,62.13,66.05,2.5796e+06
RRC,1214314200,65.94,66.51,63.81,64.16,2.3153e+06
RRC,1214400600,64.49,64.81,61.2,62.48,3.3903e+06
RRC,1214487000,62.01,65.57,61.13,63.55,3.1685e+06
RRC,1214573400,63.75,65.69,63.65,64.78,2.5804e+06
RRC,1214832600,65.82,66.76,65.09,65.54,2.0992e+06
RRC,1214919000,63.94,67.13,63.94,67.12,2.8658e+06
RRC,1215005400,68.98,72.98,65.97,66.43,5.5689e+06
RRC,1215091800,66.1,67.61,61.8,63.64,2.704e+06
RRC,1215437400,62.73,64.45,59.12,61.15,4.4481e+06
RRC,1215523800,59.98,61.17,56.39,61.03,4.7268e+06
RRC,1215610200,62.29,63.03,58.72,59,2.9193e+06
RRC,1215696600,59.12,62.59,57.71,62.57,3.1213e+06
RRC,1215783000,63.3,65,62.02,63.17,3.3151e+06
RRC,1216042200,66.49,66.83,64.47,65.6,3.6333e+06
RRC,1216128600,65.04,67.43,62.29,63.5,3.7596e+06
RRC,1216215000,63.51,64.49,60.51,61.59,3.2786e+06
RRC,1216301400,62.03,62.03,55.49,57.16,4.0797e+06
RRC,1216387800,58.87,59.54,56.85,59.22,3.7431e+06
RRC,1216598400,59.72,61.24,57.96,60.93,2.2267e+06
