SWN,1060003800,1.8963,1.8987,1.8425,1.8425,644800
SWN,1060090200,1.855,1.8625,1.815,1.825,494400
SWN,1060176600,1.825,1.86,1.8075,1.8238,368000
SWN,1060263000,1.825,1.8625,1.815,1.86,1.0368e+06
SWN,1060349400,1.86,1.8613,1.8212,1.8312,800800
SWN,1060608600,1.8737,1.945,1.87,1.9188,1.7072e+06
SWN,1060695000,1.9312,2.0138,1.9312,2.0038,1.936e+06
SWN,1060781400,2.0038,2.0963,2,2.0938,1.8448e+06
SWN,1060867800,2.0812,2.15,2.0812,2.15,5.1208e+06
SWN,1060954200,2.1312,2.1562,2.1237,2.1562,1.0632e+06
SWN,1061213400,2.1562,2.26,2.1562,2.2188,2.2912e+06
SWN,1061299800,2.2313,2.2487,2.13,2.13,2.6848e+06
SWN,1061386200,2.1312,2.2037,2.1137,2.1813,1.9832e+06
SWN,1061472600,2.2425,2.245,2.205,2.2213,1.1136e+06
SWN,1061559000,2.1937,2.2162,2.1562,2.1613,1.0856e+06
SWN,1061818200,2.1813,2.1862,2.155,2.1562,1.1184e+06
SWN,1061904600,2.1575,2.1575,2.1275,2.1375,1.0792e+06
SWN,1061991000,2.1312,2.1562,2.1237,2.1275,1.4064e+06
SWN,1062077400,2.1437,2.2487,2.125,2.24,3.3056e+06
SWN,1062163800,2.26,2.3187,2.2513,2.27,1.964e+06
SWN,1062509400,2.2987,2.3025,2.2225,2.2475,2.8816e+06
SWN,1062595800,2.24,2.25,2.1437,2.165,3.3656e+06
SWN,1062682200,2.2062,2.2062,2.14,2.1463,2.416e+06
SWN,1062768600,2.1588,2.1937,2.1375,2.1562,1.196e+06
SWN,1063027800,2.1437,2.215,2.1425,2.2137,1.2088e+06
SWN,1063114200,2.2062,2.24,2.1937,2.2188,1.6376e+06
SWN,1063200600,2.2175,2.2238,2.1875,2.2088,1.9208e+06
SWN,1063287000,2.2287,2.245,2.2,2.2375,2.5864e+06
SWN,1063373400,2.2375,2.2375,2.2013,2.23,1.7064e+06
SWN,1063632600,2.225,2.235,2.1837,2.185,1.9904e+06
SWN,1063719000,2.1862,2.225,2.1862,2.1988,536000
SWN,1063805400,2.2037,2.2037,2.1613,2.1937,845600
SWN,1063891800,2.1937,2.1937,2.1425,2.1562,1.7944e+06
SWN,1063978200,2.1475,2.1925,2.1463,2.1888,1.7104e+06
SWN,1064237400,2.1937,2.2125,2.1588,2.2062,1.096e+06
SWN,1064323800,2.2062,2.21,2.1825,2.1825,1.0568e+06
SWN,1064410200,2.1975,2.205,2.15,2.16,1.1272e+06
SWN,1064496600,2.16,2.1913,2.1263,2.185,1.6232e+06
SWN,1064583000,2.1762,2.1862,2.1537,2.1537,936800
SWN,1064842200,2.1463,2.23,2.14,2.2188,3.5488e+06
SWN,1064928600,2.2062,2.265,2.17,2.2625,2.2736e+06
SWN,1065015000,2.2662,2.3,2.2662,2.2938,1.2656e+06
SWN,1065101400,2.31,2.3575,2.285,2.3438,1.3448e+06
SWN,1065187800,2.3725,2.375,2.3187,2.3525,3.0136e+06
SWN,1065447000,2.3712,2.375,2.3138,2.3275,977600
SWN,1065533400,2.315,2.3837,2.3125,2.3812,928800
SWN,1065619800,2.3625,2.3775,2.3375,2.3763,1.3608e+06
SWN,1065706200,2.3625,2.3937,2.3575,2.3775,1.8368e+06
SWN,1065792600,2.3875,2.4787,2.3712,2.4738,3.2728e+06
SWN,1066051800,2.4975,2.525,2.4838,2.5013,1.2968e+06
SWN,1066138200,2.5013,2.5075,2.47,2.4925,1.1752e+06
SWN,1066224600,2.505,2.5125,2.46,2.4838,1.6552e+06
SWN,1066311000,2.4813,2.5113,2.4738,2.4913,1.2304e+06
SWN,1066397400,2.5,2.5038,2.45,2.465,4.748e+06
SWN,1066656600,2.4875,2.5087,2.4513,2.46,2.788e+06
SWN,1066743000,2.4625,2.49,2.445,2.4613,1.3008e+06
SWN,1066829400,2.4613,2.4625,2.4088,2.4088,789600
SWN,1066915800,2.4062,2.425,2.3725,2.3875,1.0368e+06
SWN,1067002200,2.3988,2.445,2.3812,2.3812,656000
SWN,1067265000,2.4062,2.4613,2.3963,2.4237,809600
SWN,1067351400,2.4362,2.4625,2.4325,2.4375,1.9328e+06
SWN,1067437800,2.4437,2.4762,2.4437,2.4625,1.6216e+06
SWN,1067524200,2.4813,2.4962,2.4437,2.4825,1.0952e+06
SWN,1067610600,2.4825,2.4825,2.4188,2.425,2.1072e+06
SWN,1067869800,2.425,2.4725,2.4012,2.4462,2.0728e+06
SWN,1067956200,2.425,2.4375,2.4,2.415,1.3168e+06
SWN,1068042600,2.415,2.4413,2.4088,2.4313,689600
SWN,1068129000,2.4313,2.4313,2.4162,2.4213,1.1856e+06
SWN,1068215400,2.4437,2.4738,2.4275,2.4488,1.3904e+06
SWN,1068474600,2.45,2.4688,2.4237,2.4425,1.4192e+06
SWN,1068561000,2.43,2.4413,2.4062,2.4325,472800
SWN,1068647400,2.4325,2.4613,2.42,2.46,597600
SWN,1068733800,2.4613,2.485,2.45,2.4575,1.124e+06
SWN,1068820200,2.4625,2.475,2.4375,2.4475,1.1272e+06
SWN,1069079400,2.4388,2.4613,2.4137,2.4437,1.068e+06
SWN,1069165800,2.4388,2.44,2.39,2.4012,861600
SWN,1069252200,2.4025,2.4275,2.3888,2.4113,1.5672e+06
SWN,1069338600,2.405,2.4188,2.3937,2.4162,2.0992e+06
SWN,1069425000,2.4337,2.435,2.42,2.4288,784000
SWN,1069684200,2.4288,2.475,2.425,2.4725,1.068e+06
SWN,1069770600,2.4838,2.5113,2.4713,2.5,1.0136e+06
SWN,1069857000,2.5175,2.5775,2.5175,2.5463,1.0896e+06
SWN,1070029800,2.5475,2.5687,2.5375,2.5512,281600
SWN,1070289000,2.5625,2.645,2.5625,2.63,1.2568e+06
SWN,1070375400,2.625,2.6537,2.625,2.6437,1.2008e+06
SWN,1070461800,2.6625,2.6662,2.5338,2.5438,1.6896e+06
SWN,1070548200,2.56,2.6137,2.51,2.5675,1.568e+06
SWN,1070634600,2.6063,2.6063,2.5463,2.5575,2.0016e+06
SWN,1070893800,2.5675,2.6613,2.5675,2.6488,1.4856e+06
SWN,1070980200,2.6488,2.675,2.5925,2.6425,2.3256e+06
SWN,1071066600,2.65,2.6788,2.6312,2.6662,1.4672e+06
SWN,1071153000,2.6562,2.6862,2.6525,2.6862,1.6336e+06
SWN,1071239400,2.6975,2.7575,2.6788,2.7575,1.7688e+06
SWN,1071498600,2.875,2.875,2.7462,2.75,2.6536e+06
SWN,1071585000,2.7562,2.8338,2.6962,2.8325,1.5288e+06
SWN,1071671400,2.8325,2.8637,2.7713,2.8637,1.4544e+06
SWN,1071757800,2.8637,2.9,2.8,2.84,1.7112e+06
SWN,1071844200,2.8412,2.8412,2.7638,2.8238,1.6752e+06
SWN,1072103400,2.8375,2.8375,2.7812,2.8187,1.2568e+06
SWN,1072189800,2.8125,2.86,2.7938,2.86,1.5832e+06
SWN,1072276200,2.8438,2.9362,2.8438,2.9362,781600
SWN,1072449000,2.9413,3.105,2.925,3.0912,3.6152e+06
SWN,1072708200,3.125,3.1862,3.0712,3.0938,5.94e+06
SWN,1072794600,3.1225,3.1225,3.0963,3.0975,2.352e+06
SWN,1072881000,3.1212,3.1212,2.9875,2.9875,2.0584e+06
SWN,1073053800,3,3.0438,2.9637,2.9688,1.9296e+06
SWN,1073313000,3.0938,3.105,3.0087,3.0563,2.8872e+06
SWN,1073399400,3.0687,3.08,2.965,2.9775,2.3696e+06
SWN,1073485800,2.9775,3.0338,2.9025,2.9075,3.6576e+06
SWN,1073572200,2.9125,2.9838,2.9012,2.935,2.0616e+06
SWN,1073658600,2.9625,3.0438,2.9488,2.955,1.7728e+06
SWN,1073917800,2.9838,3.025,2.9838,3.0213,1.344e+06
SWN,1074004200,3.0463,3.0563,2.9488,3.0062,1.38e+06
SWN,1074090600,3.0312,3.0412,2.905,2.955,2.5576e+06
SWN,1074177000,2.97,2.9787,2.9137,2.9237,2.2904e+06
SWN,1074263400,2.8312,2.8563,2.7687,2.8338,3.9792e+06
SWN,1074609000,2.8263,2.9288,2.8263,2.9288,5.0632e+06
SWN,1074695400,2.95,2.9588,2.9062,2.9488,1.5632e+06
SWN,1074781800,2.9437,2.9637,2.9325,2.9375,1.648e+06
SWN,1074868200,2.9125,2.9662,2.8888,2.9662,1.636e+06
SWN,1075127400,2.9462,2.9625,2.9088,2.9575,1.792e+06
SWN,1075213800,2.945,2.9525,2.9012,2.9075,2.028e+06
SWN,1075300200,2.8975,2.8975,2.7787,2.7875,2.5448e+06
SWN,1075386600,2.7687,2.7812,2.6088,2.6225,5.7136e+06
SWN,1075473000,2.6,2.6425,2.55,2.5812,2.5768e+06
SWN,1075732200,2.5687,2.6237,2.525,2.6063,4.492e+06
SWN,1075818600,2.5938,2.65,2.5887,2.61,2.0544e+06
SWN,1075905000,2.61,2.61,2.4938,2.5,2.2856e+06
SWN,1075991400,2.525,2.5338,2.415,2.4188,2.6296e+06
SWN,1076077800,2.4313,2.5363,2.4313,2.5113,1.2424e+06
SWN,1076337000,2.5113,2.575,2.5113,2.5638,1.3104e+06
SWN,1076423400,2.55,2.6525,2.55,2.6412,1.716e+06
SWN,1076509800,2.6288,2.6875,2.6288,2.6388,1.7328e+06
SWN,1076596200,2.6312,2.7687,2.6312,2.74,4.0304e+06
SWN,1076682600,2.74,2.78,2.7213,2.7562,2.9232e+06
SWN,1077028200,2.7313,2.7375,2.7013,2.7088,1.72e+06
SWN,1077114600,2.725,2.725,2.6437,2.6688,1.9696e+06
SWN,1077201000,2.6688,2.6688,2.5787,2.5812,2.1184e+06
SWN,1077287400,2.6188,2.7438,2.6063,2.7075,4.9232e+06
SWN,1077546600,2.7,2.7225,2.5912,2.6163,1.9368e+06
SWN,1077633000,2.6188,2.6725,2.6125,2.6575,986400
SWN,1077719400,2.6588,2.705,2.6363,2.6437,2.3072e+06
SWN,1077805800,2.6625,2.7525,2.6463,2.7525,2.2568e+06
SWN,1077892200,2.77,2.8138,2.75,2.8075,3.076e+06
SWN,1078151400,2.8087,2.905,2.8087,2.89,2.8128e+06
SWN,1078237800,2.8888,2.9337,2.8863,2.89,2.6328e+06
SWN,1078324200,2.89,2.8912,2.8625,2.8763,1.1928e+06
SWN,1078410600,2.8763,2.8975,2.8312,2.8875,714400
SWN,1078497000,2.875,2.9125,2.87,2.8875,919200
SWN,1078756200,2.8888,2.9225,2.875,2.8963,1.1624e+06
SWN,1078842600,2.89,2.9075,2.865,2.8875,1.9912e+06
SWN,1078929000,2.8875,2.8975,2.8512,2.8625,2.0256e+06
SWN,1079015400,2.8637,2.8975,2.8438,2.8438,1.6808e+06
SWN,1079101800,2.8387,2.91,2.8275,2.91,1.3904e+06
SWN,1079361000,2.91,2.91,2.875,2.8763,1.508e+06
SWN,1079447400,2.8875,2.8888,2.8563,2.8637,2.6808e+06
SWN,1079533800,2.8937,2.9088,2.875,2.8837,1.7528e+06
SWN,1079620200,2.8963,2.9162,2.8588,2.8912,2.412e+06
SWN,1079706600,2.9162,2.9588,2.8875,2.915,1.1272e+06
SWN,1079965800,2.9,2.9137,2.8637,2.8775,941600
SWN,1080052200,2.8875,2.9012,2.8625,2.87,1.6488e+06
SWN,1080138600,2.8937,2.8937,2.8,2.8312,2.0856e+06
SWN,1080225000,2.8312,2.8425,2.805,2.8425,2.192e+06
SWN,1080311400,2.8438,2.8888,2.825,2.8637,738400
SWN,1080570600,2.875,2.9062,2.8387,2.875,1.4856e+06
SWN,1080657000,2.875,2.9012,2.865,2.8937,3.3856e+06
SWN,1080743400,2.895,3.025,2.8937,3.015,2.2448e+06
SWN,1080829800,3.0162,3.0238,2.9513,2.9825,1.8816e+06
SWN,1080916200,3.025,3.0512,3.0025,3.05,1.9776e+06
SWN,1081171800,3.0425,3.0487,3.0138,3.0363,1.3456e+06
SWN,1081258200,3.005,3.0312,2.9762,2.9975,1.4824e+06
SWN,1081344600,2.9938,3.0625,2.9938,3.035,1.4032e+06
SWN,1081431000,3.0438,3.065,3.035,3.0538,1.1104e+06
SWN,1081776600,3.065,3.12,3.0625,3.12,1.5704e+06
SWN,1081863000,3.12,3.12,3.015,3.0287,1.3136e+06
SWN,1081949400,3.025,3.0275,2.955,2.9838,1.22e+06
SWN,1082035800,2.9688,3.1275,2.9688,3.1163,1.844e+06
SWN,1082122200,3.1063,3.13,3.0875,3.1237,1.4976e+06
SWN,1082381400,3.1237,3.1975,3.1237,3.1737,2.2984e+06
SWN,1082467800,3.205,3.2438,3.0875,3.0887,1.9568e+06
SWN,1082554200,3.1012,3.1188,3.02,3.0975,972000
SWN,1082640600,3.11,3.2213,3.11,3.1913,1.8088e+06
SWN,1082727000,3.2313,3.2313,3.1388,3.1888,1.3656e+06
SWN,1082986200,3.2062,3.2587,3.2062,3.2538,1.6176e+06
SWN,1083072600,3.2687,3.3625,3.2587,3.325,3.0192e+06
SWN,1083159000,3.3275,3.3438,3.2137,3.2475,3.1112e+06
SWN,1083245400,3.31,3.31,3.1263,3.2,2.2576e+06
SWN,1083331800,3.125,3.2262,3.1063,3.1437,4.2392e+06
SWN,1083591000,3.1437,3.3063,3.0963,3.295,2.832e+06
SWN,1083677400,3.3263,3.3463,3.2887,3.2963,2.8792e+06
SWN,1083763800,3.3012,3.3512,3.2687,3.3063,1.8464e+06
SWN,1083850200,3.31,3.3375,3.1837,3.2912,1.9064e+06
SWN,1083936600,3.2912,3.3125,3.2075,3.21,1.6784e+06
SWN,1084195800,3.17,3.1713,3.0125,3.0125,2.9728e+06
SWN,1084282200,3.0625,3.0725,3.01,3.0312,2.3152e+06
SWN,1084368600,3.0387,3.0625,2.9938,3.0287,2.5728e+06
SWN,1084455000,3.0325,3.0863,3.02,3.0425,3.7968e+06
SWN,1084541400,3.125,3.26,3.1175,3.2125,5.364e+06
SWN,1084800600,3.2425,3.2475,3.195,3.195,2.7024e+06
SWN,1084887000,3.2125,3.2287,3.1137,3.1512,1.5752e+06
SWN,1084973400,3.1688,3.2162,3.1125,3.1337,2.112e+06
SWN,1085059800,3.125,3.1825,3.1188,3.1725,1.2576e+06
SWN,1085146200,3.1713,3.1725,3.0825,3.1212,1.692e+06
SWN,1085405400,3.1363,3.1937,3.1363,3.1937,1.272e+06
SWN,1085491800,3.17,3.255,3.17,3.2525,2.4952e+06
SWN,1085578200,3.26,3.2738,3.2238,3.2587,1.3632e+06
SWN,1085664600,3.2963,3.3,3.1888,3.2125,2.3488e+06
SWN,1085751000,3.215,3.2238,3.1913,3.195,918400
SWN,1086096600,3.2113,3.2838,3.2113,3.2687,1.92e+06
SWN,1086183000,3.2687,3.28,3.2113,3.2125,840000
SWN,1086269400,3.2125,3.23,3.1312,3.1312,1.204e+06
SWN,1086355800,3.175,3.175,3.1163,3.1163,2.1952e+06
SWN,1086615000,3.1625,3.2238,3.1375,3.2238,1.4184e+06
SWN,1086701400,3.23,3.3063,3.2275,3.2713,2.5352e+06
SWN,1086787800,3.2725,3.2738,3.1888,3.21,1.2192e+06
SWN,1086874200,3.2188,3.2912,3.2062,3.28,1.4816e+06
SWN,1087219800,3.2675,3.2838,3.2262,3.25,1.9568e+06
SWN,1087306200,3.25,3.3563,3.25,3.3375,4.428e+06
SWN,1087392600,3.4,3.5038,3.4,3.495,6.1984e+06
SWN,1087479000,3.5075,3.5312,3.4675,3.4775,3.9648e+06
SWN,1087565400,3.4875,3.5162,3.45,3.4675,2.612e+06
SWN,1087824600,3.5125,3.5738,3.4813,3.565,2.588e+06
SWN,1087911000,3.5663,3.5925,3.5387,3.575,2.1672e+06
SWN,1087997400,3.5875,3.6063,3.5312,3.575,3.0056e+06
SWN,1088083800,3.6063,3.615,3.55,3.5612,1.6608e+06
SWN,1088170200,3.565,3.5675,3.5125,3.555,4.6576e+06
SWN,1088429400,3.5525,3.5563,3.5,3.5438,2.2968e+06
SWN,1088515800,3.525,3.575,3.525,3.55,1.6976e+06
SWN,1088602200,3.5538,3.6,3.535,3.5838,1.8952e+06
SWN,1088688600,3.6688,3.8312,3.6325,3.8038,3.9856e+06
SWN,1088775000,3.8412,3.8412,3.7963,3.7963,2.2432e+06
SWN,1089120600,3.8463,3.9625,3.8438,3.9188,3.6712e+06
SWN,1089207000,3.9188,3.9288,3.8625,3.875,2.6424e+06
SWN,1089293400,3.8937,3.8975,3.8012,3.815,2.3312e+06
SWN,1089379800,3.8463,3.87,3.81,3.8563,1.7088e+06
SWN,1089639000,3.9188,3.9225,3.8,3.8,2.2672e+06
SWN,1089725400,3.825,3.8537,3.8,3.8063,1.4504e+06
SWN,1089811800,3.8063,3.83,3.7825,3.8,3.0112e+06
SWN,1089898200,3.8175,3.8712,3.815,3.8463,2.2504e+06
SWN,1089984600,3.8625,3.9213,3.8325,3.875,1.7608e+06
SWN,1090243800,3.885,3.885,3.7387,3.795,3.6496e+06
SWN,1090330200,3.8263,3.8875,3.8012,3.875,2.3432e+06
SWN,1090416600,3.9188,3.9188,3.7625,3.7875,3.3152e+06
SWN,1090503000,3.775,3.8,3.655,3.7088,2.5416e+06
SWN,1090589400,3.6837,3.7625,3.6512,3.7262,1.84e+06
SWN,1090848600,3.7687,3.8038,3.695,3.7487,3.06e+06
SWN,1090935000,3.7487,3.825,3.7438,3.82,3.1264e+06
SWN,1091021400,3.8075,3.9137,3.75,3.89,2.1104e+06
SWN,1091107800,3.8912,4.025,3.8588,4.015,3.316e+06
SWN,1091194200,4.04,4.07,4.0125,4.0237,2.5576e+06
SWN,1091453400,4.0312,4.1175,3.9388,4.0938,2.9192e+06
SWN,1091539800,4.1188,4.175,4.0975,4.1363,2.3032e+06
SWN,1091626200,4.1487,4.1487,4.025,4.0262,2.9216e+06
SWN,1091712600,4.0625,4.0875,3.8912,3.91,3.092e+06
SWN,1091799000,3.9162,3.9162,3.7188,3.74,3.9304e+06
SWN,1092058200,3.74,3.8512,3.7338,3.84,2.7544e+06
SWN,1092144600,3.8712,3.9012,3.8312,3.8763,1.7896e+06
SWN,1092231000,3.8512,3.8512,3.8025,3.845,1.7376e+06
SWN,1092317400,3.82,3.8412,3.7875,3.7875,2.5736e+06
SWN,1092403800,3.8175,3.93,3.8175,3.875,1.6584e+06
SWN,1092663000,3.875,3.95,3.8712,3.95,2.5888e+06
SWN,1092749400,3.95,3.97,3.87,3.875,3.9608e+06
SWN,1092835800,3.875,4.3675,3.875,4.3625,1.03536e+07
SWN,1092922200,4.3812,4.5938,4.305,4.305,6.9152e+06
SWN,1093008600,4.375,4.4875,4.375,4.4338,3.8368e+06
SWN,1093267800,4.4875,4.4938,4.2387,4.2987,3.8088e+06
SWN,1093354200,4.3362,4.34,4.2162,4.2463,3.5232e+06
SWN,1093440600,4.2463,4.3725,4.245,4.3425,2.3432e+06
SWN,1093527000,4.3438,4.39,4.3162,4.3787,2.432e+06
SWN,1093613400,4.4037,4.4475,4.3688,4.3987,1.312e+06
SWN,1093872600,4.4088,4.45,4.3313,4.3637,2.776e+06
SWN,1093959000,4.3637,4.475,4.3575,4.4462,2.8592e+06
SWN,1094045400,4.4525,4.605,4.45,4.5437,3.0688e+06
SWN,1094131800,4.6062,4.6312,4.5563,4.6225,4.0656e+06
SWN,1094218200,4.6238,4.6238,4.55,4.57,2.7288e+06
SWN,1094563800,4.62,4.6375,4.5712,4.6238,3.0856e+06
SWN,1094650200,4.6537,4.6562,4.5875,4.5887,2.4016e+06
SWN,1094736600,4.6213,4.835,4.5912,4.8125,4.0024e+06
SWN,1094823000,4.8875,4.8875,4.7937,4.8375,6.7504e+06
SWN,1095082200,4.8738,4.925,4.8263,4.8625,5.0232e+06
SWN,1095168600,4.925,4.9662,4.8612,4.9662,3.2176e+06
SWN,1095255000,4.9788,4.9925,4.905,4.9387,3.8448e+06
SWN,1095341400,4.9637,4.9988,4.9412,4.95,2.3872e+06
SWN,1095427800,5,5.0012,4.9313,4.95,3.4808e+06
SWN,1095687000,4.9812,4.9925,4.9125,4.93,2.7016e+06
SWN,1095773400,4.9375,4.9975,4.925,4.9913,4.972e+06
SWN,1095859800,4.9913,4.9913,4.8938,4.9088,5.668e+06
SWN,1095946200,4.9187,4.95,4.885,4.9175,3.3936e+06
SWN,1096032600,4.9488,5.0388,4.935,4.9675,5.6632e+06
SWN,1096291800,5.0125,5.0325,4.9637,5,3.2544e+06
SWN,1096378200,5.0437,5.3562,5.04,5.2975,5.3768e+06
SWN,1096464600,5.2975,5.2975,5.2025,5.255,3.3136e+06
SWN,1096551000,5.225,5.28,5.225,5.2488,2.704e+06
SWN,1096637400,5.32,5.4125,5.315,5.4,4.2576e+06
SWN,1096896600,5.4625,5.55,5.4275,5.4437,6.7224e+06
SWN,1096983000,5.445,5.4812,5.4212,5.4375,4.0448e+06
SWN,1097069400,5.4625,5.6525,5.4625,5.6262,3.796e+06
SWN,1097155800,5.7188,5.7213,5.5437,5.56,3.5328e+06
SWN,1097242200,5.5437,5.58,5.4738,5.4988,2.692e+06
SWN,1097501400,5.5437,5.5988,5.46,5.5563,2.9928e+06
SWN,1097587800,5.575,5.5938,5.5325,5.5625,3.2696e+06
SWN,1097674200,5.5625,5.5625,5.0512,5.1625,1.40128e+07
SWN,1097760600,5.1625,5.3938,5.1525,5.3238,5.0048e+06
SWN,1097847000,5.3238,5.4187,5.3225,5.4125,3.216e+06
SWN,1098106200,5.4113,5.4938,5.4,5.4113,4.2816e+06
SWN,1098192600,5.4,5.4938,5.3513,5.4887,3.2344e+06
SWN,1098279000,5.4887,5.6962,5.4688,5.6712,3.9392e+06
SWN,1098365400,5.6725,5.8425,5.6038,5.8162,3.7152e+06
SWN,1098451800,5.8162,5.9325,5.76,5.77,3.8104e+06
SWN,1098711000,5.775,5.83,5.73,5.825,3.9912e+06
SWN,1098797400,5.8263,5.8875,5.75,5.86,4.0824e+06
SWN,1098883800,5.875,5.9062,5.7312,5.8488,5.2496e+06
SWN,1098970200,5.8263,5.845,5.6562,5.7175,4.116e+06
SWN,1099056600,5.7087,5.8,5.675,5.7425,3.4552e+06
SWN,1099319400,5.7625,5.7625,5.655,5.7325,4.4008e+06
SWN,1099405800,5.7587,5.8162,5.7562,5.7812,4.588e+06
SWN,1099492200,5.8875,5.9338,5.8162,5.8938,4.076e+06
SWN,1099578600,5.925,6.1575,5.8938,6.1,4.804e+06
SWN,1099665000,6.1813,6.1863,6.0388,6.125,3.296e+06
SWN,1099924200,6.1875,6.1912,5.9363,5.9875,4.1536e+06
SWN,1100010600,6,6.0413,5.9375,5.9675,4.0456e+06
SWN,1100097000,5.9925,6.1875,5.9825,6.1712,3.1512e+06
SWN,1100183400,6.1813,6.25,6.1438,6.1813,3.6056e+06
SWN,1100269800,6.2438,6.3938,6.2225,6.3762,2.7208e+06
SWN,1100529000,6.3938,6.3987,6.1325,6.1975,4.5344e+06
SWN,1100615400,6.1875,6.1887,5.7825,5.9763,1.23112e+07
SWN,1100701800,6.0062,6.1,6.0062,6.0712,3.7616e+06
SWN,1100788200,6.0675,6.16,6.0512,6.1325,2.312e+06
SWN,1100874600,6.1575,6.1988,6.0637,6.1,2.456e+06
SWN,1101133800,6.1,6.325,6.0938,6.3125,3.796e+06
SWN,1101220200,6.3625,6.6725,6.3438,6.55,6.9352e+06
SWN,1101306600,6.6,6.71,6.5388,6.645,4.0656e+06
SWN,1101479400,6.6762,6.8562,6.67,6.775,1.6456e+06
SWN,1101738600,6.8063,6.8538,6.625,6.7725,3.548e+06
SWN,1101825000,6.7413,6.9313,6.7337,6.8625,4.0528e+06
SWN,1101911400,6.8625,6.925,6.5188,6.5862,6.1584e+06
SWN,1101997800,6.5862,6.6125,5.9688,6.225,1.28784e+07
SWN,1102084200,6.1613,6.52,6.02,6.4725,8.4072e+06
SWN,1102343400,6.5413,6.6188,6.3875,6.5125,5.4152e+06
SWN,1102429800,6.5125,6.5125,6.1725,6.2,5.0776e+06
SWN,1102516200,6.0875,6.3063,6.0437,6.225,5.2616e+06
SWN,1102602600,6.2263,6.2762,6.1375,6.2375,3.1304e+06
SWN,1102689000,6.2312,6.2937,6.0887,6.1375,3.7464e+06
SWN,1102948200,6.1375,6.3337,6.1025,6.3,2.8944e+06
SWN,1103034600,6.3475,6.4275,6.315,6.3812,3.2296e+06
SWN,1103121000,6.4125,6.5325,6.275,6.53,3.7368e+06
SWN,1103207400,6.5613,6.575,6.325,6.3738,2.7416e+06
SWN,1103293800,6.375,6.4262,6.3275,6.3812,3.436e+06
SWN,1103553000,6.4313,6.475,6.3362,6.3938,3.292e+06
SWN,1103639400,6.425,6.5525,6.3938,6.545,2.2992e+06
SWN,1103725800,6.5712,6.6363,6.36,6.4375,2.3368e+06
SWN,1103812200,6.4625,6.525,6.3875,6.4125,1.7408e+06
SWN,1104157800,6.35,6.375,6.0875,6.0875,3.8712e+06
SWN,1104244200,6.0437,6.425,6.0325,6.3425,6.2496e+06
SWN,1104330600,6.3425,6.3938,6.3012,6.375,2.0512e+06
SWN,1104417000,6.375,6.4212,6.35,6.36,1.5672e+06
SWN,1104503400,6.36,6.3875,6.285,6.3362,1.2016e+06
SWN,1104762600,6.3362,6.3362,5.8313,5.8875,7.9384e+06
SWN,1104849000,5.8875,5.9237,5.6537,5.6937,8.2032e+06
SWN,1104935400,5.6275,5.79,5.5113,5.6087,6.2208e+06
SWN,1105021800,5.6062,5.7625,5.6013,5.6875,5.1328e+06
SWN,1105108200,5.7375,5.75,5.58,5.6312,3.8088e+06
SWN,1105367400,5.6312,5.8463,5.6312,5.75,4.776e+06
SWN,1105453800,5.7625,5.7812,5.6575,5.7425,3.6344e+06
SWN,1105540200,5.75,5.9963,5.5675,5.955,6.0432e+06
SWN,1105626600,5.95,6.1188,5.875,6.07,3.8216e+06
SWN,1105713000,6.0875,6.15,6.0188,6.1225,3.272e+06
SWN,1106058600,6.2688,6.3538,6.1937,6.235,2.8656e+06
SWN,1106145000,6.2663,6.3025,6.125,6.1425,3.0096e+06
SWN,1106231400,5.9688,6.2188,5.9375,6.09,4.292e+06
SWN,1106317800,6.1213,6.2762,6.1062,6.2312,4.0208e+06
SWN,1106577000,6.2375,6.3,6.0887,6.0912,3.7744e+06
SWN,1106663400,6.1,6.2312,6.0613,6.0988,3.0104e+06
SWN,1106749800,6.0625,6.1163,5.9875,6.0763,5.0344e+06
SWN,1106836200,6.085,6.2475,6.0763,6.2312,2.9776e+06
SWN,1106922600,6.2312,6.2362,6.1375,6.2087,2.4184e+06
SWN,1107181800,6.21,6.4288,6.21,6.4125,3.9008e+06
SWN,1107268200,6.4125,6.78,6.4062,6.7712,7.0352e+06
SWN,1107354600,6.8025,6.9488,6.7863,6.9488,5.3176e+06
SWN,1107441000,6.9488,6.9488,6.7812,6.875,4.4464e+06
SWN,1107527400,6.9062,6.9187,6.805,6.8725,2.956e+06
SWN,1107786600,6.9563,7.0462,6.815,6.875,4.9024e+06
SWN,1107873000,6.875,6.875,6.6925,6.8425,4.0816e+06
SWN,1107959400,6.8625,6.8888,6.6988,6.8063,2.6296e+06
SWN,1108045800,6.8625,7.2537,6.8275,7.2137,5.2392e+06
SWN,1108132200,7.2263,7.3587,7.0625,7.2925,4.972e+06
SWN,1108391400,7.625,7.625,7.1262,7.2387,6.592e+06
SWN,1108477800,7.2387,7.3688,7.105,7.2013,4.5248e+06
SWN,1108564200,7.2013,7.5,7.1625,7.4662,3.588e+06
SWN,1108650600,7.4975,7.4988,7.125,7.1663,3.7464e+06
SWN,1108737000,7.2812,7.485,7.2737,7.4525,4.8152e+06
SWN,1109082600,7.5312,7.5625,7.2512,7.2663,4.672e+06
SWN,1109169000,7.2913,7.4587,7.2913,7.3212,3.0016e+06
SWN,1109255400,7.3625,7.6625,7.3337,7.5875,4.292e+06
SWN,1109341800,7.6188,7.8137,7.6188,7.7325,3.944e+06
SWN,1109601000,7.825,7.885,7.3513,7.625,5.3232e+06
SWN,1109687400,7.7625,7.7688,7.0012,7.1625,1.04016e+07
SWN,1109773800,7.15,7.4313,7.1125,7.3125,8.0672e+06
SWN,1109860200,7.3625,7.5637,7.3412,7.4862,5.28e+06
SWN,1109946600,7.5625,7.6562,7.4338,7.65,3.8616e+06
SWN,1110205800,7.65,7.65,7.3375,7.5163,5.6984e+06
SWN,1110292200,7.5163,7.6238,7.3375,7.3738,5.1e+06
SWN,1110378600,7.3837,7.5487,7.1875,7.2362,4.7056e+06
SWN,1110465000,7.2013,7.2013,6.875,6.9788,5.9872e+06
SWN,1110551400,6.9288,7.2213,6.9125,7.1287,4.6592e+06
SWN,1110810600,7.1937,7.2625,6.9763,7.125,3.3208e+06
SWN,1110897000,7.1937,7.2937,7.065,7.0775,2.8352e+06
SWN,1110983400,7.0938,7.2075,7.0475,7.075,3.1616e+06
SWN,1111069800,7.1625,7.1975,7.025,7.15,5.2288e+06
SWN,1111156200,7.1512,7.3313,7.0662,7.3313,5.696e+06
SWN,1111415400,7.3313,7.375,7.2225,7.2987,4.6768e+06
SWN,1111501800,7.2987,7.4338,7.2625,7.2875,5.1888e+06
SWN,1111588200,7.1875,7.195,6.8775,6.9437,6.828e+06
SWN,1111674600,7.0125,7.2188,6.9963,7.125,3.868e+06
SWN,1112020200,7.1262,7.15,6.8762,6.8962,4.556e+06
SWN,1112106600,6.9088,7.025,6.5788,6.63,6.9672e+06
SWN,1112193000,6.5938,6.7937,6.5375,6.79,4.5312e+06
SWN,1112279400,6.9062,7.155,6.8875,7.095,5.2912e+06
SWN,1112365800,7.2188,7.4812,7.2188,7.4513,6.5216e+06
SWN,1112621400,7.4563,7.5437,7.34,7.4375,4.7768e+06
SWN,1112707800,7.4375,7.4625,7.2812,7.3562,2.8056e+06
SWN,1112794200,7.3562,7.495,7.3113,7.4387,2.5368e+06
SWN,1112880600,7.5125,7.5163,7.25,7.4,2.8168e+06
SWN,1112967000,7.4625,7.5037,7.2312,7.2625,2.9088e+06
SWN,1113226200,7.1875,7.3012,7.145,7.2063,3.3896e+06
SWN,1113312600,7.3875,7.4187,7.215,7.3925,8.696e+06
SWN,1113399000,7.3063,7.425,7.265,7.3187,6.4552e+06
SWN,1113485400,7.3562,7.3688,7.205,7.2413,5.3352e+06
SWN,1113571800,7.2413,7.275,6.9375,7.0975,8.7736e+06
SWN,1113831000,6.9875,7.2375,6.7188,7.1887,5.3408e+06
SWN,1113917400,7.2812,7.4262,7.2312,7.3275,5.0496e+06
SWN,1114003800,7.3688,7.5625,7.2337,7.2875,5.2352e+06
SWN,1114090200,7.3438,7.6575,7.3125,7.625,3.7704e+06
SWN,1114176600,7.625,7.6413,7.3913,7.4988,3.9168e+06
SWN,1114435800,7.5938,7.74,7.54,7.63,3.4768e+06
SWN,1114522200,7.63,7.6525,7.5012,7.5125,2.68e+06
SWN,1114608600,7.5062,7.6125,7.4062,7.5325,3.0312e+06
SWN,1114695000,7.45,7.4938,7.0662,7.1887,6.676e+06
SWN,1114781400,7.2312,7.3612,7.125,7.3438,5.1008e+06
SWN,1115040600,7.8125,8.375,7.7838,8.3737,1.8588e+07
SWN,1115127000,8.375,8.56,8.345,8.375,9.6624e+06
SWN,1115213400,8.3875,8.4688,8.3,8.4125,6.0472e+06
SWN,1115299800,8.45,8.5938,8.3125,8.3438,5.4984e+06
SWN,1115386200,8.3813,8.645,8.355,8.5625,5.3888e+06
SWN,1115645400,8.5625,8.65,8.4688,8.65,2.7792e+06
SWN,1115731800,8.5375,8.65,8.3625,8.3912,5.3104e+06
SWN,1115818200,8.3912,8.4975,8.3287,8.4062,4.2392e+06
SWN,1115904600,8.4062,8.4062,7.9387,8.0487,6.2976e+06
SWN,1115991000,8.0375,8.1438,7.9375,8.04,5.168e+06
SWN,1116250200,8.0288,8.0588,7.7075,8.0425,7.3952e+06
SWN,1116336600,8.0425,8.3125,8.0025,8.2812,3.9432e+06
SWN,1116423000,8.3438,8.4312,8.2137,8.2688,4.024e+06
SWN,1116509400,8.25,8.4288,8.1888,8.4288,3.7224e+06
SWN,1116595800,8.46,8.46,8.235,8.3862,3.3392e+06
SWN,1116855000,8.4,8.4137,8.22,8.3162,4.4288e+06
SWN,1116941400,8.335,8.4263,8.275,8.4137,3.5568e+06
SWN,1117027800,8.4263,8.5212,8.3438,8.4288,4.2432e+06
SWN,1117114200,8.4375,8.75,8.435,8.7437,4.2096e+06
SWN,1117200600,8.7437,8.9125,8.715,8.8488,3.1112e+06
SWN,1117546200,8.8112,8.8675,8.725,8.725,5.4376e+06
SWN,1117632600,8.7563,9.0125,8.7563,9.0125,4.3176e+06
SWN,1117719000,8.9812,9.115,8.9375,9.0063,2.6912e+06
SWN,1117805400,9.0375,9.2,8.9688,9.055,3.0376e+06
SWN,1118064600,9.0575,9.1825,9.055,9.14,4.1996e+06
SWN,1118151000,9.2125,9.31,8.9025,8.92,3.9576e+06
SWN,1118237400,8.9225,9.15,8.8175,8.9,4.6848e+06
SWN,1118323800,8.9,9.2375,8.855,9.2375,3.22e+06
SWN,1118410200,9.275,9.3075,9.1675,9.2875,3.0608e+06
SWN,1118669400,9.3,10.2,9.2875,10.155,9.0088e+06
SWN,1118755800,10.1625,10.7875,10.155,10.6875,8.5052e+06
SWN,1118842200,10.7875,10.9825,10.74,10.8725,5.3008e+06
SWN,1118928600,10.8775,10.9825,10.58,10.7775,5.2128e+06
SWN,1119015000,10.9625,11.05,10.7,10.8475,3.848e+06
SWN,1119274200,10.85,11.2,10.85,11.15,3.2372e+06
SWN,1119360600,11.1275,11.24,10.9275,10.9625,3.4476e+06
SWN,1119447000,11.0625,11.2875,10.9825,11.1,4.4024e+06
SWN,1119533400,11.1,11.1875,10.7625,10.8,4.134e+06
SWN,1119619800,10.8125,10.9525,10.5125,10.88,1.181e+07
SWN,1119879000,10.88,10.93,10.775,10.85,3.9108e+06
SWN,1119965400,10.8125,11.0475,10.6925,10.7875,7.3392e+06
SWN,1120051800,11.0375,11.7475,11.0375,11.7425,8.668e+06
SWN,1120138200,11.75,11.9325,11.475,11.745,5.6984e+06
SWN,1120224600,12,12.7875,12,12.6725,8.0876e+06
SWN,1120570200,12.875,13.3575,12.62,13.225,6.628e+06
SWN,1120656600,13.25,13.35,12.425,12.5775,1.08568e+07
SWN,1120743000,12.225,13.6075,12.215,13.55,1.00152e+07
SWN,1120829400,13.7475,13.94,12.78,13.08,1.16232e+07
SWN,1121088600,13.1875,13.4125,12.9,13.185,6.3236e+06
SWN,1121175000,13.2625,13.46,13.145,13.4225,5.0696e+06
SWN,1121261400,13.4925,13.495,13.1125,13.1525,3.6196e+06
SWN,1121347800,13.215,13.36,12.3875,12.5675,7.604e+06
SWN,1121434200,12.6,12.96,12.3775,12.6375,5.86e+06
SWN,1121693400,12.625,12.6525,12.2525,12.3875,5.63e+06
SWN,1121779800,12.575,12.9,12.39,12.9,5.1088e+06
SWN,1121866200,13.015,13.06,12.545,12.7575,3.846e+06
SWN,1121952600,12.7575,12.8275,12.4125,12.6025,2.1292e+06
SWN,1122039000,12.7825,13.3825,12.7825,13.375,5.858e+06
SWN,1122298200,13.4375,13.6875,13.1675,13.5375,5.8936e+06
SWN,1122384600,13.5375,13.9425,13.375,13.9425,6.0612e+06
SWN,1122471000,13.9425,13.9575,13.6875,13.795,6.8352e+06
SWN,1122557400,13.815,13.9025,13.3875,13.6,5.5004e+06
SWN,1122643800,13.825,13.9225,13.7375,13.7775,5.6092e+06
SWN,1122903000,13.84,14.075,13.8175,14.0125,4.5148e+06
SWN,1122989400,14.0625,14.2325,14.0375,14.1725,4.0408e+06
SWN,1123075800,14.225,14.4725,14.135,14.2725,5.6644e+06
SWN,1123162200,14.2725,14.38,14.1875,14.22,3.5444e+06
SWN,1123248600,14.295,14.305,13.1875,13.97,5.5608e+06
SWN,1123507800,14.125,14.275,13.875,13.9125,3.1312e+06
SWN,1123594200,13.9125,14.1025,13.585,13.875,3.0568e+06
SWN,1123680600,14.0625,14.3275,13.8375,14.3025,3.25e+06
SWN,1123767000,14.35,14.625,14.135,14.325,2.8568e+06
SWN,1123853400,14.325,14.4125,14.12,14.3125,1.8004e+06
SWN,1124112600,14.295,14.42,14.0625,14.1075,3.0816e+06
SWN,1124199000,13.95,13.95,13.5,13.5,5.5088e+06
SWN,1124285400,13.425,13.8275,12.78,12.87,8.2188e+06
SWN,1124371800,12.575,13.255,12.505,13.205,7.008e+06
SWN,1124458200,13.225,13.7,13.225,13.4525,3.31e+06
SWN,1124717400,13.6875,13.7025,13.275,13.4525,3.8352e+06
SWN,1124803800,13.5975,13.6,13.175,13.38,2.9204e+06
SWN,1124890200,13.275,13.6125,13.22,13.3725,3.3076e+06
SWN,1124976600,13.2725,13.425,13.0825,13.375,3.9936e+06
SWN,1125063000,13.375,13.4375,13.11,13.125,2.8e+06
SWN,1125322200,13.5,13.5,12.95,13.125,4.096e+06
SWN,1125408600,13.335,14.115,13.165,14.0175,9.3136e+06
SWN,1125495000,14.175,14.99,14,14.475,8.9556e+06
SWN,1125581400,14.475,14.875,14.19,14.8125,6.532e+06
SWN,1125667800,14.6375,14.6375,14.2725,14.3325,4.2448e+06
SWN,1126013400,14.3325,14.5,13.8525,14.2375,4.6608e+06
SWN,1126099800,14.25,14.37,14.0025,14.1325,4.9768e+06
SWN,1126186200,14.1325,14.245,13.94,13.975,3.3764e+06
SWN,1126272600,14.0725,14.5625,14.0675,14.3625,4.5636e+06
SWN,1126531800,14.3625,14.4325,14.125,14.2375,3.0648e+06
SWN,1126618200,14.2375,15.4225,14.1875,15.28,1.11744e+07
SWN,1126704600,15.5,15.515,15.015,15.3675,6.5524e+06
SWN,1126791000,15.435,15.6725,15.3625,15.58,1.74312e+07
SWN,1126877400,15.595,15.735,15.5,15.67,9.4772e+06
SWN,1127136600,15.9725,16.715,15.9725,16.2125,6.5184e+06
SWN,1127223000,16.2125,16.5325,15.8875,16.5025,6.0464e+06
SWN,1127309400,17,17,16.29,16.47,7.2544e+06
SWN,1127395800,16.5275,16.625,15.405,16.08,7.8824e+06
SWN,1127482200,15.965,16.0825,15.6825,15.7325,3.956e+06
SWN,1127741400,15.5,16.42,15.5,16.37,6.3228e+06
SWN,1127827800,16.5,16.5075,16.135,16.45,4.6376e+06
SWN,1127914200,17,17.83,16.98,17.7425,2.13504e+07
SWN,1128000600,18.0775,18.7,18.0775,18.5875,1.74224e+07
SWN,1128087000,18.6025,18.72,18.2075,18.35,8.4056e+06
SWN,1128346200,18.75,20.9,18.375,20.575,3.89836e+07
SWN,1128432600,20.6225,20.6225,19.695,19.7,1.76784e+07
SWN,1128519000,19.7625,20.225,18.625,18.8875,1.965e+07
SWN,1128605400,18.45,18.625,17.25,17.5275,2.67236e+07
SWN,1128691800,17.9225,18.1225,17.38,18,1.54676e+07
SWN,1128951000,18.2475,18.285,17.1675,17.325,1.0336e+07
SWN,1129037400,17.625,18,17.4625,17.8125,1.12708e+07
SWN,1129123800,17.8125,17.82,16.55,16.75,1.30856e+07
SWN,1129210200,16.75,16.75,15.6825,16.44,1.51276e+07
SWN,1129296600,16.2775,17.105,15.87,17.0325,1.31856e+07
SWN,1129555800,17.805,17.875,17.4375,17.5,9.5396e+06
SWN,1129642200,17.25,17.4,16.125,16.2075,1.10624e+07
SWN,1129728600,16.2075,16.85,15.5775,16.8275,1.62692e+07
SWN,1129815000,16.75,16.925,15.6375,15.65,1.98224e+07
SWN,1129901400,15.8375,16.31,15.65,16.0975,9.8504e+06
SWN,1130160600,15.775,17.2175,15.695,17.2175,1.18512e+07
SWN,1130247000,17.75,18.25,17.6425,17.925,1.33532e+07
SWN,1130333400,18.35,18.9325,18,18,1.71448e+07
SWN,1130419800,18.275,18.375,17.2625,17.445,1.02256e+07
SWN,1130506200,17.85,17.85,16.3725,17.7625,1.6842e+07
SWN,1130769000,17.7625,18.25,17.4725,18.135,1.21064e+07
SWN,1130855400,17.815,18.0475,17.515,17.7325,1.14512e+07
SWN,1130941800,17.7575,18.48,17.6425,18.385,9.864e+06
SWN,1131028200,18.525,18.9175,18.08,18.3,1.00352e+07
SWN,1131114600,18,18.165,17.085,17.355,1.10168e+07
SWN,1131373800,17.25,17.375,16.7275,17.2175,9.2432e+06
SWN,1131460200,17.2175,17.7,16.9675,17.515,6.6996e+06
SWN,1131546600,17.515,17.8375,16.935,17.1675,9.1428e+06
SWN,1131633000,16.875,16.915,15.8975,15.965,1.41528e+07
SWN,1131719400,15.7625,16.66,15.7625,16.5975,8.958e+06
SWN,1131978600,17,17.25,16.6575,16.9,8.1596e+06
SWN,1132065000,17.0275,17.415,16.7875,16.9425,8.1752e+06
SWN,1132151400,17.2,17.6225,16.9475,17.585,9.4036e+06
SWN,1132237800,17.8125,17.965,17.3775,17.55,8.2288e+06
SWN,1132324200,17.625,17.785,17.16,17.435,5.3844e+06
SWN,1132583400,17.625,18.42,17.51,18.315,6.0068e+06
SWN,1132669800,19.1,19.1,18.365,18.425,8.898e+06
SWN,1132756200,18.075,18.485,17.8,17.965,5.2744e+06
SWN,1132929000,17.965,18.58,17.95,18.235,2.0182e+06
SWN,1133188200,18.235,18.24,16.74,16.865,6.973e+06
SWN,1133274600,17.21,17.465,16.875,17.065,5.779e+06
SWN,1133361000,17.05,17.285,16.65,17.035,9.543e+06
SWN,1133447400,17.45,18.075,17.225,18.06,8.2084e+06
SWN,1133533800,18.355,18.375,17.65,18.18,6.8256e+06
SWN,1133793000,18.98,19.735,18.185,18.26,8.6848e+06
SWN,1133879400,17.885,18.495,17.85,18.05,6.1402e+06
SWN,1133965800,18.42,18.42,17.565,17.745,4.8802e+06
SWN,1134052200,17.75,18.2,17.74,18.09,4.4816e+06
SWN,1134138600,18.05,18.12,17.505,17.675,4.2472e+06
SWN,1134397800,18.15,18.175,17.785,17.97,4.4876e+06
SWN,1134484200,18.255,18.88,18.13,18.225,9.3394e+06
SWN,1134570600,17.975,19.25,17.975,18.64,7.008e+06
SWN,1134657000,18.425,18.625,17.925,18.135,5.2042e+06
SWN,1134743400,18.195,18.205,17.625,17.7,5.6336e+06
SWN,1135002600,17.82,18.01,17.28,17.495,5.8632e+06
SWN,1135089000,17.325,17.75,17.325,17.445,3.5702e+06
SWN,1135175400,17.78,18.535,17.72,18.455,3.00042e+07
SWN,1135261800,18.545,18.75,18.41,18.75,8.676e+06
SWN,1135348200,18.5,18.97,18.26,18.93,5.6142e+06
SWN,1135693800,18.65,18.655,17.79,18,6.9488e+06
SWN,1135780200,18.19,18.615,18.01,18.495,3.6164e+06
SWN,1135866600,18.35,18.69,16.28,18.16,4.733e+06
SWN,1135953000,17.925,18.215,17.65,17.97,4.336e+06
SWN,1136298600,18.2,18.82,18.175,18.785,6.4436e+06
SWN,1136385000,18.5,19.2,18.41,19.015,6.585e+06
SWN,1136471400,18.825,18.915,18.225,18.5,6.0246e+06
SWN,1136557800,19.025,19.12,18.43,18.59,5.7144e+06
SWN,1136817000,18.625,18.865,18.585,18.775,4.2638e+06
SWN,1136903400,18.9,19.65,18.85,19.515,5.4482e+06
SWN,1136989800,19.45,19.6,19.005,19.08,5.0824e+06
SWN,1137076200,19.475,20.2,19.25,19.46,7.2218e+06
SWN,1137162600,19.465,20.425,19.11,20.35,5.3408e+06
SWN,1137508200,20.925,21.225,20.58,20.885,7.7268e+06
SWN,1137594600,20.75,20.75,20.295,20.565,6.6104e+06
SWN,1137681000,20.44,21.375,20.395,21.275,4.1244e+06
SWN,1137767400,21.725,22.14,21.29,21.505,6.9212e+06
SWN,1138026600,21.505,21.795,21.13,21.71,4.0468e+06
SWN,1138113000,21.5,21.75,21.235,21.265,4.6804e+06
SWN,1138199400,21.3,21.455,20.24,20.355,7.4122e+06
SWN,1138285800,20.405,20.5,19.515,20,6.2314e+06
SWN,1138372200,20.525,20.91,20.325,20.45,3.2952e+06
SWN,1138631400,20.675,21.5,20.675,21.225,3.3998e+06
SWN,1138717800,21.025,21.6,20.9,21.57,3.502e+06
SWN,1138804200,21.695,21.995,20.755,20.885,4.5762e+06
SWN,1138890600,20.8,20.9,19.925,20.27,4.8462e+06
SWN,1138977000,20.295,20.5,19.8,19.9,3.5428e+06
SWN,1139236200,20.325,20.555,20.005,20.125,4.4768e+06
SWN,1139322600,19.825,19.825,18.42,18.59,8.4362e+06
SWN,1139409000,18.625,18.705,17.75,18.535,5.4864e+06
SWN,1139495400,18.535,18.84,17.455,17.54,7.723e+06
SWN,1139581800,17.675,17.75,16.76,16.965,8.9892e+06
SWN,1139841000,16.865,17.05,16.15,16.32,7.0746e+06
SWN,1139927400,15.625,16.47,15.595,16.425,9.2638e+06
SWN,1140013800,16.595,17.095,16.44,16.445,8.5762e+06
SWN,1140100200,16.9,17.38,16.815,17.24,5.982e+06
SWN,1140186600,17.62,17.85,17.425,17.485,5.107e+06
SWN,1140532200,17.85,18.05,17.465,17.635,4.8404e+06
SWN,1140618600,17.25,17.26,17,17.08,3.7888e+06
SWN,1140705000,17,17.355,16.83,16.92,4.165e+06
SWN,1140791400,17.125,17.275,16.875,16.935,3.0182e+06
SWN,1141050600,16.55,16.73,16.195,16.2,5.3104e+06
SWN,1141137000,15.9,16.24,15.65,16.045,5.8394e+06
SWN,1141223400,16.28,17.545,16.075,17.495,7.3516e+06
SWN,1141309800,17.58,17.78,17.125,17.38,4.9258e+06
SWN,1141396200,17.045,17.475,17.03,17.145,3.878e+06
SWN,1141655400,17.015,17.015,16.25,16.29,3.6276e+06
SWN,1141741800,16.05,16.125,15.21,15.365,7.4502e+06
SWN,1141828200,14.75,15.215,14.65,15.01,1.09178e+07
SWN,1141914600,15.375,15.4,14.71,14.745,7.2792e+06
SWN,1142001000,14.65,14.935,14.435,14.665,6.122e+06
SWN,1142260200,14.92,15.225,14.76,14.995,5.1212e+06
SWN,1142346600,15.22,15.54,14.825,15.465,5.0508e+06
SWN,1142433000,15.28,15.605,15.095,15.465,4.0796e+06
SWN,1142519400,15.375,16.125,15.365,15.975,5.1548e+06
SWN,1142605800,16.1,16.135,15.765,15.955,6.0796e+06
SWN,1142865000,15.955,16.135,15.245,15.285,3.8622e+06
SWN,1142951400,15.095,15.39,14.85,15,5.2956e+06
SWN,1143037800,14.95,15.46,14.9,15.28,3.5092e+06
SWN,1143124200,15.5,15.81,15.3,15.65,5.3808e+06
SWN,1143210600,15.805,16.45,15.805,16.36,6.1846e+06
SWN,1143469800,16.15,16.825,16,16.555,4.3972e+06
SWN,1143556200,16.815,17.115,16.6,16.685,3.8874e+06
SWN,1143642600,16.505,17.1,16.505,17,3.2344e+06
SWN,1143729000,17.04,17.33,16.785,16.815,4.2154e+06
SWN,1143815400,16.375,16.59,16.02,16.095,4.9466e+06
SWN,1144071000,16.49,16.765,16.21,16.295,4.8352e+06
SWN,1144157400,16.18,16.205,15.83,15.995,6.235e+06
SWN,1144243800,16.15,16.625,15.92,16.405,6.4294e+06
SWN,1144330200,16.625,16.9,16.62,16.855,6.4444e+06
SWN,1144416600,16.675,16.765,16.225,16.465,3.922e+06
SWN,1144675800,16.745,17.05,16.695,17.03,3.7578e+06
SWN,1144762200,17.285,17.84,17.125,17.44,6.7722e+06
SWN,1144848600,17.445,17.58,16.935,17.06,3.4218e+06
SWN,1144935000,16.825,17,16.535,16.75,3.7448e+06
SWN,1145280600,17.09,17.695,17.02,17.69,4.7992e+06
SWN,1145367000,18.05,19.1,17.98,18.98,8.6002e+06
SWN,1145453400,19.025,20.375,18.575,19.985,9.2622e+06
SWN,1145539800,20.285,20.285,19.105,19.555,5.3224e+06
SWN,1145626200,19.65,19.84,19.355,19.71,4.0548e+06
SWN,1145885400,19.45,19.48,18.88,19.175,3.354e+06
SWN,1145971800,19.5,19.695,18.69,19.075,4.2412e+06
SWN,1146058200,18.975,19.325,18.255,18.39,4.4768e+06
SWN,1146144600,18.395,18.51,17.88,18.07,5.0632e+06
SWN,1146231000,18.17,18.505,17.96,18.01,3.2484e+06
SWN,1146490200,18.435,18.71,18.21,18.37,3.3594e+06
SWN,1146576600,19.35,19.96,18.9,19.17,6.7376e+06
SWN,1146663000,19.185,19.185,18.625,18.75,3.2856e+06
SWN,1146749400,18.425,19.075,18.3,18.43,4.4518e+06
SWN,1146835800,18.875,19.34,18.75,19.305,3.459e+06
SWN,1147095000,18.85,19.175,18.505,19.07,2.566e+06
SWN,1147181400,19.065,19.45,18.94,19.165,2.575e+06
SWN,1147267800,19.125,19.68,18.955,19.65,3.5944e+06
SWN,1147354200,20.125,20.585,19.55,19.555,6.4884e+06
SWN,1147440600,19.095,19.195,18.45,18.575,4.4532e+06
SWN,1147699800,18.2,18.2,17.355,17.64,7.123e+06
SWN,1147786200,17.905,18.035,17.295,17.445,3.374e+06
SWN,1147872600,17.35,17.595,16.43,16.54,5.903e+06
SWN,1147959000,16.55,16.82,15.8,15.82,4.6368e+06
SWN,1148045400,15.82,16.185,15.3,15.77,6.9702e+06
SWN,1148304600,15.595,15.6,14.93,15.5,1.05178e+07
SWN,1148391000,16.24,16.25,15.385,15.445,8.7788e+06
SWN,1148477400,15.125,15.505,14.535,15.03,6.744e+06
SWN,1148563800,15.375,15.66,15.02,15.595,6.0986e+06
SWN,1148650200,15.505,15.83,15.365,15.69,2.8224e+06
SWN,1148995800,16.3,16.55,15.56,15.635,5.0164e+06
SWN,1149082200,15.625,16.175,15.45,16.15,1.01046e+07
SWN,1149168600,15.95,16.42,15.775,16.185,5.4184e+06
SWN,1149255000,16.465,16.465,16.045,16.39,3.9136e+06
SWN,1149514200,16.505,16.545,15.58,15.685,4.3936e+06
SWN,1149600600,15.71,15.81,14.945,15.11,7.1058e+06
SWN,1149687000,14.83,14.895,14.22,14.245,8.6902e+06
SWN,1149773400,14.09,14.09,13.15,14,1.01926e+07
SWN,1149859800,14.125,14.195,13.375,13.51,8.6294e+06
SWN,1150119000,13.58,13.72,12.915,12.94,7.2056e+06
SWN,1150205400,12.55,12.76,11.83,12.4,1.11938e+07
SWN,1150291800,12.745,14.155,12.725,14.025,1.4697e+07
SWN,1150378200,14.29,14.905,14.105,14.82,8.9504e+06
SWN,1150464600,14.835,14.94,14.275,14.565,5.8464e+06
SWN,1150723800,14.39,14.45,13.45,13.585,6.5398e+06
SWN,1150810200,13.795,13.97,13.345,13.375,4.3088e+06
SWN,1150896600,13.5,14.045,13.45,13.745,4.1922e+06
SWN,1150983000,13.62,13.83,13.355,13.485,4.2418e+06
SWN,1151069400,14.4,15.45,14.25,15.045,1.26226e+07
SWN,1151328600,15.15,15.15,14.455,14.755,4.3222e+06
SWN,1151415000,14.845,15.095,14.535,14.595,5.0716e+06
SWN,1151501400,14.725,14.98,14.415,14.94,3.7944e+06
SWN,1151587800,15.075,15.44,14.905,15.43,5.046e+06
SWN,1151674200,15.485,15.77,15.155,15.58,4.1158e+06
SWN,1151933400,15.8,15.865,15.565,15.775,1.6436e+06
SWN,1152106200,15.7,15.775,14.965,15.27,4.4002e+06
SWN,1152192600,15.255,15.32,14.81,14.875,4.2288e+06
SWN,1152279000,15.05,15.22,14.505,14.575,3.045e+06
SWN,1152538200,14.625,14.755,14.39,14.415,3.3916e+06
SWN,1152624600,14.5,14.875,14.325,14.82,3.6686e+06
SWN,1152711000,15.325,15.5,14.82,14.83,5.572e+06
SWN,1152797400,14.9,14.955,14.245,14.265,4.5906e+06
SWN,1152883800,14.5,14.58,13.975,14.215,4.5212e+06
SWN,1153143000,14.1,14.18,13.875,13.975,3.5504e+06
SWN,1153229400,14.2,14.23,13.925,14.12,5.3676e+06
SWN,1153315800,14.15,14.6,14.12,14.48,3.583e+06
SWN,1153402200,14.525,14.61,14.225,14.295,3.9804e+06
SWN,1153488600,14.5,14.54,14.02,14.095,4.2974e+06
SWN,1153747800,14.095,14.935,14.095,14.89,4.5676e+06
SWN,1153834200,15.35,15.925,15.125,15.85,7.8796e+06
SWN,1153920600,15.85,16.815,15.655,16.625,6.9052e+06
SWN,1154007000,16.96,17.085,16.275,16.365,6.6672e+06
SWN,1154093400,15.8,16.52,15.55,16.47,3.7564e+06
SWN,1154352600,16.935,17.75,16.885,17.2,6.8852e+06
SWN,1154439000,17.4,18.835,16.88,18.735,1.5401e+07
SWN,1154525400,19.075,19.195,17.555,18,1.39536e+07
SWN,1154611800,17.5,17.89,17.25,17.71,6.6862e+06
SWN,1154698200,17.71,17.96,17.16,17.44,4.8956e+06
SWN,1154957400,17.44,17.735,17.18,17.43,3.6662e+06
SWN,1155043800,17.41,17.575,17.105,17.16,3.9156e+06
SWN,1155130200,17.25,18.045,17.25,17.66,4.9684e+06
SWN,1155216600,17.5,17.77,17.225,17.64,3.8538e+06
SWN,1155303000,17.65,17.73,17.23,17.405,2.7094e+06
SWN,1155562200,16.75,17.095,16.535,16.8,4.5594e+06
SWN,1155648600,17.07,17.115,16.705,17.045,3.2736e+06
SWN,1155735000,17.095,17.545,16.94,17.01,3.6582e+06
SWN,1155821400,16.95,17.26,16.81,17.19,4.5386e+06
SWN,1155907800,17.2,17.355,17.12,17.145,4.4762e+06
SWN,1156167000,17.2,17.585,17.09,17.435,3.359e+06
SWN,1156253400,17.405,17.635,17.375,17.525,3.1186e+06
SWN,1156339800,17.41,17.58,17.09,17.205,2.7548e+06
SWN,1156426200,17.295,17.615,17.145,17.55,3.2222e+06
SWN,1156512600,17.875,18.465,17.805,18.25,5.5928e+06
SWN,1156771800,17.82,18.025,17.555,17.965,3.6952e+06
SWN,1156858200,17.7,17.75,17.41,17.59,5.2042e+06
SWN,1156944600,17.5,17.61,17.025,17.25,6.1788e+06
SWN,1157031000,17.225,17.54,17.15,17.175,3.0572e+06
SWN,1157117400,17.5,19.5,17.435,17.87,3.5524e+06
SWN,1157463000,17.635,18.265,17.58,18.145,2.9982e+06
SWN,1157549400,18.15,18.7,17.9,18.06,5.7686e+06
SWN,1157635800,17.8,17.995,17.6,17.79,3.696e+06
SWN,1157722200,17.79,17.79,16.9,17.015,5.8656e+06
SWN,1157981400,16.825,16.825,16.125,16.275,7.4692e+06
SWN,1158067800,16.075,16.695,16.075,16.455,5.711e+06
SWN,1158154200,16.525,16.875,16.525,16.825,3.8912e+06
SWN,1158240600,16.78,16.845,15.51,15.79,8.4742e+06
SWN,1158327000,16.22,16.22,15.265,15.27,9.9746e+06
SWN,1158586200,15.39,16.025,15.29,16.025,6.0408e+06
SWN,1158672600,16.105,16.25,15.04,15.295,6.0042e+06
SWN,1158759000,15.15,15.265,14.485,14.615,6.5374e+06
SWN,1158845400,14.64,15.325,14.64,14.985,6.4856e+06
SWN,1158931800,15,15.005,14.32,14.415,5.4828e+06
SWN,1159191000,14.18,14.555,13.92,14.485,5.2612e+06
SWN,1159277400,14.36,15.115,14.32,15.11,5.409e+06
SWN,1159363800,15.44,15.45,14.74,15.04,5.3536e+06
SWN,1159450200,15.04,15.54,15.005,15.22,4.1172e+06
SWN,1159536600,14.95,15.3,14.85,14.935,4.5514e+06
SWN,1159795800,14.935,15.265,14.51,14.6,3.6636e+06
SWN,1159882200,14.31,14.31,13.89,13.93,5.6002e+06
SWN,1159968600,13.93,14.335,13.615,14.2,7.506e+06
SWN,1160055000,14.695,14.955,14.435,14.81,5.7314e+06
SWN,1160141400,14.625,14.905,14.265,14.74,4.352e+06
SWN,1160400600,14.65,15.125,14.425,14.51,5.122e+06
SWN,1160487000,14.45,15.16,14.44,15.04,5.102e+06
SWN,1160573400,14.875,14.995,14.41,14.525,4.8108e+06
SWN,1160659800,14.53,15.065,14.53,15.05,4.5246e+06
SWN,1160746200,15.105,15.58,15.08,15.175,3.9786e+06
SWN,1161005400,15.175,16.53,15.16,16.53,1.0512e+07
SWN,1161091800,16.725,16.725,15.71,16.065,6.67e+06
SWN,1161178200,16.25,16.885,16.25,16.745,7.8316e+06
SWN,1161264600,17.275,18.05,17.25,17.86,1.06994e+07
SWN,1161351000,17.86,17.94,17.335,17.675,6.9022e+06
SWN,1161610200,17.625,18.15,17.44,17.995,6.7322e+06
SWN,1161696600,17.425,18.2,17.365,18.11,5.39e+06
SWN,1161783000,17.785,19.375,17.78,18.75,9.4494e+06
SWN,1161869400,18.8,18.87,18.125,18.27,6.5102e+06
SWN,1161955800,18.1,18.71,17.97,18.05,3.5106e+06
SWN,1162218600,17.685,18.01,17.365,17.775,3.9436e+06
SWN,1162305000,17.7,17.885,17.195,17.79,5.3788e+06
SWN,1162391400,17.785,18.075,17.41,17.565,4.146e+06
SWN,1162477800,17.25,17.875,17.22,17.73,3.816e+06
SWN,1162564200,17.835,18.3,17.83,18.035,3.074e+06
SWN,1162823400,17.875,18.195,17.6,17.97,2.9778e+06
SWN,1162909800,17.935,18.175,17.7,17.91,3.2172e+06
SWN,1162996200,17.79,18.325,17.7,17.95,4.6836e+06
SWN,1163082600,18.125,18.925,18.06,18.325,4.9184e+06
SWN,1163169000,18.325,18.355,17.835,18.175,3.1392e+06
SWN,1163428200,18,18.3,17.815,18.075,2.1748e+06
SWN,1163514600,18.355,18.375,18.075,18.335,3.441e+06
SWN,1163601000,18.3,19.375,18.255,19.185,5.5938e+06
SWN,1163687400,19.24,19.705,18.555,18.665,7.8468e+06
SWN,1163773800,18.555,19.5,18.29,19.15,5.2012e+06
SWN,1164033000,19.15,19.415,18.77,19.135,3.4256e+06
SWN,1164119400,19.23,19.895,19.15,19.845,4.04e+06
SWN,1164205800,19.925,20,19.325,19.86,4.7294e+06
SWN,1164378600,19.725,19.95,19.5,19.89,1.5018e+06
SWN,1164637800,19.94,20,19.25,19.47,3.726e+06
SWN,1164724200,19.3,19.89,19.225,19.7,5.709e+06
SWN,1164810600,19.875,20.825,19.845,20.665,5.7292e+06
SWN,1164897000,20.75,21.325,20.3,21.065,7.4312e+06
SWN,1164983400,20.99,21.48,20.555,21.295,5.583e+06
SWN,1165242600,21,21.04,20.58,20.895,4e+06
SWN,1165329000,20.99,21.22,20.635,20.7,5.7496e+06
SWN,1165415400,20.7,21.175,20.57,20.71,4.1142e+06
SWN,1165501800,20.71,20.76,20.12,20.36,4.7092e+06
SWN,1165588200,20.49,20.7,20.24,20.335,3.9532e+06
SWN,1165847400,20.235,20.235,19.78,19.945,5.3338e+06
SWN,1165933800,19.95,20.05,19.37,19.57,5.5788e+06
SWN,1166020200,19.57,19.83,19.34,19.635,3.4108e+06
SWN,1166106600,19.875,20.3,19.645,19.72,5.7848e+06
SWN,1166193000,20.455,20.58,19.275,19.5,4.4546e+06
SWN,1166452200,19.765,19.88,18.22,18.405,8.671e+06
SWN,1166538600,18.405,19.125,18.265,18.895,7.4532e+06
SWN,1166625000,18.93,19,18.435,18.46,3.7426e+06
SWN,1166711400,18.475,18.595,18.075,18.29,2.9768e+06
SWN,1166797800,18.26,18.29,17.995,18.07,2.2236e+06
SWN,1167143400,17.98,18.13,17.42,17.77,3.5754e+06
SWN,1167229800,17.93,18.005,17.46,17.955,3.577e+06
SWN,1167316200,18,18.2,17.765,17.82,2.82e+06
SWN,1167402600,17.75,17.845,17.275,17.525,4.8252e+06
SWN,1167834600,17.525,17.525,16.215,16.435,1.0001e+07
SWN,1167921000,16.035,16.795,15.57,16.57,1.05586e+07
SWN,1168007400,16.215,17.035,16.12,16.775,9.9434e+06
SWN,1168266600,17.35,17.41,16.755,17.12,5.9344e+06
SWN,1168353000,16.895,17.255,16.75,17.08,4.963e+06
SWN,1168439400,16.22,17.235,16.22,17.095,6.1974e+06
SWN,1168525800,17.125,17.555,16.685,16.775,5.247e+06
SWN,1168612200,16.88,17.55,16.855,17.515,3.5268e+06
SWN,1168957800,17.51,17.575,17.19,17.245,4.8192e+06
SWN,1169044200,16.9,17.36,16.89,17.2,5.2106e+06
SWN,1169130600,17.215,17.485,16.85,17.025,3.9788e+06
SWN,1169217000,17.175,18.24,17.15,18.23,5.613e+06
SWN,1169476200,18.6,18.91,17.88,18.205,6.6338e+06
SWN,1169562600,18.5,19.06,18.5,18.87,5.6326e+06
SWN,1169649000,18.675,19.23,18.525,19.15,4.4304e+06
SWN,1169735400,19.05,19.095,18.165,18.36,5.1804e+06
SWN,1169821800,18.46,18.725,18.345,18.615,2.485e+06
SWN,1170081000,18.615,18.965,18.32,18.495,3.775e+06
SWN,1170167400,18.745,19.265,18.74,19.15,5.2646e+06
SWN,1170253800,18.97,19.34,18.89,19.23,6.3014e+06
SWN,1170340200,19.275,19.64,19.1,19.5,4.8954e+06
SWN,1170426600,19.5,19.65,19,19.41,3.8066e+06
SWN,1170685800,19.67,20.045,19.395,19.5,4.319e+06
SWN,1170772200,19.705,19.705,18.945,19.195,4.0462e+06
SWN,1170858600,19.255,19.465,18.785,18.89,3.7488e+06
SWN,1170945000,18.935,19.145,18.605,19.14,5.263e+06
SWN,1171031400,19.1,19.4,18.92,19.075,1.8662e+06
SWN,1171290600,18.705,18.92,18.505,18.715,2.2732e+06
SWN,1171377000,18.85,18.965,18.67,18.935,2.5586e+06
SWN,1171463400,18.925,19.275,18.805,19.035,2.13e+06
SWN,1171549800,18.975,19.005,18.635,18.735,2.539e+06
SWN,1171636200,18.74,19,18.58,18.995,3.1392e+06
SWN,1171981800,18.69,19.03,18.61,18.98,1.9724e+06
SWN,1172068200,18.9,19.375,18.85,19.325,2.5166e+06
SWN,1172154600,19.4,19.765,19.265,19.765,3.3844e+06
SWN,1172241000,19.89,20.3,19.88,20.185,4.7018e+06
SWN,1172500200,20.21,20.465,20.075,20.18,3.0384e+06
SWN,1172586600,19.68,19.93,19.125,19.215,4.224e+06
SWN,1172673000,19.285,19.605,18.96,19.56,4.8552e+06
SWN,1172759400,18.705,19.53,17.775,18.955,9.5208e+06
SWN,1172845800,19.025,19.245,18.625,18.675,3.5522e+06
SWN,1173105000,18.525,18.685,18,18.005,5.6652e+06
SWN,1173191400,18.18,18.92,18.18,18.785,4.687e+06
SWN,1173277800,18.7,19.53,18.685,19.175,4.1332e+06
SWN,1173364200,19.275,19.61,19.19,19.395,3.023e+06
SWN,1173450600,19.565,19.63,19.05,19.2,3.3278e+06
SWN,1173706200,19.125,19.17,18.815,19.13,2.1954e+06
SWN,1173792600,19.055,19.56,18.825,18.935,3.8044e+06
SWN,1173879000,19.17,19.345,18.71,19.305,2.727e+06
SWN,1173965400,19.305,19.54,19.16,19.23,1.957e+06
SWN,1174051800,19.23,19.4,18.87,18.93,2.1168e+06
SWN,1174311000,19.275,19.555,19.25,19.545,2.0616e+06
SWN,1174397400,19.5,20.08,19.495,19.985,4.1848e+06
SWN,1174483800,20,20.445,19.855,20.345,2.9046e+06
SWN,1174570200,20.51,20.82,20.41,20.64,3.952e+06
SWN,1174656600,20.6,20.705,20.195,20.3,3.3028e+06
SWN,1174915800,20.425,20.655,20.25,20.375,3.5362e+06
SWN,1175002200,20.375,20.49,20.205,20.435,3.0372e+06
SWN,1175088600,20.575,20.655,20.215,20.325,2.736e+06
SWN,1175175000,20.375,20.785,19.99,20.58,5.2598e+06
SWN,1175261400,20.515,20.765,20.315,20.49,5.2552e+06
SWN,1175520600,20.6,20.73,20.39,20.69,4.4816e+06
SWN,1175607000,20.695,20.895,20.375,20.795,2.8266e+06
SWN,1175693400,20.7,21,20.48,20.94,2.2842e+06
SWN,1175779800,20.855,21,20.755,20.85,2.0858e+06
SWN,1176125400,20.895,21.445,20.885,21.065,3.5898e+06
SWN,1176211800,21.255,22,21.2,21.965,5.396e+06
SWN,1176298200,22,22.215,21.475,21.75,6.3102e+06
SWN,1176384600,21.86,22.225,21.725,22.175,4.99e+06
SWN,1176471000,22.17,22.555,21.855,22.495,4.2498e+06
SWN,1176730200,22.425,22.445,21.8,21.975,4.7838e+06
SWN,1176816600,22.06,22.16,21.335,21.485,6.8158e+06
SWN,1176903000,21.325,21.445,21.065,21.275,5.9268e+06
SWN,1176989400,21.145,21.145,20.755,20.935,3.7608e+06
SWN,1177075800,20.9,21.25,20.9,21.24,5.2836e+06
SWN,1177335000,21.22,21.365,20.94,21.255,5.0434e+06
SWN,1177421400,21.35,21.725,21.2,21.405,4.1564e+06
SWN,1177507800,21.675,22.19,21.43,22.035,4.4842e+06
SWN,1177594200,21.995,22.07,21.585,21.65,5.4584e+06
SWN,1177680600,21.65,21.77,21.435,21.545,4.0694e+06
SWN,1177939800,21.565,21.69,21,21,3.2396e+06
SWN,1178026200,21.105,21.105,20.42,20.875,5.758e+06
SWN,1178112600,20.955,21.765,20.925,21.59,6.7284e+06
SWN,1178199000,21.59,21.7,21.305,21.585,5.2214e+06
SWN,1178285400,21.66,22.135,21.445,21.725,7.4432e+06
SWN,1178544600,21.68,21.725,21.425,21.56,2.5994e+06
SWN,1178631000,21.415,21.755,21.23,21.75,3.9158e+06
SWN,1178717400,21.59,21.725,21.215,21.535,3.4642e+06
SWN,1178803800,21.5,21.575,21.01,21.105,4.186e+06
SWN,1178890200,21.31,21.645,21.11,21.635,3.5102e+06
SWN,1179149400,21.72,21.99,21.575,21.855,3.371e+06
SWN,1179235800,21.75,21.78,21.32,21.445,3.722e+06
SWN,1179322200,21.675,21.75,20.98,21.51,2.8336e+06
SWN,1179408600,21.625,22.83,21.48,22.545,1.08012e+07
SWN,1179495000,22.555,23,22.555,22.95,5.0358e+06
SWN,1179754200,22.905,23.515,22.79,23.295,4.3042e+06
SWN,1179840600,23.3,23.65,23.01,23.38,6.2232e+06
SWN,1179927000,23.435,23.805,23.175,23.21,4.23e+06
SWN,1180013400,23.48,23.565,22.46,22.595,3.0886e+06
SWN,1180099800,22.885,23.15,22.75,23.12,1.9226e+06
SWN,1180445400,23.12,23.61,22.84,23.11,3.28e+06
SWN,1180531800,22.95,23.965,22.95,23.965,4.3536e+06
SWN,1180618200,23.99,24.115,23.6,23.8,4.2392e+06
SWN,1180704600,24.08,24.08,23.64,23.795,3.4842e+06
SWN,1180963800,23.8,24.775,23.8,24.66,3.3646e+06
SWN,1181050200,24.665,24.745,24.31,24.505,3.6154e+06
SWN,1181136600,24.425,24.43,23.695,23.725,4.3186e+06
SWN,1181223000,23.635,23.715,22.55,22.75,5.233e+06
SWN,1181309400,22.525,23.03,22.525,23.03,3.2486e+06
SWN,1181568600,23.035,23.55,22.895,23.46,2.9768e+06
SWN,1181655000,23.495,23.8,23.005,23.355,3.1344e+06
SWN,1181741400,23.055,24.485,23.055,24.37,4.233e+06
SWN,1181827800,24,24.975,24,24.85,4.9564e+06
SWN,1181914200,25.085,25.18,24.65,24.785,4.2026e+06
SWN,1182173400,24.75,25.125,24.585,25.085,2.617e+06
SWN,1182259800,25.125,25.26,24.98,25.065,5.0198e+06
SWN,1182346200,25.025,25.23,24.54,24.585,6.1258e+06
SWN,1182432600,24.75,25.125,24.49,25.09,2.8408e+06
SWN,1182519000,24.91,25.02,24.095,24.22,4.199e+06
SWN,1182778200,24.15,24.15,23.53,23.74,4.7004e+06
SWN,1182864600,23.675,23.715,22.65,22.84,5.1248e+06
SWN,1182951000,22.005,23.19,22,23.15,6.0622e+06
SWN,1183037400,23.95,23.95,21.99,22.39,6.8882e+06
SWN,1183123800,21.875,22.69,21.875,22.25,6.9682e+06
SWN,1183383000,22.395,22.45,22.06,22.435,3.8976e+06
SWN,1183469400,22.575,22.965,22.575,22.85,2.6688e+06
SWN,1183642200,23.14,23.225,22.51,22.735,5.3276e+06
SWN,1183728600,23,23.095,22.415,22.51,4.332e+06
SWN,1183987800,22.7,22.955,22.605,22.69,2.987e+06
SWN,1184074200,22.58,22.815,22.275,22.485,2.7198e+06
SWN,1184160600,22.4,22.56,22.165,22.475,2.2572e+06
SWN,1184247000,22.685,22.835,21.77,22.1,5.2056e+06
SWN,1184333400,22.13,22.66,22.005,22.475,3.6684e+06
SWN,1184592600,22.425,22.64,21.505,21.715,4.072e+06
SWN,1184679000,22,22.27,21.525,21.72,3.0942e+06
SWN,1184765400,21.685,22.315,21.655,22.265,3.41e+06
SWN,1184851800,22.475,22.76,22.375,22.635,4.9622e+06
SWN,1184938200,22.64,22.735,21.835,21.93,4.0194e+06
SWN,1185197400,21.825,21.825,20.92,21.1,5.3766e+06
SWN,1185283800,20.75,20.77,19.875,20.04,5.8378e+06
SWN,1185370200,20.32,20.4,19.48,19.625,1.37352e+07
SWN,1185456600,19.23,19.575,19.05,19.42,9.9122e+06
SWN,1185543000,19.15,20.18,19.015,19.635,1.22518e+07
SWN,1185802200,20.335,20.635,19.84,20.335,1.27384e+07
SWN,1185888600,20.65,21.295,20.2,20.315,5.9798e+06
SWN,1185975000,20.4,21.495,19.635,20.435,8.937e+06
SWN,1186061400,20.745,21.475,20.185,20.36,6.813e+06
SWN,1186147800,20.445,20.69,19.975,19.985,7.027e+06
SWN,1186407000,20,20.175,19,19.575,6.4638e+06
SWN,1186493400,19.425,20.065,19.22,19.865,6.1074e+06
SWN,1186579800,20.145,21.525,20.035,20.99,9.0296e+06
SWN,1186666200,20.5,21.75,20.195,20.49,7.3472e+06
SWN,1186752600,20.185,20.98,19.615,20.465,6.784e+06
SWN,1187011800,21,21.04,20.33,20.435,3.662e+06
SWN,1187098200,20.435,20.625,19.855,19.87,4.4492e+06
SWN,1187184600,19.88,20.14,19.035,19.12,6.1864e+06
SWN,1187271000,18.7,19.23,18.065,18.965,6.616e+06
SWN,1187357400,19.745,19.83,18.71,19.68,4.55e+06
SWN,1187616600,19.625,19.625,18.855,19.06,5.1374e+06
SWN,1187703000,19.075,19.075,18.39,18.45,4.9328e+06
SWN,1187789400,18.715,18.81,18.39,18.57,5.788e+06
SWN,1187875800,18.75,19.01,18.43,18.74,3.3498e+06
SWN,1187962200,18.65,19.2,18.6,19.18,3.5444e+06
SWN,1188221400,19.065,19.075,18.6,18.755,3.2792e+06
SWN,1188307800,18.66,18.78,17.935,17.995,5.9062e+06
SWN,1188394200,18.13,18.285,17.835,18.06,6.7228e+06
SWN,1188480600,17.9,18.49,17.9,18.01,4.2202e+06
SWN,1188567000,18.185,18.83,18.135,18.595,5.7218e+06
SWN,1188912600,18.46,19.65,18.46,19.5,5.6618e+06
SWN,1188999000,19.53,20.025,19.53,19.925,4.3624e+06
SWN,1189085400,20.33,20.33,19.705,19.96,3.1258e+06
SWN,1189171800,19.59,19.745,19.33,19.465,3.1078e+06
SWN,1189431000,19.565,19.57,18.775,19.38,3.716e+06
SWN,1189517400,19.425,19.9,19.19,19.895,4.66e+06
SWN,1189603800,19.92,20.845,19.77,20.8,5.8144e+06
SWN,1189690200,20.95,21.04,20.41,20.585,3.0876e+06
SWN,1189776600,20.665,21.325,20.5,21.245,3.3562e+06
SWN,1190035800,21.335,21.75,21.15,21.26,2.7958e+06
SWN,1190122200,21.11,22.035,20.89,21.895,4.2706e+06
SWN,1190208600,21.895,22.22,21.44,21.725,4.72e+06
SWN,1190295000,21.75,21.75,21.315,21.52,2.9626e+06
SWN,1190381400,21.595,22.19,21.51,21.915,7.0306e+06
SWN,1190640600,21.89,22.05,21.28,21.485,4.2414e+06
SWN,1190727000,21.08,21.385,20.88,21.015,2.5164e+06
SWN,1190813400,21.025,21.33,20.905,21.17,3.693e+06
SWN,1190899800,21.325,21.325,21.01,21.22,1.7698e+06
SWN,1190986200,21.355,21.485,20.78,20.925,2.3664e+06
SWN,1191245400,20.86,21.255,20.85,21.255,2.5952e+06
SWN,1191331800,21.155,21.81,21.085,21.735,4.1588e+06
SWN,1191418200,21.6,21.94,21.32,21.745,2.6142e+06
SWN,1191504600,21.795,22.355,21.505,22.215,3.0334e+06
SWN,1191591000,22.235,22.5,22.05,22.45,2.9348e+06
SWN,1191850200,22.175,22.24,21.785,21.935,1.7644e+06
SWN,1191936600,21.87,22.42,21.87,22.35,2.546e+06
SWN,1192023000,22.155,22.765,22.13,22.57,3.9828e+06
SWN,1192109400,22.765,23.29,22.405,22.65,4.517e+06
SWN,1192195800,22.695,22.955,22.48,22.75,1.8922e+06
SWN,1192455000,23.495,23.545,22.85,23.105,2.9434e+06
SWN,1192541400,23.115,23.745,23.045,23.34,3.6446e+06
SWN,1192627800,23.505,23.58,22.695,22.875,2.6028e+06
SWN,1192714200,22.61,24.035,22.61,23.945,3.9638e+06
SWN,1192800600,23.96,24.01,23.22,23.295,5.1428e+06
SWN,1193059800,22.85,23.185,22.42,23.025,4.0418e+06
SWN,1193146200,23.105,23.25,22.71,23.06,3.2482e+06
SWN,1193232600,22.965,23.85,22.87,23.785,3.4342e+06
SWN,1193319000,24.04,24.47,23.835,24.39,4.513e+06
SWN,1193405400,24.44,25.87,24.36,25.43,7.6794e+06
SWN,1193664600,25.67,25.67,24.98,25.165,2.685e+06
SWN,1193751000,25,25.465,24.975,25.2,3.7574e+06
SWN,1193837400,25.45,25.865,25.06,25.865,4.8056e+06
SWN,1193923800,27,27.85,26.645,27.065,1.37852e+07
SWN,1194010200,27.39,28.21,27.285,27.74,7.3894e+06
SWN,1194273000,27.63,27.63,26.515,26.745,5.8908e+06
SWN,1194359400,27.275,27.275,26.85,27.18,9.1284e+06
SWN,1194445800,27.24,27.8,26.85,27.225,8.2568e+06
SWN,1194532200,27.35,27.41,26.405,27.085,7.2248e+06
SWN,1194618600,26.96,26.96,26.045,26.24,5.6298e+06
SWN,1194877800,26.22,26.22,24.41,24.585,5.0308e+06
SWN,1194964200,24.595,25.485,24.555,25.39,4.5908e+06
SWN,1195050600,25.57,26.615,25.57,26.13,3.87e+06
SWN,1195137000,26.125,26.445,25.205,25.67,4.9116e+06
SWN,1195223400,26,26.63,25.575,25.985,5.38e+06
SWN,1195482600,25.765,26.04,25.235,25.31,3.8988e+06
SWN,1195569000,25.325,25.93,24.525,24.9,5.3704e+06
SWN,1195655400,24.495,24.965,23.85,24.62,4.9778e+06
SWN,1195828200,24.805,25.14,24.47,24.845,962400
SWN,1196087400,24.885,25.765,24.81,24.9,3.6796e+06
SWN,1196173800,24.875,25.01,24.25,24.795,5.3812e+06
SWN,1196260200,24.8,25.485,24.62,25.355,3.1324e+06
SWN,1196346600,25.6,25.89,25.225,25.415,3.6674e+06
SWN,1196433000,25.245,25.57,24.485,24.885,4.0244e+06
SWN,1196692200,24.61,25.425,24.61,24.96,4.004e+06
SWN,1196778600,24.695,25.655,24.68,25.49,3.607e+06
SWN,1196865000,25.5,26.67,25.445,26.375,3.7664e+06
SWN,1196951400,26.39,27.21,26.16,26.99,2.9668e+06
SWN,1197037800,27.105,27.245,26.725,27.19,2.1908e+06
SWN,1197297000,27.32,27.52,26.56,26.835,2.5622e+06
SWN,1197383400,26.955,27.5,26.44,26.475,4.0162e+06
SWN,1197469800,27.03,27.635,26.87,27.18,2.7344e+06
SWN,1197556200,27,27.1,26.185,26.675,3.2332e+06
SWN,1197642600,26.41,26.525,26.09,26.14,2.2244e+06
SWN,1197901800,26.07,26.185,25.26,25.405,2.652e+06
SWN,1197988200,25.59,26.41,25.59,25.79,3.73e+06
SWN,1198074600,25.675,27.42,25.595,26.845,5.172e+06
SWN,1198161000,27.095,27.69,26.92,27.575,3.874e+06
SWN,1198247400,27.725,28.265,27.495,28.265,3.8512e+06
SWN,1198506600,28.41,28.5,27.92,28.025,1.0124e+06
SWN,1198679400,28.175,28.305,27.86,28.23,1.8972e+06
SWN,1198765800,28.23,28.335,27.68,27.795,2.1374e+06
SWN,1198852200,27.695,28.13,27.335,27.755,2.2126e+06
SWN,1199111400,27.855,28.365,27.755,27.86,1.7388e+06
SWN,1199284200,28,29.315,27.9,29.305,8.8914e+06
SWN,1199370600,29.495,29.615,29,29.565,4.0062e+06
SWN,1199457000,29.34,29.57,28.125,28.31,5.7728e+06
SWN,1199716200,28.31,28.715,27.42,27.955,5.1672e+06
SWN,1199802600,28.11,28.57,27.845,27.985,7.035e+06
SWN,1199889000,27.78,29.23,27.71,28.795,6.0444e+06
SWN,1199975400,28.72,29.555,28.315,29.525,5.239e+06
SWN,1200061800,29.225,29.785,28.935,28.99,6.2384e+06
SWN,1200321000,29.555,30.09,29.38,30.01,5.466e+06
SWN,1200407400,29.68,29.68,28.325,28.345,5.296e+06
SWN,1200493800,28.285,28.285,25.705,26.585,7.826e+06
SWN,1200580200,26.64,26.975,24.705,24.82,7.4606e+06
SWN,1200666600,24.87,25.61,24.205,25.42,7.7628e+06
SWN,1201012200,24.33,25.505,23.91,25.41,5.8222e+06
SWN,1201098600,24.995,25.8,23.77,25.46,9.0302e+06
SWN,1201185000,25.7,26.035,25.13,25.85,7.6502e+06
SWN,1201271400,26.085,26.71,25.305,25.525,3.9794e+06
SWN,1201530600,25.48,26.48,25.05,26.475,4.636e+06
SWN,1201617000,26.675,27.19,26.145,26.67,3.9084e+06
SWN,1201703400,26.45,27.48,26.35,26.975,4.1916e+06
SWN,1201789800,26.635,28.125,26.15,28.05,6.5412e+06
SWN,1201876200,28,28.545,27.405,28.055,5.805e+06
SWN,1202135400,27.795,28.94,27.79,28.585,3.7842e+06
SWN,1202221800,28.125,28.34,27.115,27.115,4.1364e+06
SWN,1202308200,27.9,27.91,26.54,26.55,3.7698e+06
SWN,1202394600,26.44,27.255,25.775,27.135,4.8754e+06
SWN,1202481000,27.025,29.125,27.02,29.035,5.9474e+06
SWN,1202740200,29.035,31,29.035,30.935,7.3868e+06
SWN,1202826600,31.04,31.48,29.755,30.485,9.7376e+06
SWN,1202913000,30.68,31.885,30.68,31.7,6.0102e+06
SWN,1202999400,31.76,32.22,30.81,30.895,6.3698e+06
SWN,1203085800,30.7,30.83,29.105,30.28,6.3302e+06
SWN,1203431400,30.655,31.905,30.655,31.15,5.9866e+06
SWN,1203517800,30.965,32.115,30.65,31.83,4.1158e+06
SWN,1203604200,32.075,32.075,30.325,30.42,6.0586e+06
SWN,1203690600,30.45,30.945,29.88,30.86,6.3586e+06
SWN,1203949800,30.9,33.82,30.9,33.805,1.28882e+07
SWN,1204036200,33.74,34.425,32.19,34.065,9.4948e+06
SWN,1204122600,33.355,34.065,32.625,32.805,6.4586e+06
SWN,1204209000,32.69,33.95,32.69,33.825,8.2714e+06
SWN,1204295400,34.845,35.925,32.44,32.615,1.04718e+07
SWN,1204554600,32.55,34.56,32.55,33.915,9.3166e+06
SWN,1204641000,33.63,34.025,32.07,33,6.8708e+06
SWN,1204727400,33.615,34.04,32.9,33.96,6.0438e+06
SWN,1204813800,33.84,34.08,32.61,32.73,5.551e+06
SWN,1204900200,32.5,32.69,30.695,31.415,8.3404e+06
SWN,1205155800,31.4,31.705,30.77,31.14,5.8324e+06
SWN,1205242200,31.95,32.865,31.5,32.555,4.8776e+06
SWN,1205328600,32.255,32.95,32.105,32.22,3.5822e+06
SWN,1205415000,32.005,34.25,31.55,33.68,7.456e+06
SWN,1205501400,34.025,34.055,32.405,32.925,5.8094e+06
SWN,1205760600,31.63,32.105,30.42,31.05,6.0136e+06
SWN,1205847000,31.635,33.015,31.635,32.98,5.0272e+06
SWN,1205933400,33.08,33.1,30.255,30.255,6.7028e+06
SWN,1206019800,29.95,30.365,28.39,30.215,7.6786e+06
SWN,1206365400,30.005,31.835,30.005,30.97,3.7262e+06
SWN,1206451800,31.04,32.415,31.04,32.075,3.8946e+06
SWN,1206538200,32.29,33.7,32.05,33.52,4.865e+06
SWN,1206624600,33.6,33.75,32.39,32.52,4.9824e+06
SWN,1206711000,32.63,33.98,32.52,33.22,2.9093e+06
SWN,1206970200,34.02,34.21,32.79,33.69,4.7827e+06
SWN,1207056600,33.69,34.06,32.96,33.77,3.4098e+06
SWN,1207143000,33.81,36.34,33.78,35.5,9.0909e+06
SWN,1207229400,35.73,35.86,35.01,35.18,6.032e+06
SWN,1207315800,35.26,36.96,35.26,36.38,4.2259e+06
SWN,1207575000,38.17,38.42,36.36,36.77,5.4731e+06
SWN,1207661400,36.58,37.62,36.33,36.99,2.6486e+06
SWN,1207747800,37.22,37.59,35.76,36.24,5.7833e+06
SWN,1207834200,36.17,37.98,36.17,37.9,4.9817e+06
SWN,1207920600,37.5,37.93,36.63,36.8,3.9023e+06
SWN,1208179800,37,38.63,36.92,38.08,4.3778e+06
SWN,1208266200,38.75,39.68,37.77,38.76,3.8436e+06
SWN,1208352600,39.14,40.06,38.64,40,4.0673e+06
SWN,1208439000,39.99,40.65,38.44,39.05,4.1959e+06
SWN,1208525400,39.55,40.63,38.82,40.42,3.5553e+06
SWN,1208784600,40.74,40.75,39.63,40.62,3.684e+06
SWN,1208871000,40.54,41.57,39.71,39.78,3.8333e+06
SWN,1208957400,39.99,39.99,38.61,39.48,4.2428e+06
SWN,1209043800,39.51,39.54,37.22,37.59,4.2116e+06
SWN,1209130200,40.28,45.43,40.28,44.46,1.35389e+07
SWN,1209389400,44.75,45.23,42.79,43.12,3.7347e+06
SWN,1209475800,42.51,42.51,41.13,41.36,4.0458e+06
SWN,1209562200,41.7,42.88,41.25,42.31,4.6163e+06
SWN,1209648600,42.17,42.17,39.58,40.9,5.0947e+06
SWN,1209735000,41.16,42.76,41.07,41.95,2.9994e+06
SWN,1209994200,42.67,43.24,42.05,43.13,3.175e+06
SWN,1210080600,43.49,44.69,42.93,44.4,3.3185e+06
SWN,1210167000,45.8,45.95,43.65,44.13,4.758e+06
SWN,1210253400,44.62,45.67,43.76,45.57,4.5479e+06
SWN,1210339800,46.3,46.38,44.67,45.4,3.3296e+06
SWN,1210599000,44.85,45.05,43.7,43.96,3.989e+06
SWN,1210685400,43.88,44.91,43.12,44.82,3.8225e+06
SWN,1210771800,45.16,45.74,44.16,44.37,4.0947e+06
SWN,1210858200,45.15,45.81,43.76,45.11,5.0805e+06
SWN,1210944600,45.97,46.7,45.28,46.12,3.7339e+06
SWN,1211203800,46.51,47.28,45.51,45.87,3.2472e+06
SWN,1211290200,46.37,47.97,46.26,47.85,3.0978e+06
SWN,1211376600,48.49,50,45.56,45.84,5.4072e+06
SWN,1211463000,45.91,46.71,44.56,45.49,4.2968e+06
SWN,1211549400,45.81,46.47,43.37,45.05,4.4585e+06
SWN,1211895000,44.3,44.88,43.5,43.83,3.4853e+06
SWN,1211981400,44.63,45.06,43.57,45.06,6.7928e+06
SWN,1212067800,44.42,45.06,43.38,43.5,4.2738e+06
SWN,1212154200,43.45,44.72,42.92,44.34,4.7569e+06
SWN,1212413400,44.29,45.82,44.2,44.79,4.0483e+06
SWN,1212499800,45.7,46.1,43.84,44.24,4.6586e+06
SWN,1212586200,43.81,45.6,43.58,44.46,4.4717e+06
SWN,1212672600,45.82,47.13,45.2,46.04,5.84876e+07
SWN,1212759000,46.84,47.49,45.95,45.98,8.3453e+06
SWN,1213018200,46.72,48.79,46,48.69,5.9023e+06
SWN,1213104600,48.87,49.24,46.8,47.74,7.1873e+06
SWN,1213191000,47.86,49.03,47.55,48.33,4.0953e+06
SWN,1213277400,48.2,48.26,46.59,46.76,6.0494e+06
SWN,1213363800,46.8,47.36,45.76,46.63,5.496e+06
SWN,1213623000,47.28,47.52,45.65,46.1,8.0942e+06
SWN,1213709400,46.33,47.02,46.11,46.45,6.5222e+06
SWN,1213795800,46.94,46.94,45.37,46.22,7.9483e+06
SWN,1213882200,47.1,48,44.04,44.57,7.6647e+06
SWN,1213968600,46.13,46.5,45.1,45.57,6.4666e+06
SWN,1214227800,45.82,48.38,45.61,48.17,4.9535e+06
SWN,1214314200,47.53,48.42,47.1,47.23,4.8424e+06
SWN,1214400600,47.14,47.6,44.4,45.63,7.0558e+06
SWN,1214487000,45.67,46.49,44.1,45.36,5.9297e+06
SWN,1214573400,45.36,47.19,45.36,46.62,5.0133e+06
SWN,1214832600,46.83,47.93,46.4,47.61,6.304e+06
SWN,1214919000,47.33,48.97,47.19,48.53,5.9923e+06
SWN,1215005400,49.75,52.69,47.58,47.61,7.8677e+06
SWN,1215091800,47.34,49.9,44.1,45.04,4.9076e+06
SWN,1215437400,44.78,45.64,40.83,42.51,9.1163e+06
SWN,1215523800,41.36,41.73,38.25,41.62,9.1349e+06
SWN,1215610200,41.59,43.73,39.73,39.83,6.5922e+06
SWN,1215696600,40,42.75,39.82,42.69,5.1661e+06
SWN,1215783000,43.49,44.11,41.38,42.64,4.5e+06
SWN,1216042200,42.61,43.75,42.05,42.67,3.4943e+06
SWN,1216128600,42.3,43.82,40.34,40.85,5.0105e+06
SWN,1216215000,41.94,42.1,38.73,40.71,7.0433e+06
SWN,1216301400,41.57,41.57,36.86,37.95,9.4575e+06
SWN,1216387800,37.15,40.2,37.15,38.53,5.854e+06
SWN,1216647000,38.57,40.95,37.87,40.82,4.7046e+06
SWN,1216733400,40.41,40.41,36.31,36.63,1.11149e+07
SWN,1216819800,36.35,36.76,33.5,33.89,1.16969e+07
SWN,1216906200,33.92,34.74,31.19,32.98,1.42929e+07
SWN,1216992600,33.34,35.79,33.34,34,9.933e+06
SWN,1217251800,34.1,35.27,33.13,33.77,5.8584e+06
SWN,1217338200,33.54,33.54,31.56,32.98,8.0892e+06
SWN,1217424600,32.47,36.01,31.61,35.73,8.181e+06
SWN,1217511000,37.44,38.84,36.12,36.31,1.19268e+07
SWN,1217597400,35.79,38.15,35.1,36.32,6.7323e+06
SWN,1217856600,36.11,36.11,32.57,32.85,7.9367e+06
SWN,1217943000,32.57,34.28,32.02,33.9,7.3814e+06
SWN,1218029400,33.85,35.83,33.84,34.84,5.6688e+06
SWN,1218115800,35.42,36.2,33.96,34,4.8617e+06
SWN,1218202200,33.1,33.26,31.45,32.56,5.2586e+06
SWN,1218461400,32.54,33,30.86,32.38,5.7147e+06
SWN,1218547800,32.5,33.3,31.69,32.98,9.9248e+06
SWN,1218634200,33.06,35.67,32.81,35.46,6.9018e+06
SWN,1218720600,35.29,36.13,34.51,35.59,7.4247e+06
SWN,1218807000,35.05,35.59,34.17,35.18,5.9396e+06
SWN,1219066200,35.5,35.98,34.36,34.54,5.6693e+06
SWN,1219152600,34.29,36.71,33.9,36.63,6.0919e+06
SWN,1219239000,37.29,38.85,36.99,38.78,7.8332e+06
SWN,1219325400,39.6,40.02,38.3,38.72,7.1794e+06
SWN,1219411800,38.45,38.78,36.62,37.67,4.4351e+06
SWN,1219671000,38.07,38.69,36.99,37.65,4.5212e+06
SWN,1219757400,38.24,39.35,37.88,39.08,4.4957e+06
SWN,1219843800,39.78,40.73,38.68,39.2,5.8589e+06
SWN,1219930200,39.66,39.97,37.27,38.85,5.559e+06
SWN,1220016600,39.22,39.34,37.87,38.37,3.0071e+06
SWN,1220362200,36.93,36.93,35.54,35.76,5.8806e+06
SWN,1220448600,35.32,36.62,33.79,34.8,6.7806e+06
