VALE,1034602200,1.8333,1.8492,1.8125,1.8125,2.0712e+06
VALE,1034688600,1.8542,1.8708,1.8258,1.845,2.5656e+06
VALE,1034775000,1.845,1.845,1.8125,1.8125,1.338e+06
VALE,1034861400,1.8042,1.9025,1.8042,1.8925,7.1412e+06
VALE,1034947800,1.9,1.9458,1.8875,1.9392,2.5332e+06
VALE,1035207000,1.9158,1.9483,1.9125,1.9483,3.2064e+06
VALE,1035293400,1.9325,1.97,1.9325,1.9692,4.2024e+06
VALE,1035379800,1.9633,2.025,1.9583,2.025,4.2744e+06
VALE,1035466200,2.0125,2.0917,2.0083,2.0792,4.614e+06
VALE,1035552600,2.0792,2.1658,2.0625,2.165,4.9608e+06
VALE,1035815400,2.1625,2.1667,2.1375,2.1458,3.0444e+06
VALE,1035901800,2.125,2.1358,2.1183,2.1358,2.5512e+06
VALE,1035988200,2.1292,2.1542,2.1292,2.15,2.1084e+06
VALE,1036074600,2.1417,2.1958,2.1375,2.1958,4.6428e+06
VALE,1036161000,2.1875,2.2125,2.1767,2.2042,3.1356e+06
VALE,1036420200,2.2208,2.2375,2.1992,2.2017,2.0676e+06
VALE,1036506600,2.1792,2.18,2.0458,2.055,3.2232e+06
VALE,1036593000,2.0875,2.1567,2.0867,2.1567,4.5612e+06
VALE,1036679400,2.1542,2.2333,2.1458,2.215,2.184e+06
VALE,1036765800,2.2167,2.2583,2.1833,2.1958,1.4796e+06
VALE,1037025000,2.225,2.2292,2.15,2.2075,2.8596e+06
VALE,1037111400,2.1667,2.1917,2.1517,2.1667,2.4324e+06
VALE,1037197800,2.1375,2.1783,2.1083,2.155,1.3296e+06
VALE,1037284200,2.0833,2.2208,2.0833,2.1875,4.0524e+06
VALE,1037370600,2.1917,2.2417,2.1917,2.225,1.7568e+06
VALE,1037629800,2.23,2.3458,2.23,2.3083,4.29e+06
VALE,1037716200,2.2917,2.2917,2.2258,2.2342,2.574e+06
VALE,1037802600,2.2,2.2042,2.1867,2.1983,4.4244e+06
VALE,1037889000,2.1967,2.3042,2.1958,2.2875,4.0608e+06
VALE,1037975400,2.2458,2.2567,2.23,2.2567,2.9952e+06
VALE,1038234600,2.2667,2.275,2.225,2.2342,2.0244e+06
VALE,1038321000,2.225,2.225,2.1892,2.2067,1.8756e+06
VALE,1038407400,2.2042,2.2417,2.2042,2.235,2.7996e+06
VALE,1038580200,2.25,2.2767,2.2233,2.2483,1.488e+06
VALE,1038839400,2.2708,2.3692,2.2708,2.3542,2.2704e+06
VALE,1038925800,2.325,2.35,2.3,2.3008,1.7904e+06
VALE,1039012200,2.2667,2.275,2.2425,2.2742,824400
VALE,1039098600,2.275,2.2958,2.2542,2.2708,1.9248e+06
VALE,1039185000,2.3033,2.3558,2.3033,2.3417,3.5544e+06
VALE,1039444200,2.3242,2.3658,2.3017,2.3167,1.7256e+06
VALE,1039530600,2.3167,2.3583,2.3083,2.3417,1.6404e+06
VALE,1039617000,2.3458,2.4617,2.3458,2.3983,6.0684e+06
VALE,1039703400,2.4333,2.4533,2.3958,2.3992,4.848e+06
VALE,1039789800,2.4,2.4083,2.3525,2.36,1.7376e+06
VALE,1040049000,2.3833,2.395,2.3725,2.3883,2.3148e+06
VALE,1040135400,2.3883,2.4108,2.385,2.3875,5.832e+06
VALE,1040221800,2.4,2.4158,2.3892,2.3958,1.2108e+06
VALE,1040308200,2.3917,2.4208,2.3875,2.4,733200
VALE,1040394600,2.4,2.4033,2.375,2.3983,1.0452e+06
VALE,1040653800,2.4167,2.4242,2.3708,2.3708,2.2596e+06
VALE,1040740200,2.3708,2.4042,2.3667,2.3825,363600
VALE,1040913000,2.3783,2.3833,2.3667,2.3817,874800
VALE,1040999400,2.3883,2.4083,2.3883,2.3958,1.2336e+06
VALE,1041258600,2.4325,2.4342,2.3917,2.4,1.9212e+06
VALE,1041345000,2.4083,2.4317,2.4,2.4092,228000
VALE,1041517800,2.4167,2.4292,2.405,2.4083,1.266e+06
VALE,1041604200,2.4083,2.4158,2.3858,2.4083,3.0252e+06
VALE,1041863400,2.4333,2.4542,2.415,2.4167,2.7792e+06
VALE,1041949800,2.4125,2.4358,2.4083,2.4292,2.5656e+06
VALE,1042036200,2.4125,2.425,2.3333,2.3458,3.72e+06
VALE,1042122600,2.3558,2.4225,2.35,2.4125,3.8088e+06
VALE,1042209000,2.4167,2.4208,2.3542,2.3667,2.3904e+06
VALE,1042468200,2.3375,2.3492,2.3192,2.3375,2.796e+06
VALE,1042554600,2.3458,2.3833,2.34,2.3833,1.0788e+06
VALE,1042641000,2.375,2.375,2.325,2.3325,1.422e+06
VALE,1042727400,2.3458,2.3542,2.3083,2.3125,3.72e+06
VALE,1042813800,2.3125,2.3125,2.2583,2.29,2.7324e+06
VALE,1043159400,2.2658,2.2783,2.2325,2.2325,7.2864e+06
VALE,1043245800,2.25,2.2733,2.25,2.2542,2.7564e+06
VALE,1043332200,2.2583,2.2583,2.1792,2.1792,5.1576e+06
VALE,1043418600,2.1717,2.1717,2.1425,2.1425,8.9976e+06
VALE,1043677800,2.15,2.1733,2.145,2.1542,2.2848e+06
VALE,1043764200,2.1375,2.1758,2.1267,2.1758,4.0428e+06
VALE,1043850600,2.1542,2.18,2.1483,2.18,8.9712e+06
VALE,1043937000,2.2042,2.2708,2.2033,2.2708,1.095e+07
VALE,1044023400,2.2758,2.3083,2.275,2.3042,6.3624e+06
VALE,1044282600,2.325,2.3375,2.2892,2.3375,2.0736e+06
VALE,1044369000,2.3292,2.3433,2.2917,2.3425,8.556e+06
VALE,1044455400,2.3458,2.3875,2.3175,2.35,7.7496e+06
VALE,1044541800,2.3375,2.3867,2.3375,2.3792,2.4324e+06
VALE,1044628200,2.3908,2.4125,2.3717,2.4125,5.7108e+06
VALE,1044887400,2.3583,2.3958,2.3458,2.3917,4.0872e+06
VALE,1044973800,2.4042,2.4458,2.3958,2.4317,4.5948e+06
VALE,1045060200,2.4317,2.4317,2.3842,2.4042,1.6188e+06
VALE,1045146600,2.3733,2.3733,2.2875,2.305,4.4976e+06
VALE,1045233000,2.2917,2.2917,2.25,2.25,3.0876e+06
VALE,1045578600,2.3417,2.3458,2.265,2.3458,2.82e+06
VALE,1045665000,2.3458,2.3458,2.2783,2.285,2.4756e+06
VALE,1045751400,2.3058,2.31,2.2725,2.3008,4.7592e+06
VALE,1045837800,2.3042,2.3583,2.2975,2.3583,5.28e+06
VALE,1046097000,2.3583,2.3958,2.3583,2.3958,3.5976e+06
VALE,1046183400,2.35,2.4125,2.35,2.4125,6.1584e+06
VALE,1046269800,2.4083,2.4333,2.4083,2.4292,4.7556e+06
VALE,1046356200,2.3542,2.38,2.3458,2.375,8.0964e+06
VALE,1046442600,2.375,2.4175,2.3625,2.4167,7.2036e+06
VALE,1046701800,2.4167,2.475,2.4167,2.4583,1.08804e+07
VALE,1046788200,2.4583,2.47,2.4425,2.4458,5.1036e+06
VALE,1046874600,2.4458,2.4667,2.4292,2.4417,1.9236e+07
VALE,1046961000,2.4442,2.4575,2.4358,2.4367,4.482e+06
VALE,1047047400,2.4158,2.4158,2.375,2.3858,6.5616e+06
VALE,1047306600,2.3758,2.3767,2.3342,2.3417,9.09e+06
VALE,1047393000,2.3292,2.375,2.3292,2.375,1.6404e+06
VALE,1047479400,2.3917,2.4058,2.3833,2.3883,3.0156e+06
VALE,1047565800,2.3792,2.3958,2.3717,2.3917,6.3384e+06
VALE,1047652200,2.3992,2.4,2.3167,2.3333,3.8628e+06
VALE,1047911400,2.3333,2.3775,2.3283,2.3458,4.6668e+06
VALE,1047997800,2.35,2.35,2.3033,2.3267,3.1224e+06
VALE,1048084200,2.3308,2.3308,2.2758,2.2867,5.3604e+06
VALE,1048170600,2.2958,2.315,2.2833,2.3117,2.2164e+06
VALE,1048257000,2.3092,2.3192,2.3008,2.3167,2.1828e+06
VALE,1048516200,2.3208,2.3208,2.2742,2.2833,1.8372e+06
VALE,1048602600,2.2917,2.3042,2.2917,2.3017,4.1496e+06
VALE,1048689000,2.3092,2.3092,2.2533,2.2583,3.4332e+06
VALE,1048775400,2.2583,2.3208,2.25,2.2925,1.01316e+07
VALE,1048861800,2.3,2.3,2.2833,2.2875,3.6444e+06
VALE,1049121000,2.275,2.2825,2.2392,2.2458,5.796e+06
VALE,1049207400,2.25,2.3208,2.25,2.305,7.0116e+06
VALE,1049293800,2.3083,2.3342,2.3083,2.3292,1.06836e+07
VALE,1049380200,2.3408,2.3408,2.2542,2.2658,4.002e+06
VALE,1049466600,2.2875,2.2875,2.2367,2.2542,4.8792e+06
VALE,1049722200,2.2708,2.3375,2.2708,2.3,8.106e+06
VALE,1049808600,2.3167,2.3275,2.3125,2.3208,1.6308e+06
VALE,1049895000,2.3333,2.3533,2.3292,2.3417,1.4592e+06
VALE,1049981400,2.3458,2.4167,2.3458,2.3583,3.6252e+06
VALE,1050067800,2.3792,2.3833,2.3333,2.3333,1.0848e+06
VALE,1050327000,2.3292,2.35,2.3292,2.35,792000
VALE,1050413400,2.3608,2.3833,2.355,2.375,2.3892e+06
VALE,1050499800,2.3917,2.3917,2.3292,2.3433,4.26e+06
VALE,1050586200,2.3167,2.3508,2.3167,2.3383,3.036e+06
VALE,1050931800,2.3383,2.3717,2.3333,2.3583,705600
VALE,1051018200,2.3575,2.3583,2.3075,2.3208,4.2828e+06
VALE,1051104600,2.3333,2.3333,2.3175,2.3208,3.6168e+06
VALE,1051191000,2.3208,2.3208,2.225,2.2375,1.02156e+07
VALE,1051277400,2.25,2.2667,2.245,2.2667,4.0548e+06
VALE,1051536600,2.2625,2.2967,2.2417,2.2917,2.7768e+06
VALE,1051623000,2.3083,2.3625,2.3083,2.3333,3.2928e+06
VALE,1051709400,2.3333,2.3492,2.3042,2.33,5.9496e+06
VALE,1051795800,2.3375,2.3433,2.3167,2.3417,2.2128e+06
VALE,1051882200,2.3458,2.3458,2.3125,2.3192,859200
VALE,1052141400,2.325,2.35,2.325,2.3442,1.908e+06
VALE,1052227800,2.3625,2.4025,2.3583,2.3892,2.8752e+06
VALE,1052314200,2.4,2.4042,2.3867,2.3917,2.9316e+06
VALE,1052400600,2.3833,2.4025,2.3667,2.375,1.572e+06
VALE,1052487000,2.3825,2.4217,2.3825,2.4033,2.0892e+06
VALE,1052746200,2.4033,2.45,2.4033,2.4375,2.5116e+06
VALE,1052832600,2.4417,2.465,2.4292,2.4408,1.56e+06
VALE,1052919000,2.45,2.4625,2.3767,2.3883,3.9348e+06
VALE,1053005400,2.3917,2.3917,2.3333,2.35,1.7856e+06
VALE,1053091800,2.3417,2.4025,2.3417,2.3833,5.7648e+06
VALE,1053351000,2.3667,2.4283,2.3633,2.4008,2.6184e+06
VALE,1053437400,2.4792,2.4792,2.4167,2.4383,7.4832e+06
VALE,1053523800,2.4175,2.45,2.4083,2.4358,2.9904e+06
VALE,1053610200,2.4417,2.45,2.4333,2.445,2.1888e+06
VALE,1053696600,2.445,2.4833,2.4417,2.4833,3.2712e+06
VALE,1054042200,2.4167,2.4667,2.4167,2.4642,2.8896e+06
VALE,1054128600,2.4608,2.4833,2.4608,2.4792,2.1864e+06
VALE,1054215000,2.4875,2.5233,2.4875,2.5083,3.1572e+06
VALE,1054301400,2.5125,2.5125,2.4825,2.5,3.4188e+06
VALE,1054560600,2.5,2.5025,2.4333,2.4417,1.4988e+06
VALE,1054647000,2.45,2.4808,2.4442,2.4808,1.404e+06
VALE,1054733400,2.4917,2.5117,2.4842,2.5042,1.35e+06
VALE,1054819800,2.4875,2.5417,2.4875,2.5333,2.01e+06
VALE,1054906200,2.5575,2.5758,2.5575,2.5667,3.552e+06
VALE,1055165400,2.565,2.5708,2.5233,2.5333,1.3944e+06
VALE,1055251800,2.5408,2.5625,2.5167,2.5267,2.6748e+06
VALE,1055338200,2.5083,2.5408,2.5058,2.5292,2.2644e+06
VALE,1055424600,2.5125,2.5125,2.4725,2.4992,3.132e+06
VALE,1055511000,2.4708,2.4792,2.4458,2.4583,4.0992e+06
VALE,1055770200,2.4625,2.4925,2.4375,2.4892,3.9636e+06
VALE,1055856600,2.525,2.5408,2.5108,2.5208,8.6964e+06
VALE,1055943000,2.5375,2.5375,2.5192,2.5358,6.3252e+06
VALE,1056029400,2.5425,2.5742,2.5292,2.5292,874800
VALE,1056115800,2.52,2.52,2.4858,2.5033,759600
VALE,1056375000,2.5033,2.5208,2.4925,2.5133,2.7012e+06
VALE,1056461400,2.4917,2.5158,2.4917,2.505,1.7004e+06
VALE,1056547800,2.5225,2.5233,2.4917,2.4992,1.3908e+06
VALE,1056634200,2.4917,2.5008,2.4667,2.4983,954000
VALE,1056720600,2.4983,2.5075,2.4758,2.4792,1.8096e+06
VALE,1056979800,2.4875,2.4933,2.4592,2.4717,706800
VALE,1057066200,2.4792,2.5,2.47,2.4933,1.0692e+06
VALE,1057152600,2.485,2.5575,2.485,2.5467,3.2148e+06
VALE,1057239000,2.55,2.5792,2.5417,2.5717,1.0488e+06
VALE,1057584600,2.5825,2.6142,2.5775,2.595,4.3356e+06
VALE,1057671000,2.6,2.6358,2.6,2.6225,5.34e+06
VALE,1057757400,2.6225,2.7117,2.6208,2.7083,5.5092e+06
VALE,1057843800,2.7,2.7208,2.6667,2.6783,5.6496e+06
VALE,1057930200,2.6625,2.6658,2.6375,2.6375,1.7592e+06
VALE,1058189400,2.6375,2.6625,2.6375,2.6458,1.3044e+06
VALE,1058275800,2.65,2.6825,2.645,2.6625,4.4448e+06
VALE,1058362200,2.675,2.675,2.655,2.6592,1.452e+06
VALE,1058448600,2.6608,2.6775,2.6433,2.6575,2.1492e+06
VALE,1058535000,2.6442,2.6667,2.6375,2.6533,2.3928e+06
VALE,1058794200,2.6542,2.6625,2.6442,2.6625,820800
VALE,1058880600,2.6617,2.6617,2.63,2.6333,2.1192e+06
VALE,1058967000,2.6375,2.65,2.6325,2.6417,4.7688e+06
VALE,1059053400,2.6333,2.75,2.6292,2.7425,1.57728e+07
VALE,1059139800,2.7667,2.8167,2.7667,2.8158,6.5124e+06
VALE,1059399000,2.8158,2.8542,2.8125,2.8333,6.5676e+06
VALE,1059485400,2.8333,2.8542,2.8125,2.815,3.7812e+06
VALE,1059571800,2.8208,2.8333,2.8108,2.8325,5.3556e+06
VALE,1059658200,2.8208,2.9067,2.8208,2.9025,6.5268e+06
VALE,1059744600,2.8942,2.9333,2.8833,2.8867,3.2088e+06
VALE,1060003800,2.8417,2.845,2.8075,2.8317,4.2036e+06
VALE,1060090200,2.8333,2.8333,2.7992,2.8083,5.25e+06
VALE,1060176600,2.775,2.7842,2.7583,2.7825,4.9488e+06
VALE,1060263000,2.7825,2.7875,2.7625,2.7642,2.8056e+06
VALE,1060349400,2.7542,2.8208,2.7542,2.8175,3.54e+06
VALE,1060608600,2.8242,2.875,2.8117,2.8708,2.1648e+06
VALE,1060695000,2.8775,2.9208,2.8775,2.9192,1.32276e+07
VALE,1060781400,2.925,2.9625,2.91,2.9383,2.6784e+06
VALE,1060867800,2.9083,3.0667,2.89,3.065,1.37436e+07
VALE,1060954200,3.065,3.1042,3.0417,3.0958,2.1312e+06
VALE,1061213400,3.1,3.1542,3.1,3.1242,7.6512e+06
VALE,1061299800,3.145,3.1875,3.1125,3.1708,4.5144e+06
VALE,1061386200,3.1333,3.2875,3.1083,3.25,9.672e+06
VALE,1061472600,3.2708,3.3125,3.1875,3.1958,1.34688e+07
VALE,1061559000,3.1833,3.1858,3.09,3.09,7.224e+06
VALE,1061818200,3.09,3.1125,3.0617,3.0625,5.2872e+06
VALE,1061904600,3.05,3.1258,3.0458,3.0542,5.1756e+06
VALE,1061991000,3.0375,3.0567,3.0125,3.0525,5.184e+06
VALE,1062077400,3.0292,3.1658,3.0292,3.1125,5.118e+06
VALE,1062163800,3.1042,3.125,3.0958,3.1208,2.9532e+06
VALE,1062509400,3.1458,3.2083,3.1458,3.2083,5.6616e+06
VALE,1062595800,3.1875,3.235,3.1567,3.1567,7.0728e+06
VALE,1062682200,3.165,3.2158,3.1517,3.2092,5.6028e+06
VALE,1062768600,3.2083,3.35,3.2025,3.2925,5.6808e+06
VALE,1063027800,3.3142,3.3592,3.3017,3.3183,4.2456e+06
VALE,1063114200,3.2792,3.3008,3.2567,3.2792,5.088e+06
VALE,1063200600,3.2792,3.29,3.2492,3.2692,6.018e+06
VALE,1063287000,3.2692,3.3033,3.2392,3.2625,5.2572e+06
VALE,1063373400,3.2667,3.3492,3.2625,3.325,3.3252e+06
VALE,1063632600,3.3258,3.375,3.2875,3.2875,2.7552e+06
VALE,1063719000,3.285,3.3042,3.2592,3.2917,4.9716e+06
VALE,1063805400,3.2917,3.3208,3.2808,3.3042,7.6104e+06
VALE,1063891800,3.325,3.4417,3.3192,3.4417,6.2964e+06
VALE,1063978200,3.4958,3.5083,3.4508,3.4667,4.4832e+06
VALE,1064237400,3.4667,3.4683,3.365,3.3983,5.2068e+06
VALE,1064323800,3.4,3.4042,3.3258,3.3725,6.4032e+06
VALE,1064410200,3.3875,3.4417,3.37,3.3842,4.2936e+06
VALE,1064496600,3.3758,3.3758,3.2583,3.2683,3.678e+06
VALE,1064583000,3.2683,3.2875,3.2167,3.2792,4.662e+06
VALE,1064842200,3.2833,3.375,3.2833,3.3542,3.6792e+06
VALE,1064928600,3.3833,3.425,3.3758,3.4017,5.652e+06
VALE,1065015000,3.4083,3.5333,3.4083,3.525,7.1652e+06
VALE,1065101400,3.525,3.7167,3.5242,3.6833,9.6456e+06
VALE,1065187800,3.7667,3.8283,3.7458,3.7875,1.08996e+07
VALE,1065447000,3.7883,3.85,3.7583,3.84,5.0232e+06
VALE,1065533400,3.8833,3.8833,3.8508,3.8542,8.4036e+06
VALE,1065619800,3.875,3.8975,3.7708,3.7708,8.73e+06
VALE,1065706200,3.7708,3.8317,3.75,3.7583,5.2656e+06
VALE,1065792600,3.7375,3.7458,3.7175,3.735,2.6904e+06
VALE,1066051800,3.7458,3.9333,3.7417,3.905,5.886e+06
VALE,1066138200,3.9167,3.9958,3.9083,3.9658,5.724e+06
VALE,1066224600,3.9792,3.9792,3.9175,3.9317,3.3768e+06
VALE,1066311000,3.9167,3.9167,3.88,3.8958,2.058e+06
VALE,1066397400,3.9,3.9,3.8492,3.8583,4.6428e+06
VALE,1066656600,3.8375,3.8458,3.7942,3.8083,7.4964e+06
VALE,1066743000,3.8083,3.8458,3.8042,3.8375,6.054e+06
VALE,1066829400,3.8,3.8333,3.725,3.7292,4.1316e+06
VALE,1066915800,3.6583,3.675,3.62,3.675,4.9836e+06
VALE,1067002200,3.6167,3.6625,3.61,3.6375,5.022e+06
VALE,1067265000,3.6333,3.6608,3.6,3.6608,4.2384e+06
VALE,1067351400,3.6575,3.7125,3.6533,3.7125,1.05204e+07
VALE,1067437800,3.7042,3.7833,3.7042,3.7808,7.788e+06
VALE,1067524200,3.7808,3.875,3.7542,3.8667,6.3048e+06
VALE,1067610600,3.8792,3.8883,3.7833,3.8125,5.4204e+06
VALE,1067869800,3.8167,3.8458,3.8125,3.825,1.0362e+07
VALE,1067956200,3.8208,3.9158,3.8175,3.8583,5.4792e+06
VALE,1068042600,3.8417,3.8608,3.75,3.7667,7.3908e+06
VALE,1068129000,3.7917,3.7917,3.6667,3.6667,1.00548e+07
VALE,1068215400,3.6758,3.6967,3.63,3.67,1.14132e+07
VALE,1068474600,3.6625,3.6625,3.525,3.5625,7.1268e+06
VALE,1068561000,3.5625,3.5625,3.5042,3.535,7.0488e+06
VALE,1068647400,3.5167,3.6208,3.5167,3.6083,4.3788e+06
VALE,1068733800,3.6292,3.6858,3.5875,3.655,1.40112e+07
VALE,1068820200,3.6575,3.6575,3.6067,3.6325,5.8512e+06
VALE,1069079400,3.6258,3.6258,3.5133,3.5333,7.0236e+06
VALE,1069165800,3.5833,3.5833,3.5017,3.505,4.6668e+06
VALE,1069252200,3.5008,3.5167,3.475,3.5,8.2644e+06
VALE,1069338600,3.5,3.5183,3.4883,3.5125,5.4144e+06
VALE,1069425000,3.5042,3.5333,3.4992,3.5058,3.9024e+06
VALE,1069684200,3.5167,3.525,3.5033,3.5125,4.104e+06
VALE,1069770600,3.5208,3.6375,3.5142,3.625,5.5308e+06
VALE,1069857000,3.6258,3.6692,3.6083,3.6208,3.4128e+06
VALE,1070029800,3.6217,3.65,3.6167,3.6492,2.1252e+06
VALE,1070289000,3.6833,3.8775,3.6833,3.8333,5.7096e+06
VALE,1070375400,3.8667,3.87,3.8275,3.8608,4.9224e+06
VALE,1070461800,3.8458,3.85,3.8292,3.8417,3.3492e+06
VALE,1070548200,3.8575,3.9717,3.8575,3.9675,5.7048e+06
VALE,1070634600,3.9792,4.1117,3.9467,4.0425,7.6752e+06
VALE,1070893800,4.1042,4.2417,4.0792,4.2417,6.984e+06
VALE,1070980200,4.375,4.4783,4.3292,4.4442,1.87344e+07
VALE,1071066600,4.4567,4.4642,4.2983,4.3,1.45356e+07
VALE,1071153000,4.2958,4.3433,4.245,4.3275,1.10448e+07
VALE,1071239400,4.3417,4.5417,4.2925,4.4833,1.02348e+07
VALE,1071498600,4.6833,4.6875,4.4917,4.5025,1.31208e+07
VALE,1071585000,4.5417,4.5667,4.4833,4.5242,1.04508e+07
VALE,1071671400,4.5033,4.5525,4.4908,4.5167,1.17048e+07
VALE,1071757800,4.5125,4.5842,4.5075,4.5792,6.9072e+06
VALE,1071844200,4.5792,4.7042,4.5692,4.6958,1.29372e+07
VALE,1072103400,4.6875,4.9333,4.6767,4.8875,1.33716e+07
VALE,1072189800,4.9333,4.9625,4.7925,4.8217,1.2786e+07
VALE,1072276200,4.8217,4.9067,4.815,4.865,1.4328e+06
VALE,1072449000,4.8792,4.93,4.8667,4.9142,1.5696e+06
VALE,1072708200,4.935,4.99,4.8833,4.9658,6.9948e+06
VALE,1072794600,4.8792,4.97,4.8025,4.8542,7.218e+06
VALE,1072881000,4.875,4.925,4.8183,4.875,1.6464e+06
VALE,1073053800,4.8958,5.0958,4.8958,5.0667,5.1768e+06
VALE,1073313000,5.2125,5.2792,5.1833,5.2392,1.67088e+07
VALE,1073399400,5.2917,5.2917,5.1267,5.175,8.6532e+06
VALE,1073485800,5.2083,5.2417,4.9842,5.0358,9.6552e+06
VALE,1073572200,5.0417,5.2167,5.0367,5.1417,9.1164e+06
VALE,1073658600,5.1417,5.1583,5.0583,5.07,4.206e+06
VALE,1073917800,5.1292,5.165,5.0325,5.1042,6.3456e+06
VALE,1074004200,5.2667,5.2667,5.0917,5.1083,8.6988e+06
VALE,1074090600,5.1083,5.125,4.9,5.0583,1.0122e+07
VALE,1074177000,5.0542,5.0542,4.89,4.9125,5.8152e+06
VALE,1074263400,4.8708,4.9483,4.8475,4.885,7.2912e+06
VALE,1074609000,4.9167,5.02,4.9167,4.9992,6.624e+06
VALE,1074695400,4.9208,4.9242,4.875,4.875,4.4868e+06
VALE,1074781800,4.9242,4.9242,4.8042,4.815,6.5988e+06
VALE,1074868200,4.7375,4.7917,4.725,4.75,9.4176e+06
VALE,1075127400,4.7708,4.8,4.6458,4.6875,7.044e+06
VALE,1075213800,4.7125,4.8475,4.6992,4.8167,1.06752e+07
VALE,1075300200,4.8842,4.895,4.65,4.6833,6.7332e+06
VALE,1075386600,4.6858,4.6858,4.4975,4.5483,1.48308e+07
VALE,1075473000,4.5,4.5025,4.4325,4.4725,7.2588e+06
VALE,1075732200,4.4775,4.6083,4.45,4.5467,1.11108e+07
VALE,1075818600,4.5625,4.875,4.5625,4.85,1.20804e+07
VALE,1075905000,4.9167,4.95,4.8667,4.9083,1.00128e+07
VALE,1075991400,4.9092,4.925,4.6875,4.6875,8.316e+06
VALE,1076077800,4.6042,4.7958,4.595,4.7292,6.7788e+06
VALE,1076337000,4.755,4.8458,4.755,4.8383,8.0856e+06
VALE,1076423400,4.8292,4.9625,4.8292,4.9083,7.8984e+06
VALE,1076509800,4.8833,5.0342,4.8667,5.0317,1.10748e+07
VALE,1076596200,5.0333,5.1517,5.0333,5.0833,8.034e+06
VALE,1076682600,5.0625,5.075,4.9042,4.97,7.2684e+06
VALE,1077028200,4.95,5.015,4.8675,5.0033,8.1924e+06
VALE,1077114600,5,5.0042,4.8417,4.8667,8.7408e+06
VALE,1077201000,4.8675,4.8933,4.7375,4.7583,1.15656e+07
VALE,1077287400,4.5833,4.77,4.5833,4.74,8.4708e+06
VALE,1077546600,4.7083,4.725,4.6342,4.6458,5.4324e+06
VALE,1077633000,4.625,4.6917,4.6233,4.6758,3.8268e+06
VALE,1077719400,4.7083,4.7833,4.7083,4.7758,5.5908e+06
VALE,1077805800,4.7708,4.8,4.6658,4.785,3.768e+06
VALE,1077892200,4.7958,4.8433,4.7917,4.825,5.1372e+06
VALE,1078151400,4.9292,5.05,4.9233,5.0358,1.10328e+07
VALE,1078237800,5,5.0375,4.9917,5.0075,8.3196e+06
VALE,1078324200,5.0833,5.0833,4.8833,4.9325,6.0132e+06
VALE,1078410600,4.9417,4.9458,4.8975,4.9208,9.5496e+06
VALE,1078497000,4.925,4.9417,4.815,4.8325,9.3948e+06
VALE,1078756200,4.8958,4.9017,4.72,4.7208,6.9732e+06
VALE,1078842600,4.7125,4.7575,4.6225,4.6342,8.6892e+06
VALE,1078929000,4.6342,4.6583,4.2992,4.3542,1.36428e+07
VALE,1079015400,4.3542,4.3542,4.2083,4.215,1.36008e+07
VALE,1079101800,4.325,4.5417,4.3125,4.3692,1.8948e+07
VALE,1079361000,4.3875,4.4583,4.2842,4.3083,8.7408e+06
VALE,1079447400,4.3333,4.3667,4.2833,4.2833,5.5836e+06
VALE,1079533800,4.3958,4.5125,4.3833,4.4875,1.09992e+07
VALE,1079620200,4.4933,4.5333,4.4358,4.4983,8.0772e+06
VALE,1079706600,4.5708,4.5708,4.4767,4.4767,8.676e+06
VALE,1079965800,4.4667,4.4667,4.3417,4.3708,6.0876e+06
VALE,1080052200,4.4167,4.4217,4.3083,4.3458,1.03284e+07
VALE,1080138600,4.3333,4.3417,4.22,4.2458,8.1696e+06
VALE,1080225000,4.1667,4.2042,4.1392,4.1633,9.7368e+06
VALE,1080311400,4.1658,4.3567,4.15,4.3417,1.06044e+07
VALE,1080570600,4.4042,4.4742,4.4,4.4417,5.4156e+06
VALE,1080657000,4.455,4.5917,4.4517,4.5417,4.5312e+06
VALE,1080743400,4.5792,4.5792,4.4833,4.575,4.7628e+06
VALE,1080829800,4.575,4.6375,4.5417,4.6233,1.1238e+07
VALE,1080916200,4.6583,4.7125,4.6583,4.6933,6.5688e+06
VALE,1081171800,4.7417,4.7617,4.6658,4.7333,5.9256e+06
VALE,1081258200,4.7333,4.7617,4.7125,4.7575,2.9904e+06
VALE,1081344600,4.675,4.6883,4.6292,4.6875,2.802e+06
VALE,1081431000,4.6875,4.6917,4.55,4.61,4.8672e+06
VALE,1081776600,4.6042,4.6267,4.5917,4.6117,2.598e+06
VALE,1081863000,4.6333,4.6333,4.425,4.4542,4.464e+06
VALE,1081949400,4.4167,4.4175,4.35,4.3833,9.8388e+06
VALE,1082035800,4.3125,4.3633,4.2875,4.355,9.9744e+06
VALE,1082122200,4.355,4.4567,4.325,4.4167,7.17e+06
VALE,1082381400,4.4083,4.4233,4.3683,4.3942,6.3216e+06
VALE,1082467800,4.375,4.38,4.2108,4.2458,6.4224e+06
VALE,1082554200,4.2083,4.2092,4.0808,4.0892,1.47852e+07
VALE,1082640600,4.0917,4.135,4.0025,4.0625,1.75584e+07
VALE,1082727000,4.0875,4.1708,4.0875,4.1375,1.15824e+07
VALE,1082986200,4.165,4.1833,4,4.0417,1.11576e+07
VALE,1083072600,4.0458,4.0908,4.0042,4.075,8.8296e+06
VALE,1083159000,4.0583,4.0583,3.7642,3.8058,2.2266e+07
VALE,1083245400,3.825,3.8933,3.7292,3.775,1.60428e+07
VALE,1083331800,3.8333,3.8417,3.7758,3.7917,7.182e+06
VALE,1083591000,3.6667,3.7183,3.6342,3.675,2.06328e+07
VALE,1083677400,3.75,3.8583,3.7458,3.8125,1.44648e+07
VALE,1083763800,3.8833,3.8867,3.8333,3.8792,1.00236e+07
VALE,1083850200,3.835,3.8358,3.7167,3.7208,9.0072e+06
VALE,1083936600,3.625,3.6883,3.5833,3.5917,1.71156e+07
VALE,1084195800,3.4667,3.56,3.4417,3.5208,1.37136e+07
VALE,1084282200,3.5417,3.7167,3.5417,3.6817,1.48404e+07
VALE,1084368600,3.6608,3.6875,3.5475,3.6167,1.11204e+07
VALE,1084455000,3.5833,3.8625,3.5775,3.8167,1.99344e+07
VALE,1084541400,3.9175,3.9175,3.7442,3.7642,1.46388e+07
VALE,1084800600,3.6458,3.6967,3.5433,3.6675,9.0264e+06
VALE,1084887000,3.7708,3.9542,3.75,3.9392,1.1226e+07
VALE,1084973400,4.0208,4.1458,3.975,3.9875,1.46868e+07
VALE,1085059800,3.9792,3.9792,3.9042,3.9192,7.308e+06
VALE,1085146200,3.9208,3.9733,3.9208,3.9458,9.96e+06
VALE,1085405400,3.9833,4.0925,3.9833,4.045,5.0448e+06
VALE,1085491800,4.0442,4.1167,4.0058,4.0833,9.2112e+06
VALE,1085578200,4.0842,4.1667,4.0667,4.165,9.5052e+06
VALE,1085664600,4.1708,4.3475,4.1708,4.2925,1.13172e+07
VALE,1085751000,4.325,4.325,4.2,4.225,7.6428e+06
VALE,1086096600,4.1875,4.2,4.1267,4.175,6.9684e+06
VALE,1086183000,4.175,4.2333,4.0958,4.1,1.065e+07
VALE,1086269400,4.1008,4.1008,3.9692,3.9708,1.14012e+07
VALE,1086355800,4.0208,4.1333,4.0208,4.115,4.2516e+06
VALE,1086615000,4.225,4.3283,4.2083,4.3175,3.2952e+06
VALE,1086701400,4.2208,4.275,4.2208,4.25,2.514e+06
VALE,1086787800,4.25,4.25,4.0375,4.07,1.12224e+07
VALE,1086874200,4.0833,4.1425,4.0792,4.1375,4.3488e+06
VALE,1087219800,3.9875,4,3.8867,3.9008,6.0048e+06
VALE,1087306200,3.9583,3.98,3.7792,3.7792,1.83972e+07
VALE,1087392600,3.7167,3.7508,3.6292,3.6667,2.50428e+07
VALE,1087479000,3.7208,3.8175,3.7108,3.785,1.3284e+07
VALE,1087565400,3.7625,3.8475,3.7517,3.8292,6.3144e+06
VALE,1087824600,3.8375,3.8667,3.7508,3.7833,1.40832e+07
VALE,1087911000,3.7625,3.7917,3.725,3.7917,5.7336e+06
VALE,1087997400,3.7667,3.89,3.7375,3.89,7.2048e+06
VALE,1088083800,3.8975,4.0417,3.8975,4.025,1.07088e+07
VALE,1088170200,4.0042,4.0967,3.9975,4.0833,1.0266e+07
VALE,1088429400,4.0625,4.0625,3.835,3.8583,1.29348e+07
VALE,1088515800,3.875,3.95,3.8442,3.8975,7.8132e+06
VALE,1088602200,3.8583,3.9708,3.8475,3.9625,5.5092e+06
VALE,1088688600,3.9792,3.9825,3.8542,3.9042,5.2344e+06
VALE,1088775000,3.9583,3.9942,3.9208,3.9417,2.3748e+06
VALE,1089120600,3.9792,3.9833,3.85,3.8667,5.9064e+06
VALE,1089207000,3.9167,4.1258,3.9167,4.0833,9.8016e+06
VALE,1089293400,4.0375,4.0708,3.9625,3.9625,5.58e+06
VALE,1089379800,3.9625,3.9908,3.9517,3.9667,4.224e+06
VALE,1089639000,4.0083,4.0083,3.9467,4,4.5708e+06
VALE,1089725400,4.05,4.1,4.0333,4.0833,5.5656e+06
VALE,1089811800,4.0833,4.165,4.05,4.125,9.5052e+06
VALE,1089898200,4.1583,4.4458,4.1583,4.3342,2.74212e+07
VALE,1089984600,4.4167,4.53,4.3875,4.4958,1.61676e+07
VALE,1090243800,4.4958,4.4958,4.3958,4.3958,9.3396e+06
VALE,1090330200,4.4,4.4833,4.3858,4.4833,9.0936e+06
VALE,1090416600,4.4917,4.6417,4.3083,4.3083,1.56576e+07
VALE,1090503000,4.3092,4.35,4.2083,4.2792,1.04496e+07
VALE,1090589400,4.2458,4.2833,4.1583,4.1917,7.2252e+06
VALE,1090848600,4.2333,4.2333,4.1158,4.1308,3.0792e+06
VALE,1090935000,4.1517,4.2625,4.135,4.2583,4.5228e+06
VALE,1091021400,4.2583,4.4108,4.2583,4.3758,4.9776e+06
VALE,1091107800,4.4133,4.4692,4.4,4.4692,5.0484e+06
VALE,1091194200,4.5042,4.5208,4.4667,4.4917,6.1788e+06
VALE,1091453400,4.4333,4.4967,4.3842,4.4942,2.1204e+06
VALE,1091539800,4.4542,4.51,4.45,4.4633,4.2516e+06
VALE,1091626200,4.375,4.475,4.35,4.35,5.5356e+06
VALE,1091712600,4.35,4.4625,4.2667,4.2958,5.2764e+06
VALE,1091799000,4.25,4.3917,4.25,4.3317,5.3784e+06
VALE,1092058200,4.3917,4.4192,4.3167,4.3167,3.3084e+06
VALE,1092144600,4.3542,4.4542,4.3542,4.4325,4.8084e+06
VALE,1092231000,4.3917,4.4317,4.34,4.3875,3.408e+06
VALE,1092317400,4.4917,4.5333,4.455,4.4625,1.05336e+07
VALE,1092403800,4.5042,4.5042,4.4525,4.4708,5.3184e+06
VALE,1092663000,4.5,4.6042,4.4992,4.5817,8.7924e+06
VALE,1092749400,4.5875,4.7417,4.5875,4.7067,7.356e+06
VALE,1092835800,4.6875,4.7958,4.6625,4.7817,5.6676e+06
VALE,1092922200,4.7792,4.9183,4.7792,4.8758,7.6956e+06
VALE,1093008600,4.8758,4.8758,4.6583,4.82,1.10292e+07
VALE,1093267800,4.8192,4.8208,4.6683,4.6892,5.4336e+06
VALE,1093354200,4.7417,4.7783,4.6025,4.6092,6.732e+06
VALE,1093440600,4.5883,4.76,4.5458,4.7283,7.8324e+06
VALE,1093527000,4.7083,4.7458,4.6667,4.695,4.6896e+06
VALE,1093613400,4.695,4.7417,4.6667,4.7317,4.4844e+06
VALE,1093872600,4.6933,4.7675,4.6917,4.7417,3.0216e+06
VALE,1093959000,4.7625,4.8192,4.7583,4.8142,3.7764e+06
VALE,1094045400,4.7875,4.85,4.7417,4.7875,3.792e+06
VALE,1094131800,4.7333,4.84,4.7333,4.7917,4.704e+06
VALE,1094218200,4.8,4.8333,4.795,4.8183,2.3076e+06
VALE,1094563800,4.9525,5.0625,4.8625,4.965,3.1224e+06
VALE,1094650200,4.95,4.9925,4.9075,4.94,2.9424e+06
VALE,1094736600,4.98,5.0475,4.9275,4.98,8.8172e+06
VALE,1094823000,4.99,4.99,4.895,4.8975,6.3812e+06
VALE,1095082200,4.95,5,4.92,4.92,4.8824e+06
VALE,1095168600,4.9025,5.0975,4.8875,5.09,4.8096e+06
VALE,1095255000,5.12,5.1825,5.0525,5.09,9.3156e+06
VALE,1095341400,5.1375,5.1375,5.0475,5.055,5.3184e+06
VALE,1095427800,5.1825,5.2175,5.125,5.17,1.302e+07
VALE,1095687000,5.2525,5.3125,5.175,5.185,5.2288e+06
VALE,1095773400,5.2,5.27,5.1425,5.19,5.6452e+06
VALE,1095859800,5.2,5.215,5.1025,5.1375,7.4144e+06
VALE,1095946200,5.1725,5.1725,5.0275,5.0425,7.5596e+06
VALE,1096032600,5.0725,5.2125,5.05,5.15,8.8728e+06
VALE,1096291800,5.07,5.115,5.005,5.0075,4.6908e+06
VALE,1096378200,5.225,5.545,5.125,5.4375,2.566e+07
VALE,1096464600,5.5,5.6875,5.425,5.665,1.97952e+07
VALE,1096551000,5.665,5.675,5.5925,5.6175,8.6804e+06
VALE,1096637400,5.6875,5.7425,5.675,5.685,9.7764e+06
VALE,1096896600,5.75,5.86,5.7375,5.8,1.55788e+07
VALE,1096983000,5.85,6,5.825,5.91,1.13324e+07
VALE,1097069400,5.8025,5.8725,5.8,5.825,6.9832e+06
VALE,1097155800,5.805,5.805,5.63,5.735,5.2336e+06
VALE,1097242200,5.75,5.7625,5.595,5.6025,4.3368e+06
VALE,1097501400,5.66,5.6975,5.56,5.6075,1.646e+06
VALE,1097587800,5.6075,5.61,5.25,5.4375,1.06752e+07
VALE,1097674200,5.475,5.4775,5.07,5.21,1.49732e+07
VALE,1097760600,5.075,5.125,5.06,5.08,7.7016e+06
VALE,1097847000,5.24,5.4375,5.24,5.4125,8.7428e+06
VALE,1098106200,5.5125,5.5225,5.3025,5.3175,3.9388e+06
VALE,1098192600,5.3875,5.3875,5.0925,5.1375,6.044e+06
VALE,1098279000,5.0875,5.2025,5.0875,5.1925,6.9548e+06
VALE,1098365400,5.2225,5.46,5.2025,5.3875,6.0564e+06
VALE,1098451800,5.4625,5.4675,5.3225,5.3375,6.924e+06
VALE,1098711000,5.3375,5.375,5.255,5.31,5.9104e+06
VALE,1098797400,5.43,5.4825,5.345,5.45,9.966e+06
VALE,1098883800,5.475,5.535,5.385,5.445,5.7664e+06
VALE,1098970200,5.25,5.2525,5.125,5.195,1.2984e+07
VALE,1099056600,5.225,5.3075,5.2125,5.29,5.9528e+06
VALE,1099319400,5.325,5.335,5.2575,5.325,2.8532e+06
VALE,1099405800,5.32,5.3325,5.2275,5.2475,4.422e+06
VALE,1099492200,5.3775,5.485,5.32,5.4275,6.3636e+06
VALE,1099578600,5.4375,5.52,5.425,5.46,7.4796e+06
VALE,1099665000,5.54,5.645,5.51,5.625,9.2392e+06
VALE,1099924200,5.5025,5.65,5.5,5.625,9.294e+06
VALE,1100010600,5.625,5.8125,5.6175,5.775,1.23984e+07
VALE,1100097000,5.815,5.8675,5.725,5.725,6.3776e+06
VALE,1100183400,5.7625,5.8275,5.68,5.7175,4.8316e+06
VALE,1100269800,5.7775,6.0925,5.775,6.04,7.6968e+06
VALE,1100529000,6.0975,6.1125,6.025,6.105,4.1004e+06
VALE,1100615400,6,6,5.77,5.77,1.0894e+07
VALE,1100701800,5.9,6.0625,5.85,6.01,1.24772e+07
VALE,1100788200,6.01,6.0125,5.82,5.9125,3.6676e+06
VALE,1100874600,5.8875,6.025,5.825,6,4.6048e+06
VALE,1101133800,6.0025,6.005,5.8575,5.935,1.16992e+07
VALE,1101220200,5.95,6.0375,5.9325,5.9375,8.2244e+06
VALE,1101306600,5.9125,6.015,5.9075,6.015,6.1096e+06
VALE,1101479400,6.06,6.27,6.0475,6.225,7.1576e+06
VALE,1101738600,6.225,6.2425,6.1,6.12,8.3688e+06
VALE,1101825000,6.1275,6.2375,6.1275,6.205,6.0848e+06
VALE,1101911400,6.3125,6.3125,6.1375,6.185,3.824e+06
VALE,1101997800,6.2625,6.2625,5.985,6.0475,9.19e+06
VALE,1102084200,6.135,6.15,6.0825,6.1,1.03284e+07
VALE,1102343400,6.155,6.2125,5.9625,5.9925,1.04372e+07
VALE,1102429800,5.9625,5.965,5.8875,5.94,5.5724e+06
VALE,1102516200,5.8375,5.9875,5.8325,5.925,5.5464e+06
VALE,1102602600,5.9125,6.03,5.85,6.0275,3.8584e+06
VALE,1102689000,6.03,6.2125,5.955,6.1675,8.5684e+06
VALE,1102948200,6.2375,6.3425,6.23,6.3425,5.2608e+06
VALE,1103034600,6.3225,6.325,6.215,6.285,5.762e+06
VALE,1103121000,6.3375,6.3725,6.2475,6.3325,1.00584e+07
VALE,1103207400,6.375,6.625,6.375,6.565,8.6756e+06
VALE,1103293800,6.625,6.65,6.475,6.6175,7.4152e+06
VALE,1103553000,6.615,6.715,6.575,6.675,7.0148e+06
VALE,1103639400,6.7875,6.9825,6.7425,6.9525,1.06992e+07
VALE,1103725800,6.925,7.0625,6.9125,7.0175,1.06056e+07
VALE,1103812200,7.025,7.0475,6.895,6.9525,5.1312e+06
VALE,1104157800,7.05,7.05,6.895,6.965,3.0168e+06
VALE,1104244200,6.9825,7.255,6.955,7.2475,4.4612e+06
VALE,1104330600,7.25,7.25,7.1625,7.2375,3.854e+06
VALE,1104417000,7.24,7.24,7.1,7.1525,4.2796e+06
VALE,1104503400,7.155,7.3125,7.115,7.2525,2.3288e+06
VALE,1104762600,7.2875,7.2925,6.935,7,7.9328e+06
VALE,1104849000,6.9525,6.9625,6.6225,6.67,1.16476e+07
VALE,1104935400,6.67,6.71,6.5,6.5125,1.1262e+07
VALE,1105021800,6.55,6.5925,6.3575,6.5125,1.01728e+07
VALE,1105108200,6.7475,6.8125,6.5625,6.67,1.34104e+07
VALE,1105367400,6.75,6.7825,6.6125,6.62,5.6144e+06
VALE,1105453800,6.62,6.6375,6.505,6.5725,5.9124e+06
VALE,1105540200,6.6725,6.6875,6.41,6.6675,1.19884e+07
VALE,1105626600,6.75,6.97,6.65,6.8525,9.98e+06
VALE,1105713000,6.9625,7.325,6.9475,7.2575,1.3966e+07
VALE,1106058600,7.25,7.2875,7.165,7.245,8.87e+06
VALE,1106145000,7.19,7.2325,7.0875,7.0925,7.3232e+06
VALE,1106231400,7,7.1875,6.8125,6.995,8.2624e+06
VALE,1106317800,7.2375,7.6375,7.2275,7.4225,2.47432e+07
VALE,1106577000,7.575,7.785,7.575,7.625,1.40484e+07
VALE,1106663400,7.7625,7.775,7.4775,7.48,9.486e+06
VALE,1106749800,7.6375,7.7225,7.5125,7.6725,1.05216e+07
VALE,1106836200,7.585,7.5975,7.455,7.575,9.766e+06
VALE,1106922600,7.505,7.52,7.45,7.48,4.3892e+06
VALE,1107181800,7.62,7.7725,7.4825,7.5625,6.8464e+06
VALE,1107268200,7.565,7.7475,7.565,7.6625,9.5884e+06
VALE,1107354600,7.7125,7.7125,7.565,7.5875,6.4492e+06
VALE,1107441000,7.5625,7.5675,7.4,7.465,7.7756e+06
VALE,1107527400,7.5125,7.545,7.3225,7.4225,1.06496e+07
VALE,1107786600,7.475,7.5275,7.4475,7.495,5.5672e+06
VALE,1107873000,7.5375,7.555,7.4575,7.5,3.4248e+06
VALE,1107959400,7.475,7.5375,7.2975,7.3375,1.0168e+07
VALE,1108045800,7.3875,7.3975,7.1975,7.275,1.299e+07
VALE,1108132200,7.3375,7.3675,7.25,7.25,1.18052e+07
VALE,1108391400,7.325,7.5225,7.2875,7.4975,6.7624e+06
VALE,1108477800,7.55,7.6725,7.53,7.6175,6.3796e+06
VALE,1108564200,7.55,7.6225,7.5475,7.595,8.3132e+06
VALE,1108650600,7.675,7.875,7.62,7.8075,1.21588e+07
VALE,1108737000,7.85,8.02,7.8125,7.9975,1.32004e+07
VALE,1109082600,8.575,8.755,8.305,8.3525,2.56736e+07
VALE,1109169000,8.6225,8.8,8.5875,8.725,1.9398e+07
VALE,1109255400,9,9.14,8.875,9.1375,1.72272e+07
VALE,1109341800,9.0875,9.1125,8.7275,8.8925,2.02832e+07
VALE,1109601000,9,9.09,8.6625,8.75,3.4404e+07
VALE,1109687400,8.7525,8.765,8.3725,8.3775,1.45244e+07
VALE,1109773800,8.25,8.6,8.235,8.5225,1.37556e+07
VALE,1109860200,8.845,8.875,8.575,8.6675,1.52144e+07
VALE,1109946600,8.75,9.025,8.75,9.025,2.08292e+07
VALE,1110205800,9.15,9.1525,8.8025,8.8375,1.10156e+07
VALE,1110292200,8.8375,8.8375,8.5025,8.64,1.12812e+07
VALE,1110378600,8.6875,8.7125,8.5275,8.565,9.818e+06
VALE,1110465000,8.375,8.4125,8.0975,8.29,1.87252e+07
VALE,1110551400,8.35,8.5675,8.2825,8.3425,1.05176e+07
VALE,1110810600,8.3375,8.3375,7.945,8.1275,9.902e+06
VALE,1110897000,8.1375,8.2425,7.9075,8.0275,1.1854e+07
VALE,1110983400,8.005,8.02,7.85,7.9775,1.19716e+07
VALE,1111069800,7.95,8.4475,7.9,8.42,1.27796e+07
VALE,1111156200,8.425,8.4875,8.2625,8.41,1.203e+07
VALE,1111415400,8.475,8.4875,8.205,8.25,1.0408e+07
VALE,1111501800,8.1575,8.435,8.08,8.175,1.42776e+07
VALE,1111588200,8.2375,8.2375,7.5825,7.64,1.96624e+07
VALE,1111674600,7.775,8.0275,7.77,7.9,2.20848e+07
VALE,1112020200,7.9075,7.9825,7.65,7.7325,8.722e+06
VALE,1112106600,7.8175,7.87,7.395,7.4025,1.85984e+07
VALE,1112193000,7.5,7.75,7.4775,7.71,1.44188e+07
VALE,1112279400,8.0625,8.075,7.8175,7.9025,9.696e+06
VALE,1112365800,8.2375,8.25,7.9125,8,1.14696e+07
VALE,1112621400,7.8275,7.85,7.7125,7.75,8.1904e+06
VALE,1112707800,7.85,7.9725,7.6625,7.7,8.3352e+06
VALE,1112794200,7.7625,7.87,7.685,7.6975,8.1568e+06
VALE,1112880600,7.725,7.875,7.6525,7.8675,7.9152e+06
VALE,1112967000,7.875,7.9675,7.7875,7.875,7.7008e+06
VALE,1113226200,7.8125,7.8875,7.7525,7.805,4.9972e+06
VALE,1113312600,7.7875,7.8,7.545,7.675,1.33492e+07
VALE,1113399000,7.675,7.6875,7.32,7.3525,1.81256e+07
VALE,1113485400,7.35,7.35,6.9,6.9525,2.4384e+07
VALE,1113571800,6.825,7.075,6.7125,6.74,1.53556e+07
VALE,1113831000,6.6875,6.95,6.67,6.835,2.04116e+07
VALE,1113917400,6.9625,7.185,6.9625,7.1475,1.4974e+07
VALE,1114003800,7.2775,7.28,7.0425,7.0625,1.24728e+07
VALE,1114090200,7.1875,7.2875,7.015,7.2875,6.5252e+06
VALE,1114176600,7.3,7.3,6.9875,7.0625,7.4076e+06
VALE,1114435800,7.1,7.395,7.075,7.365,7.492e+06
VALE,1114522200,7.2,7.3725,7.1375,7.16,7.8484e+06
VALE,1114608600,7.1125,7.1125,6.95,7.0425,7.858e+06
VALE,1114695000,6.9375,6.945,6.555,6.65,2.04432e+07
VALE,1114781400,6.775,6.855,6.5325,6.7375,1.5444e+07
VALE,1115040600,6.7875,6.8025,6.625,6.755,6.41e+06
VALE,1115127000,6.6875,6.9125,6.6775,6.7625,7.0892e+06
VALE,1115213400,6.85,7.05,6.805,7,1.05136e+07
VALE,1115299800,7.0375,7.1375,6.85,6.9225,1.0174e+07
VALE,1115386200,7.0875,7.175,6.98,7.025,1.17164e+07
VALE,1115645400,7.05,7.1625,6.995,7.1425,6.312e+06
VALE,1115731800,7.115,7.115,6.825,6.89,7.1656e+06
VALE,1115818200,6.89,6.9125,6.7,6.89,7.1912e+06
VALE,1115904600,6.845,6.845,6.46,6.5375,1.88152e+07
VALE,1115991000,6.525,6.5875,6.255,6.4,1.86684e+07
VALE,1116250200,6.4,6.7275,6.4,6.7,8.5464e+06
VALE,1116336600,6.635,6.7775,6.5925,6.7575,9.1004e+06
VALE,1116423000,6.9375,7.2025,6.9075,7.1625,1.4076e+07
VALE,1116509400,7.2,7.225,7.0425,7.195,1.25832e+07
VALE,1116595800,7.1775,7.1775,7.015,7.055,4.9768e+06
VALE,1116855000,7.0875,7.1775,7.0675,7.155,5.7444e+06
VALE,1116941400,7.125,7.3325,7.0775,7.3325,6.666e+06
VALE,1117027800,7.3125,7.3125,7.135,7.25,7.364e+06
VALE,1117114200,7.25,7.4525,7.235,7.425,5.3412e+06
VALE,1117200600,7.3575,7.485,7.3,7.4025,6.686e+06
VALE,1117546200,7.405,7.4375,7.2075,7.2575,7.1464e+06
VALE,1117632600,7.175,7.4425,7.1625,7.34,7.572e+06
VALE,1117719000,7.3425,7.55,7.34,7.4625,1.22932e+07
VALE,1117805400,7.575,7.575,7.465,7.4825,7.5172e+06
VALE,1118064600,7.2525,7.3125,7.1525,7.285,9.628e+06
VALE,1118151000,7.1125,7.32,7.055,7.125,1.02088e+07
VALE,1118237400,7.1875,7.2825,7.0625,7.1,7.866e+06
VALE,1118323800,7,7,6.775,6.9025,1.15376e+07
VALE,1118410200,6.97,7.045,6.8625,6.98,8.342e+06
VALE,1118669400,7.025,7.095,6.9425,7.0025,6.2464e+06
VALE,1118755800,7.1,7.1525,6.8625,7.15,1.30416e+07
VALE,1118842200,7.075,7.25,6.95,7.2225,8.8528e+06
VALE,1118928600,7.4,7.6,7.3725,7.5575,1.66632e+07
VALE,1119015000,7.775,7.7975,7.6675,7.69,1.30308e+07
VALE,1119274200,7.685,7.6875,7.5125,7.6125,1.03608e+07
VALE,1119360600,7.6,7.6,7.405,7.46,1.28292e+07
VALE,1119447000,7.445,7.4975,7.25,7.355,8.0368e+06
VALE,1119533400,7.3125,7.3125,7.0125,7.09,1.1672e+07
VALE,1119619800,7.0625,7.0875,6.9575,6.995,1.11144e+07
VALE,1119879000,6.95,7.2975,6.9025,7.2125,1.28192e+07
VALE,1119965400,7.275,7.4875,7.2625,7.3925,8.4028e+06
VALE,1120051800,7.4375,7.525,7.3925,7.4175,5.5088e+06
VALE,1120138200,7.395,7.4875,7.32,7.32,7.8192e+06
VALE,1120224600,7.42,7.4925,7.4025,7.4925,4.7608e+06
VALE,1120570200,7.4525,7.4975,7.3325,7.3775,4.2872e+06
VALE,1120656600,7.325,7.555,7.275,7.5025,1.06568e+07
VALE,1120743000,7.3325,7.555,7.3025,7.545,5.3032e+06
VALE,1120829400,7.625,7.865,7.6175,7.7625,1.3116e+07
VALE,1121088600,7.9225,8.05,7.9,7.9175,1.05464e+07
VALE,1121175000,7.875,7.915,7.82,7.8675,8.002e+06
VALE,1121261400,7.8825,7.9875,7.8825,7.9525,8.0396e+06
VALE,1121347800,7.9925,8.0225,7.8625,7.8825,1.125e+07
VALE,1121434200,7.8125,7.8125,7.72,7.7375,6.4072e+06
VALE,1121693400,7.725,7.825,7.665,7.765,6.2652e+06
VALE,1121779800,7.72,7.9225,7.6825,7.8725,7.11e+06
VALE,1121866200,7.875,8.14,7.8325,8.125,1.73904e+07
VALE,1121952600,8.2,8.28,8.0125,8.275,1.34708e+07
VALE,1122039000,8.25,8.3125,8.1725,8.305,1.19472e+07
VALE,1122298200,8.1225,8.1775,7.8375,7.975,1.0392e+07
VALE,1122384600,7.9,7.9975,7.815,7.9475,8.158e+06
VALE,1122471000,8.04,8.055,7.88,7.975,6.9852e+06
VALE,1122557400,8.075,8.25,8.055,8.1725,9.444e+06
VALE,1122643800,8.265,8.2675,8.0625,8.14,8.696e+06
VALE,1122903000,8.24,8.2875,8.15,8.25,5.3332e+06
VALE,1122989400,8.3175,8.485,8.3175,8.4625,1.31736e+07
VALE,1123075800,8.5875,8.67,8.4625,8.6,1.47428e+07
VALE,1123162200,8.595,8.625,8.4625,8.5225,9.0372e+06
VALE,1123248600,8.575,8.625,8.34,8.445,9.4316e+06
VALE,1123507800,8.5475,8.725,8.5275,8.5675,8.5544e+06
VALE,1123594200,8.75,8.925,8.715,8.825,1.22916e+07
VALE,1123680600,8.8875,9.0525,8.8425,8.9825,1.6628e+07
VALE,1123767000,9.1,9.1075,8.65,8.7125,1.55668e+07
VALE,1123853400,8.4375,8.6875,8.375,8.6675,1.10528e+07
VALE,1124112600,8.725,8.8325,8.6725,8.82,5.2336e+06
VALE,1124199000,8.8875,8.8875,8.5,8.54,7.9084e+06
VALE,1124285400,8.4925,8.5875,8.475,8.54,6.0912e+06
VALE,1124371800,8.5375,8.54,8.3,8.3275,8.4724e+06
VALE,1124458200,8.4225,8.5225,8.135,8.2875,1.65844e+07
VALE,1124717400,8.4525,8.6975,8.425,8.6475,1.19964e+07
VALE,1124803800,8.5825,8.5825,8.3625,8.44,1.03708e+07
VALE,1124890200,8.275,8.3375,8.0575,8.12,1.35808e+07
VALE,1124976600,8.1525,8.4725,8.1375,8.4525,1.02084e+07
VALE,1125063000,8.4375,8.4725,8.2375,8.3575,1.13808e+07
VALE,1125322200,8.3375,8.5125,8.2825,8.4675,5.5252e+06
VALE,1125408600,8.5475,8.5875,8.385,8.49,6.6064e+06
VALE,1125495000,8.6225,8.65,8.5525,8.5975,8.8584e+06
VALE,1125581400,8.6625,8.7275,8.575,8.7275,9.3068e+06
VALE,1125667800,8.775,8.98,8.7625,8.945,8.8928e+06
VALE,1126013400,9.0625,9.115,8.96,9.085,8.4732e+06
VALE,1126099800,9.055,9.11,8.9325,9.0025,6.23e+06
VALE,1126186200,9.06,9.0925,9.005,9.0625,5.6296e+06
VALE,1126272600,9.1125,9.3075,9.1,9.2975,8.7784e+06
VALE,1126531800,9.2975,9.3875,9.175,9.3,9.0948e+06
VALE,1126618200,9.225,9.2925,9.1,9.1075,7.9792e+06
VALE,1126704600,9.0825,9.245,9.075,9.15,8.8168e+06
VALE,1126791000,9.3,9.635,9.3,9.535,2.02896e+07
VALE,1126877400,9.67,9.98,9.6575,9.9625,1.0874e+07
VALE,1127136600,9.9625,9.9625,9.8175,9.825,8.7976e+06
VALE,1127223000,9.825,9.9225,9.7625,9.805,9.5716e+06
VALE,1127309400,9.975,10.5625,9.9025,10.475,1.88416e+07
VALE,1127395800,10.475,10.4875,10.15,10.465,1.20156e+07
VALE,1127482200,10.465,10.825,10.425,10.7825,1.13564e+07
VALE,1127741400,10.785,11.0275,10.525,10.9725,1.12572e+07
VALE,1127827800,10.975,10.975,10.615,10.9,1.14212e+07
VALE,1127914200,10.975,11.2125,10.9625,11.01,1.09864e+07
VALE,1128000600,11.095,11.23,10.715,11.195,1.91272e+07
VALE,1128087000,11.125,11.2075,10.93,10.965,1.2436e+07
VALE,1128346200,10.92,11.0775,10.7825,10.95,1.11716e+07
VALE,1128432600,10.9125,10.95,10.6025,10.65,1.02708e+07
VALE,1128519000,10.39,10.4675,10.0075,10.0325,1.68888e+07
VALE,1128605400,9.7625,9.885,9.3,9.5075,2.83084e+07
VALE,1128691800,9.6875,10.02,9.6525,9.8375,2.18716e+07
VALE,1128951000,10.0625,10.28,10.0375,10.195,1.63684e+07
VALE,1129037400,10.5,10.6125,10.27,10.35,1.3306e+07
VALE,1129123800,10.35,10.425,9.7075,9.8425,1.31076e+07
VALE,1129210200,9.65,9.84,9.5125,9.775,1.40084e+07
VALE,1129296600,9.9125,9.9875,9.45,9.97,1.76444e+07
VALE,1129555800,10.0125,10.0175,9.8425,9.865,1.0174e+07
VALE,1129642200,9.9625,9.985,9.5575,9.5575,9.4604e+06
VALE,1129728600,9.5025,9.745,9.21,9.7025,1.31156e+07
VALE,1129815000,9.8,9.855,9.175,9.2125,1.49692e+07
VALE,1129901400,9.3125,9.7,9.25,9.6775,1.22052e+07
VALE,1130160600,9.7025,9.97,9.7,9.9425,1.04676e+07
VALE,1130247000,10.0375,10.2225,9.75,9.8175,1.1342e+07
VALE,1130333400,9.8375,10.0925,9.775,9.89,9.8228e+06
VALE,1130419800,9.89,9.95,9.5675,9.6775,8.4144e+06
VALE,1130506200,9.75,10.0325,9.75,9.96,8.836e+06
VALE,1130769000,10.075,10.3925,10.0625,10.3325,1.1e+07
VALE,1130855400,10.5375,10.7175,10.53,10.565,1.33308e+07
VALE,1130941800,10.575,10.825,10.45,10.735,5.9884e+06
VALE,1131028200,10.85,11.06,10.7875,10.875,1.10052e+07
VALE,1131114600,10.9475,10.9475,10.3925,10.7275,8.7972e+06
VALE,1131373800,10.8725,10.935,10.64,10.76,7.236e+06
VALE,1131460200,10.7525,10.885,10.6275,10.775,7.9028e+06
VALE,1131546600,10.75,10.825,10.5875,10.67,8.9212e+06
VALE,1131633000,10.3625,10.4375,10.1375,10.325,2.28476e+07
VALE,1131719400,10.37,10.5625,10.3325,10.5125,8.6664e+06
VALE,1131978600,10.1975,10.4625,10.1825,10.3225,7.3364e+06
VALE,1132065000,10.3275,10.585,10.295,10.3475,7.2068e+06
VALE,1132151400,10.395,10.5975,10.295,10.59,8.0644e+06
VALE,1132237800,10.8125,10.875,10.7375,10.79,8.24e+06
VALE,1132324200,10.72,10.785,10.5625,10.675,6.324e+06
VALE,1132583400,10.825,10.8525,10.7225,10.8,8.5744e+06
VALE,1132669800,10.54,10.95,10.44,10.9475,1.3638e+07
VALE,1132756200,10.945,11.225,10.9025,10.9925,1.07472e+07
VALE,1132929000,11.05,11.17,10.9975,11.1475,3.2504e+06
VALE,1133188200,11.25,11.325,10.8375,10.8975,9.6484e+06
VALE,1133274600,11.0125,11.12,10.8625,10.9025,9.9096e+06
VALE,1133361000,10.925,10.925,10.685,10.84,8.2496e+06
VALE,1133447400,10.8925,11.235,10.8775,11.235,1.30348e+07
VALE,1133533800,11.3475,11.4875,11.13,11.27,1.06244e+07
VALE,1133793000,11.27,11.27,11.0125,11.025,8.2176e+06
VALE,1133879400,11.075,11.145,10.9,10.995,1.31744e+07
VALE,1133965800,10.9375,11.015,10.4775,10.5,1.3656e+07
VALE,1134052200,10.525,10.525,10.275,10.45,1.25368e+07
VALE,1134138600,10.54,10.6025,10.375,10.555,8.6512e+06
VALE,1134397800,10.6875,10.6975,10.425,10.565,7.7348e+06
VALE,1134484200,10.4375,10.625,10.425,10.55,6.866e+06
VALE,1134570600,10.63,10.6475,10.4,10.425,7.2416e+06
VALE,1134657000,10.3375,10.375,10.15,10.3075,8.3356e+06
VALE,1134743400,10.245,10.355,10.235,10.29,8.2128e+06
VALE,1135002600,10.075,10.2575,9.875,10.03,1.24688e+07
VALE,1135089000,10.04,10.145,10.025,10.075,7.4968e+06
VALE,1135175400,10.275,10.4825,10.2375,10.37,1.21184e+07
VALE,1135261800,10.3125,10.34,10.225,10.295,7.444e+06
VALE,1135348200,10.3,10.365,10.2,10.2875,4.0232e+06
VALE,1135693800,10.2525,10.2675,10.1375,10.1925,1.34656e+07
VALE,1135780200,10.125,10.31,10.0825,10.2225,8.0776e+06
VALE,1135866600,10.2375,10.4475,10.21,10.3425,6.2516e+06
VALE,1135953000,10.35,10.3825,10.2625,10.285,4.4416e+06
VALE,1136298600,10.525,10.8,10.395,10.75,1.0802e+07
VALE,1136385000,10.885,11.1075,10.8025,11.03,1.23612e+07
VALE,1136471400,11.05,11.165,10.995,11.095,1.02704e+07
VALE,1136557800,11.125,11.3,11.1225,11.25,1.07312e+07
VALE,1136817000,11.3125,11.4,11.1975,11.4,8.924e+06
VALE,1136903400,11.1725,11.4,11.085,11.375,1.02196e+07
VALE,1136989800,11.375,11.6175,11.375,11.55,1.1306e+07
VALE,1137076200,11.8725,12.035,11.74,11.8925,2.82372e+07
VALE,1137162600,11.8875,11.9325,11.6825,11.83,1.18892e+07
VALE,1137508200,11.9375,11.9525,11.625,11.7425,1.15516e+07
VALE,1137594600,11.505,11.575,11.4375,11.51,1.06316e+07
VALE,1137681000,11.725,12.0125,11.6775,11.985,1.52952e+07
VALE,1137767400,12.0125,12.075,11.5775,11.615,1.48896e+07
VALE,1138026600,11.7125,11.7975,11.5875,11.795,9.4536e+06
VALE,1138113000,12.1625,12.225,11.94,11.9575,1.6176e+07
VALE,1138199400,12.075,12.46,11.75,11.895,1.66356e+07
VALE,1138285800,12,12.4025,12,12.4025,2.75104e+07
VALE,1138372200,12.3675,12.5,12.3125,12.45,1.65252e+07
VALE,1138631400,12.575,12.65,12.4425,12.5025,1.80904e+07
VALE,1138717800,12.43,12.8975,12.3,12.8175,2.51412e+07
VALE,1138804200,12.75,12.7725,12.55,12.595,1.08768e+07
VALE,1138890600,12.685,12.725,12.0625,12.325,2.43284e+07
VALE,1138977000,11.9925,12.285,11.725,12.2125,1.65556e+07
VALE,1139236200,12.37,12.4375,12.2625,12.4,6.806e+06
VALE,1139322600,12.15,12.22,11.7975,11.8375,1.47284e+07
VALE,1139409000,11.6875,11.9,11.42,11.8525,1.32976e+07
VALE,1139495400,11.9875,12.1175,11.7575,11.82,1.2482e+07
VALE,1139581800,12,12.0225,11.525,11.7075,1.54164e+07
VALE,1139841000,11.4375,11.5775,11.3425,11.465,1.33348e+07
VALE,1139927400,11.5,11.8225,11.375,11.7625,1.41568e+07
VALE,1140013800,11.9125,12.0175,11.755,11.9225,1.20816e+07
VALE,1140100200,11.8625,12.08,11.63,11.975,2.32956e+07
VALE,1140186600,11.95,11.9525,11.6275,11.81,1.43848e+07
VALE,1140532200,11.875,11.925,11.62,11.7,1.20052e+07
VALE,1140618600,11.795,12.0725,11.71,11.9975,1.35716e+07
VALE,1140705000,12.015,12.2,11.775,12.11,1.14124e+07
VALE,1140791400,12.05,12.265,11.98,12.1575,7.3304e+06
VALE,1141050600,12.25,12.25,11.8325,11.8775,8.4256e+06
VALE,1141137000,11.825,11.945,11.525,11.6075,1.02092e+07
VALE,1141223400,11.635,12.12,11.635,12,1.37256e+07
VALE,1141309800,12.0575,12.0975,11.8475,11.99,1.06008e+07
VALE,1141396200,11.9925,12.0075,11.775,11.975,9.3136e+06
VALE,1141655400,11.9725,12.025,11.49,11.64,1.24532e+07
VALE,1141741800,11.45,11.475,10.9,11.185,2.26208e+07
VALE,1141828200,11.025,11.07,10.5625,10.91,3.48364e+07
VALE,1141914600,11.0375,11.2,10.465,10.57,2.45036e+07
VALE,1142001000,10.5875,10.925,10.4675,10.8125,2.20264e+07
VALE,1142260200,10.905,11.0375,10.7825,10.83,1.30428e+07
VALE,1142346600,10.7125,11.0775,10.7125,11.035,1.09608e+07
VALE,1142433000,11.2325,11.33,11.15,11.2775,1.48372e+07
VALE,1142519400,11.39,11.4475,11.075,11.25,1.3212e+07
VALE,1142605800,11.32,11.3225,11.125,11.23,8.528e+06
VALE,1142865000,11.3125,11.3625,11.145,11.225,6.9532e+06
VALE,1142951400,11.2225,11.26,10.94,11.0375,1.07232e+07
VALE,1143037800,10.9975,11.1625,10.9725,11.055,1.0474e+07
VALE,1143124200,11.2125,11.24,10.975,11,1.24428e+07
VALE,1143210600,11.225,11.38,11.1125,11.32,1.54968e+07
VALE,1143469800,11.3825,11.5625,11.235,11.46,1.28244e+07
VALE,1143556200,11.325,11.5625,11.1775,11.265,1.64188e+07
VALE,1143642600,11.3925,11.71,11.3375,11.635,1.28708e+07
VALE,1143729000,12,12.24,11.9125,12.065,2.4356e+07
VALE,1143815400,11.9575,12.16,11.8775,12.1325,1.09e+07
VALE,1144071000,12.4875,12.5825,12.275,12.3175,1.6312e+07
VALE,1144157400,12.4,12.42,12.1875,12.2375,9.6152e+06
VALE,1144243800,12.4,12.4875,12.125,12.3625,1.08804e+07
VALE,1144330200,12.3625,12.47,12.2175,12.45,1.07056e+07
VALE,1144416600,12.4475,12.4625,12.025,12.175,1.0028e+07
VALE,1144675800,12.0475,12.23,11.95,12.0575,9.2624e+06
VALE,1144762200,12.27,12.3125,11.945,11.97,7.6012e+06
VALE,1144848600,11.97,12.06,11.8375,12.0475,6.5476e+06
VALE,1144935000,11.8675,12.0675,11.7,11.98,6.1732e+06
VALE,1145280600,12.065,12.265,12.02,12.155,7.022e+06
VALE,1145367000,12.3,12.625,12.275,12.605,1.09412e+07
VALE,1145453400,12.5875,12.6375,12.36,12.5775,9.144e+06
VALE,1145539800,12.57,12.6125,12.1375,12.3625,1.3186e+07
VALE,1145626200,12.43,13.225,12.43,12.9325,1.8842e+07
VALE,1145885400,12.7525,12.93,12.6975,12.92,1.029e+07
VALE,1145971800,12.92,12.9875,12.685,12.8025,9.9808e+06
VALE,1146058200,12.865,13.225,12.8475,12.9375,2.1906e+07
VALE,1146144600,12.6875,12.9125,12.485,12.6175,1.75192e+07
VALE,1146231000,12.8125,12.97,12.66,12.88,1.09964e+07
VALE,1146490200,12.9975,13.3375,12.955,13.2325,8.5284e+06
VALE,1146576600,13.15,13.575,13.0575,13.5725,1.7214e+07
VALE,1146663000,13.5875,13.59,13.2025,13.4375,1.01612e+07
VALE,1146749400,13.4125,13.73,13.4125,13.69,1.24472e+07
VALE,1146835800,13.775,14.0525,13.7625,13.99,1.0868e+07
VALE,1147095000,14.11,14.1425,13.8475,14.12,1.43968e+07
VALE,1147181400,14.175,14.55,14.075,14.545,1.53804e+07
VALE,1147267800,14.4025,14.5375,14.2725,14.4325,1.56232e+07
VALE,1147354200,14.475,14.52,13.8225,13.97,2.0272e+07
VALE,1147440600,13.6325,13.75,13.1925,13.45,2.0726e+07
VALE,1147699800,12.75,13.0875,12.66,12.875,2.08616e+07
VALE,1147786200,13.1275,13.2925,12.5175,12.7875,2.56124e+07
VALE,1147872600,12.625,12.7175,11.895,12.2625,3.3788e+07
VALE,1147959000,12.255,12.4025,11.8875,11.9375,2.8576e+07
VALE,1148045400,12.0625,12.0875,11.46,11.9275,3.1322e+07
VALE,1148304600,11.275,11.53,10.9075,11.44,3.41224e+07
VALE,1148391000,11.85,12.095,11.2525,11.255,3.10764e+07
VALE,1148477400,11.0625,11.39,10.5275,10.97,3.82204e+07
VALE,1148563800,11.225,11.9325,11.125,11.8775,2.87064e+07
VALE,1148650200,12.3125,12.32,12,12.1575,2.47384e+07
VALE,1148995800,11.8875,11.9875,11.48,11.6625,2.36148e+07
VALE,1149082200,11.7525,11.935,11.5025,11.6475,2.2612e+07
VALE,1149168600,11.5025,11.79,11.4225,11.7575,1.9406e+07
VALE,1149255000,12.025,12.04,11.5975,11.85,1.67352e+07
VALE,1149514200,11.8375,11.8375,11.4125,11.49,1.66468e+07
VALE,1149600600,11.25,11.34,10.98,11.2625,2.83936e+07
VALE,1149687000,11.14,11.32,10.635,10.695,1.92872e+07
VALE,1149773400,10.35,10.695,10.11,10.66,2.45726e+07
VALE,1149859800,10.9,10.915,10.675,10.86,2.77998e+07
VALE,1150119000,10.75,10.875,10.26,10.27,1.89026e+07
VALE,1150205400,10.015,10.2,9.815,10.035,2.23618e+07
VALE,1150291800,10.075,10.485,10.01,10.35,2.24284e+07
VALE,1150378200,10.585,11.21,10.575,11.135,2.27284e+07
VALE,1150464600,10.725,10.965,10.505,10.895,1.63848e+07
VALE,1150723800,10.885,10.96,10.445,10.525,1.20848e+07
VALE,1150810200,10.725,10.875,10.48,10.48,1.37412e+07
VALE,1150896600,10.465,11.245,10.465,11.18,1.7807e+07
VALE,1150983000,11.24,11.245,10.94,11.175,1.13844e+07
VALE,1151069400,10.905,11.2,10.855,11.005,1.3724e+07
VALE,1151328600,11.09,11.4,11,11.15,1.02862e+07
VALE,1151415000,11.155,11.39,10.865,10.905,9.268e+06
VALE,1151501400,11,11.18,10.865,11.175,1.00548e+07
VALE,1151587800,11.25,11.895,11.25,11.8,1.7289e+07
VALE,1151674200,12.02,12.1,11.855,12.02,1.33886e+07
VALE,1151933400,12.08,12.27,11.995,12.215,5.7198e+06
VALE,1152106200,12.025,12.025,11.635,11.785,1.10606e+07
VALE,1152192600,11.825,12,11.745,11.85,8.729e+06
VALE,1152279000,11.765,11.885,11.625,11.685,8.9148e+06
VALE,1152538200,11.775,11.83,11.6,11.725,7.0654e+06
VALE,1152624600,11.675,11.75,11.43,11.73,1.22e+07
VALE,1152711000,11.78,11.865,11.5,11.54,9.1598e+06
VALE,1152797400,11.4,11.4,11.065,11.19,1.1956e+07
VALE,1152883800,11.19,11.25,10.95,11.155,9.8248e+06
VALE,1153143000,10.96,11.14,10.78,10.875,1.33614e+07
VALE,1153229400,11,11.1,10.695,10.95,1.22778e+07
VALE,1153315800,11.01,11.695,10.99,11.625,1.38628e+07
VALE,1153402200,11.625,11.635,11.1,11.175,1.51684e+07
VALE,1153488600,11.205,11.275,10.625,10.735,1.84326e+07
VALE,1153747800,10.86,11.105,10.765,11.07,1.15668e+07
VALE,1153834200,11.225,11.37,11,11.315,9.318e+06
VALE,1153920600,11.295,11.425,11.11,11.325,6.3818e+06
VALE,1154007000,11.475,11.645,11.36,11.415,9.787e+06
VALE,1154093400,11.52,11.935,11.42,11.83,1.13502e+07
VALE,1154352600,11.825,11.83,11.535,11.6,1.01192e+07
VALE,1154439000,11.545,11.56,11.26,11.54,9.1048e+06
VALE,1154525400,11.65,11.94,11.625,11.745,1.0098e+07
VALE,1154611800,11.745,12.065,11.68,11.865,1.5305e+07
VALE,1154698200,12.075,12.23,11.915,12.025,1.6446e+07
VALE,1154957400,12.02,12.04,11.775,11.825,9.512e+06
VALE,1155043800,11.875,11.93,11.67,11.74,1.0314e+07
VALE,1155130200,11.78,11.87,11.425,11.505,1.18218e+07
VALE,1155216600,11.505,11.52,11.25,11.445,1.71936e+07
VALE,1155303000,11.26,11.42,11.155,11.205,1.53926e+07
VALE,1155562200,11.205,11.325,10.955,11.005,1.68994e+07
VALE,1155648600,11.01,11.165,10.88,10.91,2.18518e+07
VALE,1155735000,11.05,11.3,11.005,11.17,2.82466e+07
VALE,1155821400,11.295,11.465,11.215,11.3,1.7671e+07
VALE,1155907800,11.325,11.38,11.165,11.28,1.08876e+07
VALE,1156167000,11.225,11.3,11.05,11.13,1.09022e+07
VALE,1156253400,11.13,11.175,10.775,10.905,1.2757e+07
VALE,1156339800,10.78,10.82,10.375,10.445,2.05042e+07
VALE,1156426200,10.51,10.525,10.245,10.475,1.79372e+07
VALE,1156512600,10.5,10.595,10.39,10.45,1.17486e+07
VALE,1156771800,10.45,10.74,10.405,10.64,1.44074e+07
VALE,1156858200,10.795,10.795,10.515,10.675,1.3319e+07
VALE,1156944600,10.74,10.825,10.625,10.7,1.00246e+07
VALE,1157031000,10.755,10.895,10.675,10.72,1.11396e+07
VALE,1157117400,10.75,11.16,10.75,11.13,1.26302e+07
VALE,1157463000,11.3,11.46,11.235,11.435,1.37038e+07
VALE,1157549400,11.26,11.32,11.035,11.065,6.8858e+06
VALE,1157635800,10.885,11.07,10.8,10.865,7.8494e+06
VALE,1157722200,10.87,10.975,10.81,10.835,6.8354e+06
VALE,1157981400,10.455,10.53,10.175,10.2,2.15756e+07
VALE,1158067800,10.4,10.41,10.01,10.215,1.58992e+07
VALE,1158154200,10.32,10.625,10.19,10.525,1.51744e+07
VALE,1158240600,10.6,10.695,10.375,10.4,1.34676e+07
VALE,1158327000,10.45,10.54,10.31,10.425,6.758e+06
VALE,1158586200,10.45,10.62,10.36,10.485,9.4406e+06
VALE,1158672600,10.545,10.545,10.13,10.27,9.2902e+06
VALE,1158759000,10.27,10.4,9.99,10.02,1.48102e+07
VALE,1158845400,9.95,10.295,9.95,10.14,1.6156e+07
VALE,1158931800,10.14,10.17,9.91,10.02,1.38914e+07
VALE,1159191000,9.81,9.925,9.58,9.88,2.07186e+07
VALE,1159277400,9.885,10.39,9.885,10.31,2.10418e+07
VALE,1159363800,10.485,10.63,10.42,10.555,1.4841e+07
VALE,1159450200,10.675,10.725,10.58,10.665,1.14216e+07
VALE,1159536600,10.67,10.91,10.57,10.78,1.0758e+07
VALE,1159795800,10.935,11.03,10.86,10.915,1.0924e+07
VALE,1159882200,10.775,10.835,10.415,10.45,1.50226e+07
VALE,1159968600,10.39,10.87,10.34,10.87,1.8126e+07
VALE,1160055000,10.985,11.27,10.95,11.125,1.75586e+07
VALE,1160141400,11.12,11.175,10.975,11.105,1.17496e+07
VALE,1160400600,11.2,11.585,11.2,11.41,1.40084e+07
VALE,1160487000,11.415,11.625,11.415,11.6,1.2688e+07
VALE,1160573400,11.525,11.81,11.4,11.695,1.52608e+07
VALE,1160659800,11.7,12.075,11.7,11.96,1.5491e+07
VALE,1160746200,11.965,12.1,11.85,11.925,1.29914e+07
VALE,1161005400,12.015,12.245,11.955,12.19,1.8602e+07
VALE,1161091800,11.9,12.04,11.87,11.945,1.80668e+07
VALE,1161178200,12.125,12.245,11.92,12.025,1.78248e+07
VALE,1161264600,11.825,12.27,11.825,12.22,1.46378e+07
VALE,1161351000,12.06,12.19,11.965,12,1.31576e+07
VALE,1161610200,11.95,12.19,11.83,12.14,8.2582e+06
VALE,1161696600,12.18,12.685,12.125,12.685,2.11652e+07
VALE,1161783000,12.65,12.96,12.53,12.915,1.92438e+07
VALE,1161869400,12.87,12.925,12.47,12.885,1.5265e+07
VALE,1161955800,12.725,12.94,12.66,12.76,1.11308e+07
VALE,1162218600,12.625,12.66,12.455,12.46,1.27426e+07
VALE,1162305000,12.555,12.74,12.505,12.72,8.6114e+06
VALE,1162391400,13,13.145,12.905,13.015,2.35128e+07
VALE,1162477800,13.05,13.155,12.825,13.07,1.261e+07
VALE,1162564200,13.25,13.34,13.135,13.225,8.9382e+06
VALE,1162823400,13.275,13.595,13.255,13.55,1.39616e+07
VALE,1162909800,13.505,13.565,13.31,13.385,1.36004e+07
VALE,1162996200,13.19,13.455,13.16,13.455,1.04944e+07
VALE,1163082600,13.7,14.145,13.645,13.725,2.75556e+07
VALE,1163169000,13.725,13.775,13.38,13.42,1.22756e+07
VALE,1163428200,13,13.145,12.9,13.09,1.70856e+07
VALE,1163514600,13.325,13.39,13.04,13.245,1.25578e+07
VALE,1163601000,13.125,13.615,13.07,13.48,1.10302e+07
VALE,1163687400,13.54,13.585,13.075,13.105,1.0374e+07
VALE,1163773800,12.855,13.065,12.725,13.025,1.36342e+07
VALE,1164033000,13.25,13.325,12.885,13.02,9.1234e+06
VALE,1164119400,13.225,13.53,13.145,13.515,1.7397e+07
VALE,1164205800,13.525,13.625,13.22,13.49,9.3904e+06
VALE,1164378600,13.275,13.6,13.275,13.575,4.002e+06
VALE,1164637800,13.505,13.625,13.19,13.35,1.4128e+07
VALE,1164724200,13.22,13.46,13.11,13.43,9.196e+06
VALE,1164810600,13.5,13.89,13.49,13.805,1.14794e+07
VALE,1164897000,13.755,13.91,13.555,13.88,1.00216e+07
VALE,1164983400,13.975,14,13.535,13.79,1.22876e+07
VALE,1165242600,13.7,14.315,13.63,14.29,1.43048e+07
VALE,1165329000,14.37,14.9,14.355,14.895,2.48126e+07
VALE,1165415400,14.745,14.82,14.6,14.77,1.3428e+07
VALE,1165501800,14.67,14.86,14.535,14.57,1.18808e+07
VALE,1165588200,14.405,14.695,14.325,14.63,1.29316e+07
VALE,1165847400,14.63,14.825,14.53,14.735,8.208e+06
VALE,1165933800,14.65,14.665,14.33,14.54,1.43548e+07
VALE,1166020200,14.655,14.655,14.38,14.555,1.10648e+07
VALE,1166106600,14.695,15.015,14.695,15.015,1.20006e+07
VALE,1166193000,15.015,15.05,14.855,14.96,1.03266e+07
VALE,1166452200,14.905,14.995,14.535,14.55,1.1355e+07
VALE,1166538600,13.5,14.765,13.5,14.765,1.33412e+07
VALE,1166625000,14.73,14.73,14.45,14.53,1.13182e+07
VALE,1166711400,14.735,14.795,14.34,14.59,1.7822e+07
VALE,1166797800,14.745,14.745,14.43,14.61,5.2134e+06
VALE,1167143400,14.65,14.775,14.56,14.73,3.8352e+06
VALE,1167229800,14.8,15.2,14.72,15.17,6.4016e+06
VALE,1167316200,15.225,15.23,14.94,14.97,6.1266e+06
VALE,1167402600,15,15.05,14.72,14.87,4.9844e+06
VALE,1167834600,15.07,15.61,14.305,14.41,1.9475e+07
VALE,1167921000,14.32,14.32,14.015,14.235,2.0641e+07
VALE,1168007400,14.235,14.24,13.555,13.755,2.01876e+07
VALE,1168266600,13.845,14.285,13.795,14.235,2.1989e+07
VALE,1168353000,14.205,14.205,13.53,13.82,2.13376e+07
VALE,1168439400,13.625,14.355,13.565,14.19,1.8589e+07
VALE,1168525800,14.29,14.74,14.195,14.43,1.45842e+07
VALE,1168612200,14.485,14.875,14.455,14.85,1.29978e+07
VALE,1168957800,14.68,14.845,14.62,14.675,9.092e+06
VALE,1169044200,14.675,14.875,14.405,14.79,1.27178e+07
VALE,1169130600,14.99,15.025,14.615,14.73,1.38142e+07
VALE,1169217000,14.755,15.19,14.7,15.06,1.54012e+07
VALE,1169476200,15.23,15.395,15.12,15.31,1.29772e+07
VALE,1169562600,15.575,16.465,15.555,16.405,3.77418e+07
VALE,1169649000,16.49,16.855,16.255,16.73,2.31452e+07
VALE,1169735400,16.835,16.94,16.315,16.375,2.22074e+07
VALE,1169821800,16.49,16.55,16.25,16.5,1.57698e+07
VALE,1170081000,16.33,16.515,16.2,16.225,1.29596e+07
VALE,1170167400,16.31,16.4,16.03,16.305,1.6388e+07
VALE,1170253800,16.4,17,16.34,16.965,1.50946e+07
VALE,1170340200,17.165,17.335,16.965,17.05,1.83336e+07
VALE,1170426600,17,17.01,16.69,17.01,1.4202e+07
VALE,1170685800,16.995,17.06,16.735,17.01,1.09936e+07
VALE,1170772200,17.085,17.43,17.07,17.32,1.37832e+07
VALE,1170858600,17.425,17.46,16.83,16.96,1.47728e+07
VALE,1170945000,16.79,16.99,16.485,16.855,1.72788e+07
VALE,1171031400,16.775,17.075,16.515,16.635,1.11546e+07
VALE,1171290600,16.685,16.775,16.375,16.49,1.31062e+07
VALE,1171377000,16.75,17.565,16.65,17.49,1.9295e+07
VALE,1171463400,17.575,18.34,17.535,17.89,2.69876e+07
VALE,1171549800,18.175,18.175,17.95,18.06,1.4962e+07
VALE,1171636200,17.98,18.06,17.865,17.95,1.11622e+07
VALE,1171981800,17.95,18.235,17.6,18.175,1.26726e+07
VALE,1172068200,18.01,18.565,17.85,18.51,1.9849e+07
VALE,1172154600,18.745,19.025,18.335,18.55,2.28356e+07
VALE,1172241000,18.57,18.585,18.11,18.345,1.84574e+07
VALE,1172500200,18.53,18.605,18.285,18.445,1.14652e+07
VALE,1172586600,17.285,17.625,15.79,16.505,4.74794e+07
VALE,1172673000,17.025,17.22,16.565,17.05,3.50374e+07
VALE,1172759400,16.385,17,16.25,16.75,3.70862e+07
VALE,1172845800,16.705,16.82,16.16,16.35,2.36154e+07
VALE,1173105000,15.695,16.31,15.565,15.925,2.6879e+07
VALE,1173191400,16.505,17.11,16.435,17.065,2.7291e+07
VALE,1173277800,17.275,17.43,17.01,17.135,2.57634e+07
VALE,1173364200,17.315,17.71,16.92,17.145,2.85802e+07
VALE,1173450600,17.475,17.65,17.16,17.48,1.58368e+07
VALE,1173706200,17.635,18.04,17.425,17.82,2.07944e+07
VALE,1173792600,17.65,17.915,17.01,17.085,2.41832e+07
VALE,1173879000,17.005,17.55,16.69,17.54,3.15578e+07
VALE,1173965400,17.63,18.135,17.57,17.96,2.77208e+07
VALE,1174051800,18.145,18.185,17.55,17.73,2.5426e+07
VALE,1174311000,18.1,18.255,17.845,18.225,1.61486e+07
VALE,1174397400,18.25,18.41,17.99,18.195,1.92974e+07
VALE,1174483800,18.32,21.96,17.87,18.555,2.15094e+07
VALE,1174570200,18.555,18.71,18.38,18.475,2.1683e+07
VALE,1174656600,18.375,18.575,18.285,18.49,1.41994e+07
VALE,1174915800,18.6,18.82,18.38,18.8,1.62942e+07
VALE,1175002200,18.625,18.665,18.44,18.505,9.4948e+06
VALE,1175088600,18.28,18.475,17.855,18.01,1.74518e+07
VALE,1175175000,18.23,18.545,18.05,18.51,1.63016e+07
VALE,1175261400,18.48,18.59,18.175,18.495,1.43382e+07
VALE,1175520600,18.55,18.72,18.435,18.685,9.893e+06
VALE,1175607000,19.105,19.455,18.9,19.39,2.09894e+07
VALE,1175693400,19.51,19.9,19.445,19.87,2.41548e+07
VALE,1175779800,19.84,20.06,19.68,19.875,1.89412e+07
VALE,1176125400,20.175,20.245,20.015,20.03,1.5482e+07
VALE,1176211800,20.09,20.2,19.98,20.15,1.17566e+07
VALE,1176298200,20.3,20.6,20.025,20.115,2.3257e+07
VALE,1176384600,20.065,20.465,19.885,20.46,1.60846e+07
VALE,1176471000,20.65,20.665,20.36,20.625,1.58642e+07
VALE,1176730200,20.96,20.985,20.815,20.95,1.54012e+07
VALE,1176816600,20.855,21.16,20.75,20.89,1.55536e+07
VALE,1176903000,20.755,20.935,20.53,20.745,1.92262e+07
VALE,1176989400,20.305,20.56,20.1,20.54,1.74846e+07
VALE,1177075800,21,21.03,20.82,20.88,1.36602e+07
VALE,1177335000,20.96,21.345,20.88,20.995,1.45866e+07
VALE,1177421400,21.065,21.18,20.685,20.93,1.18682e+07
VALE,1177507800,21.135,21.395,20.895,21.215,1.56534e+07
VALE,1177594200,21.105,21.105,20.675,20.745,1.48048e+07
VALE,1177680600,19.95,20.675,19.935,20.355,1.92744e+07
VALE,1177939800,20.665,20.88,20.265,20.305,1.0269e+07
VALE,1178026200,20.58,20.715,19.92,20.135,1.45856e+07
VALE,1178112600,20.375,21.02,20.375,20.83,1.49304e+07
VALE,1178199000,21.16,21.41,20.98,21.385,1.39214e+07
VALE,1178285400,21.495,22.165,21.465,21.94,2.72976e+07
VALE,1178544600,22.075,22.14,21.575,21.725,1.78328e+07
VALE,1178631000,21.45,21.545,21.145,21.465,1.46546e+07
VALE,1178717400,21.625,22.395,21.565,22.355,2.6524e+07
VALE,1178803800,22.225,22.3,21.4,21.705,2.66298e+07
VALE,1178890200,22.035,22.415,22.005,22.27,1.6616e+07
VALE,1179149400,22.3,22.45,21.65,21.86,1.692e+07
VALE,1179235800,21.925,22.34,21.84,22.07,2.26552e+07
VALE,1179322200,22.425,22.7,21.995,22.695,2.51616e+07
VALE,1179408600,22.45,22.625,22.03,22.48,2.04494e+07
VALE,1179495000,22.48,22.6,22.19,22.545,1.35902e+07
VALE,1179754200,22.74,22.79,22.51,22.54,1.53376e+07
VALE,1179840600,22.55,22.65,22.205,22.26,1.43642e+07
VALE,1179927000,22.425,22.725,21.89,21.97,2.32194e+07
VALE,1180013400,21.755,22.18,20.855,21.065,2.74788e+07
VALE,1180099800,21.505,21.84,21.445,21.69,1.89774e+07
VALE,1180445400,22.1,22.25,21.51,21.7,1.42154e+07
VALE,1180531800,21.28,22.395,21.2,22.315,1.8151e+07
VALE,1180618200,22.625,22.89,22.45,22.725,1.8444e+07
VALE,1180704600,22.97,23.51,22.845,23.51,1.6866e+07
VALE,1180963800,23.24,23.55,23.15,23.55,1.26216e+07
VALE,1181050200,23.345,23.45,22.95,23.15,1.63162e+07
VALE,1181136600,22.905,22.92,22.335,22.56,1.81318e+07
VALE,1181223000,22.49,22.675,21.395,21.575,2.59902e+07
VALE,1181309400,21.905,22.26,21.55,22.21,2.32922e+07
VALE,1181568600,22.305,22.57,21.99,22.425,1.74488e+07
VALE,1181655000,22.35,22.35,21.625,21.69,2.02696e+07
VALE,1181741400,21.925,22.415,21.84,22.385,2.28726e+07
VALE,1181827800,22.605,23.125,22.6,22.885,2.05034e+07
VALE,1181914200,23.31,23.55,23.31,23.475,2.1144e+07
VALE,1182173400,23.655,23.855,23.41,23.775,1.82766e+07
VALE,1182259800,23.575,23.615,22.895,22.9,4.042e+07
VALE,1182346200,23.15,23.18,22.475,22.5,3.90224e+07
VALE,1182432600,22.51,23.045,22.2,23.005,2.94356e+07
VALE,1182519000,22.96,22.98,22.355,22.585,1.88242e+07
VALE,1182778200,22.61,22.83,22.04,22.16,2.21884e+07
VALE,1182864600,22.495,22.55,21.65,21.82,2.69066e+07
VALE,1182951000,21.49,22.21,21.27,22.2,2.36682e+07
VALE,1183037400,22.3,22.415,21.965,22.005,1.73924e+07
VALE,1183123800,22.075,22.37,22.04,22.275,1.81326e+07
VALE,1183383000,22.5,23.145,22.5,23.145,1.92772e+07
VALE,1183469400,23.225,23.3,23.025,23.2,9.3024e+06
VALE,1183642200,23.535,23.79,23.315,23.735,1.87316e+07
VALE,1183728600,23.855,24.22,23.74,24.015,1.92368e+07
VALE,1183987800,24.135,24.5,24.035,24.29,1.61084e+07
VALE,1184074200,23.81,24.21,23.615,23.935,2.09208e+07
VALE,1184160600,23.85,24.74,23.845,24.685,2.3012e+07
VALE,1184247000,25.23,26.255,25.185,26.145,4.82064e+07
VALE,1184333400,26.325,26.33,25.495,25.97,2.30726e+07
VALE,1184592600,25.81,25.85,25.17,25.38,2.00654e+07
VALE,1184679000,25.45,25.6,25.225,25.525,1.7411e+07
VALE,1184765400,25.375,25.625,25.1,25.605,1.68498e+07
VALE,1184851800,26.015,26.155,25.81,25.905,2.02232e+07
VALE,1184938200,25.75,25.89,25.36,25.485,1.77296e+07
VALE,1185197400,25.885,26.59,25.63,26.55,1.97142e+07
VALE,1185283800,26.225,26.3,25.035,25.37,2.41884e+07
VALE,1185370200,25.575,25.75,24.16,25.01,3.2941e+07
VALE,1185456600,23.995,24.37,22.62,23.725,4.65928e+07
VALE,1185543000,24.26,24.27,23.095,23.57,4.00568e+07
VALE,1185802200,24.055,24.525,23.8,24.275,2.40342e+07
VALE,1185888600,25.08,25.19,24.31,24.505,2.9313e+07
VALE,1185975000,24.1,24.725,23.705,24.245,3.43966e+07
VALE,1186061400,24.645,24.735,24.11,24.55,2.16652e+07
VALE,1186147800,24.425,24.5,23.17,23.38,2.62584e+07
VALE,1186407000,22.815,23.4,22.005,23.275,4.0614e+07
VALE,1186493400,23.09,23.92,22.85,23.62,2.5208e+07
VALE,1186579800,24.115,24.695,24.03,24.5,2.95782e+07
VALE,1186666200,23.3,23.975,23.04,23.44,3.40706e+07
VALE,1186752600,22.305,22.76,21.845,22.67,4.08494e+07
VALE,1187011800,23.055,23.245,22.545,22.8,2.2098e+07
VALE,1187098200,22.5,22.69,21.2,21.235,3.79656e+07
VALE,1187184600,20.63,21.135,19.545,19.805,5.5074e+07
VALE,1187271000,18.2,19.42,17,19.105,1.005966e+08
VALE,1187357400,20.33,20.56,19.01,20.05,5.51872e+07
VALE,1187616600,20.51,20.75,19.52,20.16,3.23678e+07
VALE,1187703000,19.86,20.725,19.72,20.37,1.7782e+07
VALE,1187789400,21.37,22.2,21.25,22.14,4.00212e+07
VALE,1187875800,22.61,22.945,21.86,22.51,4.24808e+07
VALE,1187962200,22.52,24.1,22.235,23.765,3.14488e+07
VALE,1188221400,23.75,24.64,23.515,24.16,2.76688e+07
VALE,1188307800,23.825,23.9,22.375,22.52,3.615e+07
VALE,1188394200,23.08,24.06,23.015,23.965,2.6747e+07
VALE,1188480600,23.5,24.685,23.3,23.985,2.56444e+07
VALE,1188567000,24.75,25,24.375,24.665,3.02966e+07
VALE,1188912600,24.65,25.85,24.65,25.55,2.4967e+07
VALE,1188999000,25.07,25.405,24.7,25.07,2.68398e+07
VALE,1189085400,25.44,26.135,25.16,26.04,2.70656e+07
VALE,1189171800,25.165,25.655,24.85,25.34,2.49372e+07
VALE,1189431000,25.505,25.815,24.375,25.2,3.4545e+07
VALE,1189517400,25.775,26.325,25.575,26.2,2.2332e+07
VALE,1189603800,26.2,26.75,26.15,26.525,2.50276e+07
VALE,1189690200,26.99,27.88,26.83,27.5,2.06904e+07
VALE,1189776600,27.48,27.75,26.8,27.25,1.98298e+07
VALE,1190035800,26.78,27.1,26.66,26.92,1.29305e+07
VALE,1190122200,27.66,29.7,27.49,29.6,2.9404e+07
VALE,1190208600,30.51,30.73,29.37,29.81,3.15297e+07
VALE,1190295000,29.89,30.35,29.58,29.85,1.98214e+07
VALE,1190381400,30.45,30.6,30.09,30.45,1.55129e+07
VALE,1190640600,31.21,31.82,30.83,31.76,2.11339e+07
VALE,1190727000,31.18,32.04,30.82,32.04,1.83956e+07
VALE,1190813400,32.76,33.08,32.15,32.98,2.35111e+07
VALE,1190899800,33.22,34.27,32.92,33.98,2.27598e+07
VALE,1190986200,34.6,34.61,33.5,33.93,2.69091e+07
VALE,1191245400,34.43,36.15,34.3,36.14,2.96305e+07
VALE,1191331800,36.22,36.22,34.55,35.45,3.35961e+07
VALE,1191418200,34.71,34.95,32.21,32.3,4.83173e+07
VALE,1191504600,32.68,33.46,31.52,32.05,3.9607e+07
VALE,1191591000,32.96,34.18,32.65,33.56,2.74356e+07
VALE,1191850200,33,33.4,32.42,33.27,1.92338e+07
VALE,1191936600,33.42,34.78,33.41,34.35,2.2812e+07
VALE,1192023000,34.49,35.11,33.89,34.25,2.51657e+07
VALE,1192109400,35,35.6,33.2,34.1,2.96184e+07
VALE,1192195800,33.95,36.05,33.71,35.92,2.09701e+07
VALE,1192455000,35.54,36,34.6,35.2,1.91786e+07
VALE,1192541400,34.58,34.68,33.45,34.23,2.36849e+07
VALE,1192627800,34.92,35.08,33.8,34.66,2.52294e+07
VALE,1192714200,34.2,35.5,34.16,35.49,1.55695e+07
VALE,1192800600,35.44,35.45,32.86,33.26,2.73641e+07
VALE,1193059800,31.97,33.03,31,32.73,3.04796e+07
VALE,1193146200,33.64,33.98,33.11,33.96,2.08837e+07
VALE,1193232600,33.52,33.68,32.21,32.82,3.06412e+07
VALE,1193319000,33.38,33.89,32.83,33.49,2.2233e+07
VALE,1193405400,34.62,35.85,34.25,35.5,2.46483e+07
VALE,1193664600,36.29,37.66,36.16,37.17,2.40136e+07
VALE,1193751000,36.81,37.27,36.36,36.47,2.35836e+07
VALE,1193837400,37.3,38.29,36.58,37.68,2.53473e+07
VALE,1193923800,36.8,37.18,36,36.43,2.78498e+07
VALE,1194010200,37,37.18,35.51,36.38,2.00423e+07
VALE,1194273000,35.2,35.84,34.79,35.54,2.10604e+07
VALE,1194359400,36.64,37.82,36.4,37.75,2.2073e+07
VALE,1194445800,37.38,37.65,35.69,35.84,2.1818e+07
VALE,1194532200,37.76,38.32,35.23,36.96,3.76544e+07
VALE,1194618600,36.12,37.25,35.59,35.7,2.73578e+07
VALE,1194877800,35.75,35.77,32.59,32.85,3.30368e+07
VALE,1194964200,34,35.32,33.59,35.26,2.42555e+07
VALE,1195050600,36.3,36.87,35.16,35.73,2.22883e+07
VALE,1195137000,35.71,35.71,33.66,34.5,2.03326e+07
VALE,1195223400,35.71,36.04,34.78,35.4,2.23954e+07
VALE,1195482600,35.21,35.26,33.25,33.64,2.84564e+07
VALE,1195569000,34.02,34.94,32.46,33.64,2.51631e+07
VALE,1195655400,32.63,32.85,31.08,32.43,3.14111e+07
VALE,1195828200,33,33.19,32.4,32.56,1.22755e+07
VALE,1196087400,32.97,33.6,30.1,31,3.62985e+07
VALE,1196173800,31.15,31.9,29.9,31.2,3.16588e+07
VALE,1196260200,32.58,34,32.58,33.97,2.68287e+07
VALE,1196346600,34.41,35.35,33.71,34.36,2.58957e+07
VALE,1196433000,35.95,35.95,34.3,34.58,2.11794e+07
VALE,1196692200,34.81,35.03,34.2,34.9,1.35717e+07
VALE,1196778600,34.24,34.72,34,34.42,1.30006e+07
VALE,1196865000,35.42,35.84,35.01,35.55,2.18286e+07
VALE,1196951400,35.6,36.84,35.35,36.52,2.06133e+07
VALE,1197037800,36.57,36.62,35.88,36.5,1.57217e+07
VALE,1197297000,36.03,36.52,35.72,36.18,1.45208e+07
VALE,1197383400,36.3,36.77,34.21,34.38,2.32608e+07
VALE,1197469800,35.9,36.2,34.07,34.9,2.11438e+07
VALE,1197556200,33.93,34.15,32.8,33.59,2.88548e+07
VALE,1197642600,32.48,33.1,32.43,32.9,2.58307e+07
VALE,1197901800,32.14,32.14,30.56,31.06,2.30942e+07
VALE,1197988200,32.06,32.45,30.62,31.77,2.08662e+07
VALE,1198074600,32.08,32.5,31.77,31.93,1.3327e+07
VALE,1198161000,32.88,33.02,32.13,32.46,1.6844e+07
VALE,1198247400,33.06,33.64,32.95,33.3,1.53353e+07
VALE,1198506600,33.77,34.16,33.51,33.88,4.4192e+06
VALE,1198679400,33.87,34.49,33.41,34.26,8.2407e+06
VALE,1198765800,34.04,34.37,33.51,33.61,1.04893e+07
VALE,1198852200,33.77,34.04,33.36,33.38,8.6457e+06
VALE,1199111400,33.03,33.04,32.42,32.67,7.9358e+06
VALE,1199284200,33.38,33.45,32.45,32.71,1.23073e+07
VALE,1199370600,33.04,33.55,32.8,33.09,1.05421e+07
VALE,1199457000,32.5,32.71,31.4,31.76,2.14637e+07
VALE,1199716200,31.66,32.07,30.1,31.53,2.86444e+07
VALE,1199802600,32.07,32.63,30.87,31.23,2.28183e+07
VALE,1199889000,31.42,31.8,30.63,31.4,2.94983e+07
VALE,1199975400,32.03,33.17,31,32.56,2.97038e+07
VALE,1200061800,32.24,32.54,31.55,32,2.02815e+07
VALE,1200321000,32.11,32.76,31.96,32.3,1.67757e+07
VALE,1200407400,31.57,32.02,30.51,31.05,2.66258e+07
VALE,1200493800,30.21,30.49,28.02,29,5.01444e+07
VALE,1200580200,30,30.2,27.7,28.29,4.4157e+07
VALE,1200666600,29.22,29.46,27.7,28.83,3.74091e+07
VALE,1201012200,25.68,27.53,25.2,26.85,6.0436e+07
VALE,1201098600,25.64,27.12,24,26.57,5.48411e+07
VALE,1201185000,27.4,28.61,27.03,28.32,3.97909e+07
VALE,1201271400,29.18,29.43,27.3,27.71,2.70614e+07
VALE,1201530600,27.35,28.28,26.44,27.8,2.75637e+07
VALE,1201617000,28.81,29.31,28.1,28.71,2.23932e+07
VALE,1201703400,28.79,30,28.23,29.15,2.80284e+07
VALE,1201789800,28.2,30.41,27.65,30.01,3.32074e+07
VALE,1201876200,30.79,31.77,30.6,31.63,3.47753e+07
VALE,1202135400,31.92,32.25,30.91,31.31,1.65393e+07
VALE,1202221800,31,31.21,29.54,29.69,2.40713e+07
VALE,1202308200,30.5,31.2,29.8,29.96,2.38846e+07
VALE,1202394600,29.75,30.47,29.05,29.88,3.13155e+07
VALE,1202481000,29.97,30.78,29.85,30.35,1.91984e+07
VALE,1202740200,30.83,32.25,30.34,31.91,2.26539e+07
VALE,1202826600,32.7,33.22,31.41,32,2.88496e+07
VALE,1202913000,32.5,32.79,31.75,32.68,2.20454e+07
VALE,1202999400,32.95,32.98,32.15,32.21,1.92951e+07
VALE,1203085800,31.63,32.03,31.01,32.03,1.95629e+07
VALE,1203431400,33.95,34.37,33.35,33.5,3.22787e+07
VALE,1203517800,32.95,35.05,32.76,35.05,3.04657e+07
VALE,1203604200,35.69,35.79,34.53,34.79,2.2019e+07
VALE,1203690600,35.48,35.63,34.21,35.63,2.17033e+07
VALE,1203949800,35.54,35.95,35.12,35.72,1.95289e+07
VALE,1204036200,35.51,36.41,35.29,36.21,1.95873e+07
VALE,1204122600,36.09,36.88,35.93,36.65,2.15024e+07
VALE,1204209000,36.41,37.54,36.41,37.22,2.22743e+07
VALE,1204295400,36.76,36.84,34.54,34.84,3.12018e+07
VALE,1204554600,34.51,35.29,33.93,35,2.49672e+07
VALE,1204641000,34.6,35.25,33.35,33.96,2.52945e+07
VALE,1204727400,34.74,35.62,34.42,35.41,1.97208e+07
VALE,1204813800,35.41,35.56,33.95,34.11,2.17768e+07
VALE,1204900200,33.35,34.1,32.98,33.14,1.96197e+07
VALE,1205155800,33.14,33.14,31.39,31.67,2.40809e+07
VALE,1205242200,32.86,33.6,32.12,33.55,2.32029e+07
VALE,1205328600,33.94,34.78,33.7,34.23,2.21736e+07
VALE,1205415000,33.21,34.45,32.51,34.18,2.39101e+07
VALE,1205501400,34.98,35.06,33,33.82,2.80763e+07
VALE,1205760600,32,33.31,31.45,32.16,3.10972e+07
VALE,1205847000,33.2,33.9,32.52,33.82,2.22257e+07
VALE,1205933400,33.49,33.57,31,31.05,3.31656e+07
VALE,1206019800,30.25,31.03,29.62,30.83,3.31097e+07
VALE,1206365400,31.26,32.42,31.25,31.75,2.31379e+07
VALE,1206451800,32.53,33.24,32.1,33.01,2.63269e+07
VALE,1206538200,34.57,34.81,33.9,34.68,3.45554e+07
VALE,1206624600,35.09,35.22,34.19,34.29,2.42402e+07
VALE,1206711000,34.36,34.51,33.63,34.15,1.81506e+07
VALE,1206970200,34.07,34.94,34.01,34.64,1.95051e+07
VALE,1207056600,34.6,35.55,34.16,35.42,2.21652e+07
VALE,1207143000,35.52,35.81,34.8,35.6,2.11818e+07
VALE,1207229400,35.08,36.35,35.06,35.95,2.38769e+07
VALE,1207315800,35.96,36.95,35.8,36.67,2.79746e+07
VALE,1207575000,37.13,38.46,36.33,36.77,3.35025e+07
VALE,1207661400,36.39,37.73,35.98,37.13,2.57732e+07
VALE,1207747800,37.24,37.29,36.09,36.65,1.92768e+07
VALE,1207834200,36.43,36.5,35.53,36.36,1.84871e+07
VALE,1207920600,35.69,36.44,35.57,35.82,1.7105e+07
VALE,1208179800,35.4,35.68,34.93,35.41,1.42381e+07
VALE,1208266200,35.76,36.3,35.66,36.08,1.55289e+07
VALE,1208352600,36.94,37.99,36.69,37.88,2.59753e+07
VALE,1208439000,37.42,38.15,37.17,37.98,1.91328e+07
VALE,1208525400,37.6,38,37.04,37.93,2.05655e+07
VALE,1208784600,38.08,39.72,38,39.25,1.99331e+07
VALE,1208871000,38.78,40.38,38.75,39.57,3.2659e+07
VALE,1208957400,39.47,39.8,38.77,39.23,2.07871e+07
VALE,1209043800,39,39,37.33,37.33,2.87797e+07
VALE,1209130200,37.25,38,36.71,37.92,2.97878e+07
VALE,1209389400,37.97,38.48,37.78,38.02,1.51329e+07
VALE,1209475800,37.57,37.57,36.63,36.84,1.74743e+07
VALE,1209562200,37.15,39.54,36.83,39.08,3.01993e+07
VALE,1209648600,39.06,39.9,37.51,38.27,2.39358e+07
VALE,1209735000,39.93,40.04,39.3,39.91,2.60749e+07
VALE,1209994200,39.7,40.6,39.7,40.31,1.81056e+07
VALE,1210080600,40.08,41.02,39.9,40.9,1.87477e+07
VALE,1210167000,40.83,41.05,38.92,39.06,2.48345e+07
VALE,1210253400,39.6,40.18,39.4,40.01,2.02435e+07
VALE,1210339800,39.58,39.69,38.95,39.58,1.68788e+07
VALE,1210599000,39.8,40.66,39.23,40.58,1.64433e+07
VALE,1210685400,40.78,41.11,40.26,40.91,1.43718e+07
VALE,1210771800,41.09,41.96,40.32,40.5,2.3833e+07
VALE,1210858200,40.85,42.2,40.85,42.2,2.26391e+07
VALE,1210944600,42.8,43.93,42.6,43.91,2.12822e+07
VALE,1211203800,44.14,44.15,43.04,43.46,2.18338e+07
VALE,1211290200,42.6,43.5,41.78,43.37,2.47577e+07
VALE,1211376600,43.3,43.47,41.7,41.78,2.51851e+07
VALE,1211463000,42.27,42.95,41.08,41.44,1.74865e+07
VALE,1211549400,41.4,41.47,40.5,41.01,2.08599e+07
VALE,1211895000,40.64,40.64,39.06,39.64,2.5818e+07
VALE,1211981400,39.73,40.87,38.88,40.66,2.92076e+07
VALE,1212067800,40.65,40.79,39.32,39.56,2.89523e+07
VALE,1212154200,39.75,40.9,39.56,39.78,2.18048e+07
VALE,1212413400,39.79,40.8,39.52,39.93,2.22661e+07
VALE,1212499800,39.85,39.85,38.01,38.52,3.07576e+07
VALE,1212586200,37.9,38.23,37.05,37.23,2.6497e+07
VALE,1212672600,37.6,38.76,37.4,38.71,2.77938e+07
VALE,1212759000,38.85,38.9,37.3,37.44,2.87344e+07
VALE,1213018200,37.45,37.48,35.98,36.82,3.40229e+07
VALE,1213104600,35.66,36.08,34.18,35.25,4.59085e+07
VALE,1213191000,34.86,35.29,34.32,34.44,3.74254e+07
VALE,1213277400,34.95,35.19,34.13,34.52,3.42604e+07
VALE,1213363800,34.76,35.09,34.06,34.57,3.30302e+07
VALE,1213623000,34.28,35.26,34,34.84,2.05318e+07
VALE,1213709400,35.8,36.58,35.54,36.18,3.10791e+07
VALE,1213795800,36.17,36.53,35.62,36.03,2.47237e+07
VALE,1213882200,36.37,36.51,35.62,36.08,2.2027e+07
VALE,1213968600,35.9,36.04,34.66,34.81,2.48525e+07
VALE,1214227800,34.96,35.41,34.26,35.06,2.30657e+07
VALE,1214314200,34.99,36.45,34.71,35.67,2.73087e+07
VALE,1214400600,35.91,37.49,35.59,36.68,2.96431e+07
VALE,1214487000,36.3,36.5,35.08,35.53,3.14098e+07
VALE,1214573400,35.11,35.9,34.91,35.48,1.97087e+07
VALE,1214784000,35.55,36.29,35.55,35.82,1.71976e+07
